type	name	latitude_deg	longitude_deg	icao_code
heliport	Toorghodi Heliport	35.222198	62.2906	OATD
small_airport	Logar Airport	33.9865	69.023102	OALG
small_airport	Afutara Aerodrome	-9.191389	160.948611	AGAF
small_airport	Ulawa Airport	-9.860543583	161.9795465	AGAR
small_airport	Uru Harbour Airport	-8.87333	161.011002	AGAT
small_airport	Barakoma Airport	-7.912779808	156.7059937	AGBA
small_airport	Batuna Aerodrome	-8.562027778	158.1193056	AGBT
small_airport	Geva Airport	-7.575829983	156.5970001	AGEV
small_airport	Gwaunaru'u Airport	-8.70257	160.682007	AGGA
small_airport	Bellona/Anua Airport	-11.30222222	159.7983333	AGGB
small_airport	Choiseul Bay Airport	-6.711944	156.396111	AGGC
small_airport	Ballalae Airport	-6.990745	155.886656	AGGE
small_airport	Fera/Maringe Airport	-8.1075	159.576996	AGGF
large_airport	Honiara International Airport	-9.428	160.054993	AGGH
small_airport	Babanakira Airport	-9.7475	159.839005	AGGI
small_airport	Avu Avu Airport	-9.868333	160.410556	AGGJ
small_airport	Ngorangora Airport	-10.44970036	161.897995	AGGK
small_airport	Santa Cruz/Graciosa Bay/Luova Airport	-10.7203	165.794998	AGGL
medium_airport	Munda Airport	-8.32797	157.263	AGGM
small_airport	Nusatupe Airport	-8.097780228	156.8639984	AGGN
small_airport	Mono Airport	-7.416940212	155.5650024	AGGO
small_airport	Parasi Airport	-9.641670227	161.4250031	AGGP
small_airport	Rennell/Tingoa Airport	-11.55	160.062778	AGGR
small_airport	Sege Airport	-8.57889	157.876007	AGGS
small_airport	Santa Ana Airport	-10.847994	162.454108	AGGT
small_airport	Marau Airport	-9.86166954	160.8249969	AGGU
small_airport	Suavanao Airport	-7.58556	158.731003	AGGV
small_airport	Yandina Airport	-9.092816	159.21841	AGGY
heliport	Isuna Heliport	-9.805809	159.962722	AGIN
small_airport	Kaghau Airport	-7.3305	157.585	AGKG
small_airport	Kukudu Airport	-8.0262	156.94783	AGKU
small_airport	Kwailabesi Airport	-8.360508	160.775127	AGKW
small_airport	Lomlom Airport	-10.296828	166.327322	AGLM
small_airport	Nana Airport	-10.6758	162.2049	AGNA
small_airport	Manaoba Airport	-8.325008	160.80051	AGOB
small_airport	Gatokae Aerodrome	-8.738358	158.202836	AGOK
small_airport	Ringi Cove Airport	-8.126390457	157.1430054	AGRC
small_airport	Ramata Airport	-8.168060303	157.6430054	AGRM
heliport	Tulaghi Heliport	-9.108	160.1491667	AGTI
medium_airport	Nauru International Airport	-0.547458	166.919006	ANYN
heliport	Pöchlarn-Wörth Heliport	48.214386	15.255579	LOAL
heliport	Eisenstadt Heliport	47.84677	16.51345	LOAE
heliport	Baden Hospital Helipad	48.000612	16.255796	LOAF
heliport	Horn Heliport	48.669249	15.660705	LOAH
heliport	Krems University Hospital Helipad	48.412753	15.615224	LOAK
heliport	Wien-Meidling Heliport	48.173743	16.322633	LOAM
small_airport	Packsaddle Airport	-30.29424	142.13758	YPAS
small_airport	Moora Airport	-30.684896	115.982059	YMRO
small_airport	Oakden Hills Airport	-31.66598	137.0361	YOKH
small_airport	Wirraminna Airport	-31.19277	136.21988	YWIR
small_airport	Ama Airport	-4.101111111	141.67	AYAA
small_airport	Mount Aue Airport	-6.229978	144.664181	AYAE
small_airport	Afore Airstrip	-9.13867	148.390701	AYAF
small_airport	Agaun Airport	-9.927715	149.389951	AYAG
small_airport	Aitape Airport	-3.143611	142.346806	AYAI
small_airport	Aiambak Airport	-7.342777778	141.2675	AYAK
small_airport	Amanab Airport	-3.586	141.2143333	AYAM
small_airport	Andakombe Airport	-7.137222222	145.7447222	AYAN
small_airport	Aiome Airport	-5.145699978	144.7307003	AYAO
small_airport	Kompiam Airport	-5.381666667	143.9247222	AYAQ
small_airport	Ambunti Airport	-4.215666667	142.8231667	AYAT
small_airport	Awaba Airport	-8.013414	142.752099	AYAW
small_airport	Aseki Airport	-7.350805	146.193994	AYAX
small_airport	Aiyura Airport	-6.338055556	145.9041667	AYAY
medium_airport	Baimuru Airport	-7.496860027	144.8199005	AYBA
small_airport	Bambu Airport	-5.863611111	146.4925	AYBC
small_airport	Bodinumu Airport	-9.107777778	147.6667222	AYBD
small_airport	Bamu Airport	-7.8485	143.2433	AYBF
small_airport	Baindoung Airport	-6.347222222	146.9422222	AYBG
small_airport	Bensbach Airport	-8.858055556	141.2594444	AYBH
small_airport	Bewani Airport	-3.021666667	141.1652778	AYBI
medium_airport	Buka Airport	-5.422319889	154.6730042	AYBK
small_airport	Bialla Airport	-5.330560207	151.0079956	AYBL
medium_airport	Balimo Airport	-8.050000191	142.9329987	AYBM
small_airport	Bomai Airport	-6.373166667	144.637	AYBO
small_airport	Bapi Airstrip	-7.743611111	147.0205556	AYBP
small_airport	Biangabip Airport	-5.526389	141.744583	AYBQ
small_airport	Biaru Airport	-7.6693	146.7594	AYBR
small_airport	Bulolo Airport	-7.216286671	146.6495419	AYBU
small_airport	Biniguni Airport	-9.6425	149.303889	AYBZ
small_airport	Chungribu Airport	-4.80662	144.714996	AYCB
small_airport	Cape Gloucester Airport	-5.455231	148.422289	AYCG
medium_airport	Chimbu Airport	-6.024290085	144.970993	AYCH
small_airport	China Strait Airstrip	-10.56277778	150.6906944	AYCS
small_airport	Debepare Airport	-6.308611111	141.9055556	AYDB
small_airport	Derim Airport	-6.144722222	147.1072222	AYDE
small_airport	Bundi Airport	-5.742222222	145.2275	AYDI
small_airport	Munduku Airport	-4.6204	143.4516	AYDK
small_airport	Kondobol Airport	-8.5336	142.5049	AYDL
small_airport	Dinangat Airport	-6.1546	146.6772	AYDN
small_airport	Doini Airport	-10.7009	150.7218	AYDO
small_airport	Dorobisoro Airport	-9.461855	147.920907	AYDR
medium_airport	Daru Airport	-9.08676	143.207993	AYDU
small_airport	Kerau Airport	-8.271612	147.071899	AYEA
small_airport	Embessa Airport	-9.447	148.7628	AYEB
small_airport	Edwaki Airport	-3.883986	141.792234	AYED
small_airport	Emirau Airport	-1.653949991	149.9757667	AYEE
small_airport	Efogi Airport	-9.153805556	147.6598056	AYEF
small_airport	Morehead Airport	-8.714111111	141.6444444	AYEH
small_airport	Eliptamin Airport	-5.0412	141.6779	AYEL
small_airport	Engati Airstrip	-6.9179	146.1053	AYEN
small_airport	Emo River Airstrip	-9.1234	148.0415	AYEO
small_airport	Erume Airport	-8.2538	146.9747	AYER
small_airport	Bosset Airport	-7.237257	141.1063222	AYET
small_airport	Erave Airport	-6.606463154	143.9002132	AYEV
small_airport	Siwea Airport	-6.284181	147.582371	AYEW
small_airport	Fane Airport	-8.549277778	147.0858333	AYFA
small_airport	Faia Airport	-7.160353	143.531317	AYFF
small_airport	Finschhafen Airport	-6.621750109	147.85405	AYFI
small_airport	Frieda River Airport	-4.610468	141.960138	AYFR
small_airport	Fuma Airport	-6.3933	142.4408	AYFU
medium_airport	Goroka Airport	-6.081689835	145.3919983	AYGA
small_airport	Gewoia Airport	-9.2263	148.4949	AYGC
small_airport	Guari Airport	-8.1286	146.8722	AYGF
small_airport	Garasa Airport	-7.980713	147.213461	AYGG
small_airport	Garaina Airport	-7.875625	147.141266	AYGI
small_airport	Guasopa Airport	-9.225918	152.944352	AYGJ
small_airport	Gonaili Airport	-5.527716614	151.5733333	AYGL
medium_airport	Gurney Airport	-10.3114996	150.3339996	AYGN
small_airport	Gusap Airport	-6.053196	145.959047	AYGP
medium_airport	Girua Airport	-8.80453968	148.3090057	AYGR
small_airport	Gasuke Airport	-6.1028	141.7393	AYGS
small_airport	Gasmata Island Airport	-6.271110058	150.3309937	AYGT
small_airport	Anguganak Airport	-3.560504	142.217307	AYGU
small_airport	Green River Airport	-3.902242899	141.170517	AYGV
small_airport	Gora Airstrip	-9.0021	148.2364	AYGX
small_airport	Habi Airport	-6.32	142.4893	AYHB
small_airport	Heiweni Airport	-7.4223	146.4276	AYHE
small_airport	Hayfields Airport	-3.69838	143.057902	AYHF
small_airport	Honinabi Airport	-6.2457	142.1771	AYHH
medium_airport	Hoskins Airport	-5.463846	150.407327	AYHK
small_airport	Haivaro Airport	-6.9406	143.059	AYHO
small_airport	Hawabango Airport	-7.392994	146.003487	AYHU
small_airport	Nissan Island Airport	-4.499720097	154.2259979	AYIA
small_airport	Indagen Airport	-6.22663	147.244	AYID
small_airport	Imane Airport	-6.7524	146.1072	AYII
small_airport	Kungim Airport	-5.671	141.03	AYIM
small_airport	Imonda Airport	-3.328	141.1573	AYIO
small_airport	Aropa Airport	-6.305417	155.728139	AYIQ
small_airport	Wasua Airport	-8.2836	142.8697	AYIW
small_airport	Witu Airport	-4.689522	149.440112	AYIX
small_airport	Miyanmin Airport	-4.903055556	141.6208333	AYIY
small_airport	Yongai Airport	-8.5289	147.4603	AYJO
small_airport	Josephstaal Airport	-4.747083333	145.0070833	AYJS
small_airport	Losuia Airport	-8.505820274	151.0809937	AYKA
small_airport	Kabwum	-6.155472222	147.1914722	AYKB
small_airport	Kandrian Airport	-6.19217	149.54783	AYKC
small_airport	Kamina Airport	-7.64925	145.9569444	AYKD
small_airport	Kopiago Airport	-5.3883	142.4977	AYKG
small_airport	Kamulai Airport	-8.150694444	146.834	AYKH
small_airport	Kiunga Airport	-6.125710011	141.2819977	AYKI
small_airport	Kanainj Airport	-5.2903	144.7072	AYKJ
small_airport	Kikori Airport	-7.42438	144.250076	AYKK
medium_airport	Kerema Airport	-7.963610172	145.7709961	AYKM
small_airport	Kokoda Airport	-8.884679	147.730957	AYKO
small_airport	Kagi Airport	-9.135916667	147.6694444	AYKQ
small_airport	Kar Kar Airport	-4.557	145.9404	AYKR
small_airport	Kaintiba Airport	-7.50025	146.0338333	AYKT
small_airport	Kuri Airport	-7.135083	143.276111	AYKU
medium_airport	Kavieng Airport	-2.579400063	150.8079987	AYKV
small_airport	Kawito Airport	-7.977006912	142.8235779	AYKW
small_airport	Londolovit Airport	-3.043610096	152.6289978	AYKY
small_airport	Lab Lab Airport	-5.7204	148.0566	AYLB
small_airport	Keglsugl Airport	-5.832777778	145.0972222	AYLG
small_airport	Kibuli Airstrip	-9.006528	142.698056	AYLI
small_airport	Linga Linga Airport	-5.531944444	149.7341667	AYLL
small_airport	Langimar Airport	-7.223138889	146.2270833	AYLN
small_airport	Lowai Airport	-6.3344	146.6458	AYLO
small_airport	Leron Plains Airport	-6.3917	146.3434	AYLP
small_airport	Lese Airport	-8.2799	146.2765	AYLS
small_airport	Lengbati Airport	-6.384611111	147.3686389	AYLT
small_airport	Lumi Airport	-3.476839511	142.0412922	AYLU
small_airport	Long Island Airport	-5.3604	147.0177	AYLX
small_airport	Manari Airport	-9.1908	147.6219	AYMA
small_airport	Morobe Airport	-7.74	147.59	AYMB
small_airport	Menyamya Airport	-7.211666667	146.0193611	AYMC
medium_airport	Madang Airport	-5.207079887	145.7890015	AYMD
medium_airport	Mount Hagen Kagamuga Airport	-5.828212	144.299412	AYMH
small_airport	Mindik Airport	-6.471666667	147.4411389	AYMI
small_airport	Makini Airport	-6.532222222	147.6511667	AYMJ
small_airport	Mougulu Airport	-6.280859	142.420775	AYML
medium_airport	Mendi Airport	-6.14774	143.656998	AYMN
medium_airport	Momote Airport	-2.06189	147.423996	AYMO
small_airport	Malalaua Airport	-8.071388889	146.1554722	AYMP
small_airport	Malam Airport	-8.709166667	142.6497222	AYMQ
small_airport	Moro Airport	-6.363329887	143.2380066	AYMR
small_airport	Misima Island Airport	-10.6892004	152.8379974	AYMS
small_airport	Malekolon Airport	-4.023430556	153.6572778	AYMV
small_airport	Marawaka Airport	-6.9736	145.8849	AYMW
small_airport	Mapua(Mabua) Airport	-2.811388889	151.9911111	AYMZ
small_airport	Nankina Airport	-5.837	146.4533	AYNA
small_airport	Kanabea Airport	-7.538888889	145.905	AYNB
small_airport	Nadunumu Airport	-9.143555556	147.68425	AYNC
small_airport	Aua Island Airport	-1.460555556	143.0647222	AYND
small_airport	Negarbo(Negabo) Airport	-6.567778	144.703058	AYNE
small_airport	Nuguria Airstrip	-3.4075	154.7383	AYNI
small_airport	Namudi Airport	-9.47375	148.3294167	AYNJ
small_airport	Kasonombe Airport	-6.3819	146.9859	AYNM
small_airport	Kandep Airport	-5.840611111	143.5072222	AYNN
small_airport	Nomane Airport	-6.32183	145.070667	AYNO
small_airport	Bunsil Airport	-5.7243	147.8667	AYNS
small_airport	Nuku Airport	-3.676651	142.484334	AYNU
small_airport	Namatanai Airport	-3.6695	152.438	AYNX
small_airport	Nambaiyufa Airport	-6.2412	145.2424	AYNY
medium_airport	Nadzab Airport	-6.569803	146.725977	AYNZ
small_airport	Obo Airport	-7.590622421	141.3242626	AYOB
small_airport	Konge Airport	-6.2239	147.2152	AYOE
small_airport	Okao Airport	-5.556666667	141.0327778	AYOF
small_airport	Ogeranang Airport	-6.46675	147.3641667	AYOG
small_airport	Oksapmin Airport	-5.2261	142.2259	AYOJ
small_airport	Komako Airport	-7.3984	145.8827	AYOK
small_airport	Kol Airport	-5.731166667	144.846	AYOL
small_airport	Omora Airport	-7.827777778	147.0806389	AYOM
small_airport	Komo-Manda Airport	-6.0682	142.8598	AYOO
small_airport	Kosipe Airport	-8.450716	147.209195	AYOP
small_airport	Komaio Airport	-7.2714	143.5952	AYOQ
small_airport	Olsobip Airport	-5.389722222	141.5152778	AYOV
small_airport	Koroba Airport	-5.6952	142.7441	AYOW
small_airport	Paiela Airport	-5.372407	142.975774	AYPB
small_airport	Pangoa Airport	-7.0226	141.5605	AYPC
small_airport	Pindiu Airport	-6.445138889	147.5158333	AYPD
small_airport	April River Airport	-4.676666667	142.5401389	AYPE
small_airport	Pangia Airport	-6.386	144.1084	AYPG
small_airport	Pimaga Airport	-6.499166667	143.5102778	AYPJ
small_airport	Mapoda Airport	-7.979	143.1694	AYPO
small_airport	Pumani Airport	-9.7469	149.4766	AYPQ
large_airport	Port Moresby Jacksons International Airport	-9.443380356	147.2200012	AYPY
small_airport	Karawari Airstrip	-4.596666667	143.5225	AYQA
small_airport	Tumolbil Airport	-4.7748	141.0133	AYQL
small_airport	Sopu Airport	-8.3038	147.1659	AYQO
small_airport	Ononge Airport	-8.674361111	147.2624167	AYQQ
small_airport	Sialum Airport	-6.0908	147.5955	AYQS
small_airport	Kira Airport	-8.065111111	147.3320278	AYRA
small_airport	Raba Raba Airport	-9.971111111	149.8322222	AYRE
small_airport	Rumginae Airport	-5.897222222	141.2716667	AYRG
small_airport	Karimui Airport	-6.4921	144.823	AYRI
small_airport	Kairuku Airport	-8.817000054	146.5243833	AYRK
small_airport	Maramuni Airport	-5.13	143.4829	AYRM
small_airport	Kakoro(Koroko) Airstrip	-7.834666667	146.5335	AYRO
small_airport	Suabi Airport	-6.104444444	142.2783333	AYSA
small_airport	Saidor Airport	-5.627138889	146.4627778	AYSD
small_airport	Simberi Airport	-2.662222222	151.9977778	AYSE
small_airport	Safia Airport	-9.593055556	148.6361111	AYSF
small_airport	Sila Airport	-9.073555556	148.38925	AYSG
small_airport	Sabah Airport	-5.5765	155.0489	AYSH
small_airport	Simbai Airport	-5.278611111	144.5447222	AYSJ
small_airport	Sengapi Airstrip	-5.125833333	144.3236111	AYSK
small_airport	Sehulea Airport	-9.964527778	151.1618611	AYSL
small_airport	Selbang Airport	-5.315	141.752	AYSO
small_airport	Sapmanga Airport	-6.075277778	146.8111111	AYSP
small_airport	Sasereme Airport	-7.6217	142.868	AYSS
small_airport	Suki Airport	-8.0466	141.7222	AYSU
small_airport	Sauren Airport	-5.9701	148.8543	AYSV
small_airport	Satwag Airport	-6.139555556	147.2791667	AYSW
small_airport	Masa Airport	-6.345	147.591	AYSX
small_airport	Tari Airport	-5.845	142.947998	AYTA
small_airport	Tabubil Airport	-5.280471	141.227576	AYTB
small_airport	Telefomin Airport	-5.12608	141.641922	AYTE
small_airport	Tetebedi Airport	-9.1586	148.0686	AYTF
small_airport	Tagula Airport	-11.33111111	153.2029167	AYTG
small_airport	Tifalmin Airport	-5.117249	141.418076	AYTH
small_airport	Tapini Airport	-8.356666667	146.9891667	AYTI
medium_airport	Tokua Airport	-4.34046	152.380005	AYTK
small_airport	Tekin Airport	-5.243667	142.165194	AYTN
small_airport	Kamberatoro Airport	-3.600556	141.051667	AYTO
small_airport	Tep Tep Airport	-5.9553	146.5595	AYTP
small_airport	Tarabo Airport	-6.466666667	145.5322222	AYTR
small_airport	Tsewi Airport	-7.0695	146.1272	AYTS
small_airport	Tarakbits Airport	-5.614	141.0421	AYTT
small_airport	Tufi Airport	-9.075954437	149.3198395	AYTU
small_airport	Timbunke Airport	-4.196633	143.519222	AYTV
small_airport	Tawa Airport	-7.4463	146.1067	AYTW
small_airport	Terapo Airport	-8.169722222	146.1944444	AYTY
small_airport	Tekadu Airport	-7.6808	146.5503	AYTZ
small_airport	Umba Airport	-7.0214	145.966	AYUC
small_airport	Uroubi Airport	-9.5162	148.5591	AYUE
small_airport	Buin Airport	-6.729166667	155.6833333	AYUI
small_airport	Aumo Airport	-5.731111111	148.4452778	AYUM
small_airport	Gulgubip Airport	-5.2808	141.5411	AYUP
small_airport	Upiara Airport	-8.5411	142.6503	AYUR
small_airport	Kuyol Airport	-5.372361111	141.6238889	AYUY
small_airport	Uvol Airport	-6.0178	150.9557	AYUZ
small_airport	Talasea Airport	-5.2726	150.0089	AYVL
small_airport	Torembi Airport	-4.0165	143.1329	AYVM
medium_airport	Vanimo Airport	-2.6926	141.3028	AYVN
small_airport	Tonu Airport	-6.6552	155.4326	AYVO
small_airport	Wuvulu Island Airport	-1.736111111	142.8366667	AYVW
small_airport	Wabo Airport	-6.989444444	145.0751111	AYWB
small_airport	Wantoat Airport	-6.1325	146.4677778	AYWC
medium_airport	Wapenamanda Airport	-5.635293	143.892231	AYWD
small_airport	Wawoi Falls Airport	-6.9523	142.6557	AYWF
small_airport	Wanigela Airport	-9.3375	149.155556	AYWG
small_airport	Wanuma Airport	-4.8961	145.3213	AYWH
small_airport	Wapolu Airport	-9.3376	150.5093	AYWJ
medium_airport	Wewak International Airport	-3.583830118	143.6690063	AYWK
small_airport	Wonenara Airport	-6.796861111	145.8919444	AYWO
small_airport	Wakunai Airport	-5.8603	155.2223	AYWQ
small_airport	Wasu Airport	-5.961709449	147.1982253	AYWS
small_airport	Woitape Airport	-8.545833	147.2525	AYWT
small_airport	Wau Airport	-7.345556	146.718611	AYWU
small_airport	Yeva Airport	-7.548	146.188	AYXE
small_airport	Sim Airport	-7.75	146.9273	AYXI
small_airport	Tol Airport	-4.980830193	152.0099945	AYXO
small_airport	Wipim Airport	-8.78822	142.882004	AYXP
small_airport	Weam Airport	-8.6184	141.1381	AYXW
small_airport	Yalumet Airport	-6.09	147.0117	AYYE
small_airport	Yenkis(Yankisa) Airport	-5.109722222	143.9176667	AYYK
small_airport	Tinboli Airport	-4.0949	143.3838	AYYL
small_airport	Munbil Airport	-4.855941	141.220165	AYYM
small_airport	Oram Airport	-9.632916667	148.0480556	AYYO
small_airport	Yapsiei Airport	-4.628055556	141.0941667	AYYP
small_airport	Yasuru Airport	-6.6015	146.1813	AYYR
small_airport	Zenag Airport	-6.952222222	146.61625	AYZA
small_airport	Silur Airport	-4.529888889	153.0544444	AYZI
small_airport	Sissano Airport	-2.999444444	142.0445	AYZN
small_airport	Ossima Airport	-2.915555556	141.2973056	AYZS
medium_airport	Aasiaat Airport	68.721802	-52.784698	BGAA
medium_airport	Narsarsuaq Airport	61.1605	-45.425999	BGBW
heliport	Qasigiannguit Heliport	68.822816	-51.173447	BGCH
small_airport	Neerlerit Inaat Airport	70.743103	-22.650499	BGCO
medium_airport	Nuuk Airport	64.191066	-51.67914	BGGH
medium_airport	Ilulissat Airport	69.243202	-51.057098	BGJN
medium_airport	Kulusuk Airport	65.573601	-37.1236	BGKK
small_airport	Maniitsoq Airport	65.412498	-52.9394	BGMQ
small_airport	Paamiut Airport	62.014736	-49.670937	BGPT
small_airport	Qaanaaq Airport	77.488602	-69.388702	BGQQ
medium_airport	Kangerlussuaq Airport	67.010446	-50.715294	BGSF
medium_airport	Sisimiut Airport	66.951302	-53.729301	BGSS
medium_airport	Pituffik Space Base	76.531197	-68.703201	BGTL
small_airport	Upernavik Airport	72.790199	-56.1306	BGUK
heliport	Uummannaq Heliport	70.680428	-52.11163	BGUM
small_airport	Qaarsut Airport	70.7342	-52.696201	BGUQ
medium_airport	Akureyri Airport	65.656573	-18.072018	BIAR
small_airport	Bildudalur Airport	65.641296	-23.5462	BIBD
small_airport	Borgarfjörður eystri Airport	65.516769	-13.81578	BIBF
small_airport	Bakkafjörður Airport	66.02189636	-14.82439995	BIBK
small_airport	Blönduós Airport	65.644997	-20.2875	BIBL
small_airport	Breiðdalsvík Airport	64.790037	-14.043927	BIBV
small_airport	Djúpivogur Airport	64.642372	-14.277297	BIDV
medium_airport	Egilsstaðir Airport	65.28330231	-14.40139961	BIEG
small_airport	Fáskrúðsfjörður Airport	64.931456	-14.047957	BIFF
small_airport	Fagurhólsmýri Airport	63.874699	-16.6411	BIFM
small_airport	Grundarfjörður Airport	64.991402	-23.224701	BIGF
small_airport	Gjögur Airport	65.9953	-21.3269	BIGJ
small_airport	Grímsey Airport	66.5458	-18.0173	BIGR
small_airport	Hólmavík Airport	65.704697	-21.6964	BIHK
medium_airport	Hornafjörður Airport	64.295601	-15.2272	BIHN
medium_airport	Húsavík Airport	65.952301	-17.426001	BIHU
medium_airport	Ísafjörður Airport	66.058098	-23.1353	BIIS
large_airport	Keflavik International Airport	63.985001	-22.6056	BIKF
small_airport	Kópasker Airport	66.310799	-16.4667	BIKP
small_airport	Sauðárkrókur Airport	65.73169708	-19.57279968	BIKR
small_airport	Norðfjörður Airport	65.131897	-13.7464	BINF
small_airport	Ólafsfjörður Airport	66.083298	-18.6667	BIOF
small_airport	Patreksfjörður Airport	65.555801	-23.965	BIPA
small_airport	Reykhólar Airport	65.45262909	-22.20611572	BIRE
small_airport	Rif Airport	64.9114	-23.823099	BIRF
small_airport	Raufarhöfn Airport	66.406403	-15.9183	BIRG
medium_airport	Reykjavík Domestic Airport	64.128732	-21.93759	BIRK
small_airport	Reykjahlíð Airport	65.6558	-16.9181	BIRL
medium_airport	Siglufjörður Airport	66.137847	-18.908157	BISI
small_airport	Stykkishólmur Airport	65.058851	-22.764616	BIST
small_airport	Þingeyri Airport	65.8703	-23.559999	BITE
small_airport	Þórshöfn Airport	66.218498	-15.3356	BITN
medium_airport	Vestmannaeyjar Airport	63.42430115	-20.27890015	BIVM
small_airport	Vopnafjörður Airport	65.720596	-14.8506	BIVO
medium_airport	Priština Adem Jashari International Airport	42.5728	21.035801	BKPR
medium_airport	Bella Bella (Campbell Island) Airport	52.185001	-128.156994	CBBC
medium_airport	Shaoguan Danxia Airport	24.9786	113.420998	ZGSG
small_airport	Dengkou General Aviation Airport	40.302832	107.010698	ZBMV
small_airport	Lishui Airport	28.3727	119.839	ZSLI
heliport	UNFICYP Nicosia Airport Heliport	35.145962	33.283306	LCNC
small_airport	Arctic Bay Airport	73.006101	-85.04616	CYAB
small_airport	Cat Lake Airport	51.7272	-91.824402	CYAC
small_airport	La Grande-3 Airport	53.57170105	-76.1964035	CYAD
medium_airport	Fort Frances Municipal Airport	48.655749	-93.44349	CYAG
medium_airport	La Grande-4 Airport	53.75469971	-73.6753006	CYAH
small_airport	Alert Bay Airport	50.582199	-126.916	CYAL
medium_airport	Sault Ste Marie Airport	46.483216	-84.508467	CYAM
medium_airport	Kasabonika Airport	53.52470016	-88.64279938	CYAQ
small_airport	Kangirsuk Airport	60.027199	-69.999199	CYAS
small_airport	Attawapiskat Airport	52.927502	-82.4319	CYAT
medium_airport	St. Anthony Airport	51.391909	-56.08321	CYAY
medium_airport	Tofino / Long Beach Airport	49.079833	-125.775583	CYAZ
small_airport	Banff Airport	51.208222	-115.540624	CYBA
small_airport	Kugaaruk Airport	68.535711	-89.805508	CYBB
medium_airport	Baie-Comeau Airport	49.1325	-68.204399	CYBC
medium_airport	Bella Coola Airport	52.387501	-126.596001	CYBD
small_airport	Uranium City Airport	59.561401	-108.481003	CYBE
medium_airport	Bonnyville Airport	54.304199	-110.744003	CYBF
medium_airport	CFB Bagotville / Saguenay-Bagotville Airport	48.331908	-70.992909	CYBG
medium_airport	Baker Lake Airport	64.29889679	-96.07779694	CYBK
medium_airport	Campbell River Airport	49.950802	-125.271004	CYBL
small_airport	Tadoule Lake Airport	58.706308	-98.511057	CYBQ
medium_airport	Brandon Municipal Airport	49.91	-99.951897	CYBR
small_airport	Brochet Airport	57.8894	-101.679001	CYBT
small_airport	Berens River Airport	52.358898	-97.018303	CYBV
medium_airport	Lourdes-de-Blanc-Sablon Airport	51.4436	-57.185299	CYBX
small_airport	Cartwright Airport	53.682501	-57.042303	CYCA
medium_airport	Cambridge Bay Airport	69.10810089	-105.1380005	CYCB
medium_airport	Cornwall Regional Airport	45.092637	-74.567724	CYCC
medium_airport	Nanaimo Airport	49.05497	-123.869863	CYCD
medium_airport	Centralia / James T. Field Memorial Aerodrome	43.285599	-81.508301	CYCE
medium_airport	Castlegar/West Kootenay Regional Airport	49.296398	-117.632004	CYCG
medium_airport	Miramichi Airport	47.007801	-65.449203	CYCH
small_airport	Chatham Kent Airport	42.3064003	-82.08190155	CYCK
medium_airport	Charlo Airport	47.990799	-66.330299	CYCL
medium_airport	Cochrane Airport	49.10559845	-81.01360321	CYCN
small_airport	Kugluktuk Airport	67.816408	-115.14307	CYCO
medium_airport	Chetwynd Airport	55.68719864	-121.6269989	CYCQ
small_airport	Cross Lake (Charlie Sinclair Memorial) Airport	54.609758	-97.762442	CYCR
small_airport	Chesterfield Inlet Airport	63.346901	-90.731102	CYCS
small_airport	Coronation Airport	52.07500076	-111.4449997	CYCT
small_airport	Chilliwack Airport	49.153157	-121.939309	CYCW
small_airport	Clyde River Airport	70.486099	-68.516701	CYCY
small_airport	Fairmont Hot Springs Airport	50.331052	-115.873739	CYCZ
medium_airport	Dawson City Airport	64.04309845	-139.128006	CYDA
medium_airport	Burwash Airport	61.371101	-139.041	CYDB
medium_airport	Deer Lake Airport	49.2108	-57.391399	CYDF
small_airport	Dease Lake Airport	58.422199	-130.031998	CYDL
medium_airport	Ross River Airport	61.97060013	-132.4230042	CYDM
medium_airport	Dauphin Barker Airport	51.1008	-100.052002	CYDN
medium_airport	Dolbeau-Saint-Felicien Airport	48.7785	-72.375	CYDO
small_airport	Nain Airport	56.550778	-61.682224	CYDP
medium_airport	Dawson Creek Airport	55.741245	-120.183263	CYDQ
large_airport	Edmonton International Airport	53.3097	-113.580002	CYEG
small_airport	Arviat Airport	61.0942	-94.070801	CYEK
medium_airport	Elliot Lake Municipal Airport	46.35139847	-82.56140137	CYEL
medium_airport	Manitoulin East Municipal Airport	45.842435	-81.857595	CYEM
medium_airport	Estevan Airport	49.21030045	-102.9660034	CYEN
small_airport	Fort Severn Airport	56.018902	-87.676102	CYER
medium_airport	Edson Airport	53.57889938	-116.4649963	CYET
small_airport	Eureka Airport	79.99469757	-85.81420136	CYEU
medium_airport	Inuvik Mike Zubko Airport	68.30419922	-133.4830017	CYEV
medium_airport	Amos/Magny Airport	48.563903	-78.249702	CYEY
small_airport	Fort Albany Airport	52.203451	-81.695194	CYFA
medium_airport	Iqaluit Airport	63.756402	-68.555801	CYFB
medium_airport	Fredericton Airport	45.8689003	-66.53720093	CYFC
medium_airport	Forestville Airport	48.74610138	-69.09719849	CYFE
small_airport	Fort Hope Airport	51.561901	-87.907799	CYFH
medium_airport	Mont-Tremblant International Airport	46.409401	-74.779999	CYFJ
small_airport	Flin Flon Airport	54.678101	-101.681999	CYFO
medium_airport	Fort Resolution Airport	61.18080139	-113.6900024	CYFR
medium_airport	Fort Simpson Airport	61.7602005	-121.2369995	CYFS
small_airport	Makkovik Airport	55.077335	-59.187942	CYFT
small_airport	Texada Gillies Bay Airport	49.694341	-124.518099	CYGB
small_airport	Fort Good Hope Airport	66.240658	-128.647757	CYGH
medium_airport	Kingston Norman Rogers Airport	44.2253	-76.596901	CYGK
medium_airport	La Grande Rivière Airport	53.62530136	-77.70420074	CYGL
medium_airport	Gimli Industrial Park Airport	50.62810135	-97.04329681	CYGM
small_airport	Gods Lake Narrows Airport	54.55768	-94.490061	CYGO
medium_airport	Michel-Pouliot Gaspé Airport	48.774915	-64.481893	CYGP
medium_airport	Geraldton Greenstone Regional Airport	49.77830124	-86.93939972	CYGQ
medium_airport	Îles-de-la-Madeleine Airport	47.425242	-61.778612	CYGR
small_airport	Igloolik Airport	69.3647	-81.816101	CYGT
medium_airport	Havre-Saint-Pierre Airport	50.281898	-63.611401	CYGV
medium_airport	Kuujjuarapik Airport	55.2818985	-77.76529694	CYGW
small_airport	Gillam Airport	56.35712	-94.711504	CYGX
small_airport	Grise Fiord Airport	76.425823	-82.908583	CYGZ
small_airport	Quaqtaq Airport	61.046398	-69.617798	CYHA
small_airport	Hudson Bay Airport	52.81669998	-102.310997	CYHB
seaplane_base	Vancouver Harbour Water Aerodrome	49.291265	-123.11717	CYHC
medium_airport	Dryden Regional Airport	49.831699	-92.744202	CYHD
small_airport	Hope Airport / FVRD Regional Airpark	49.368865	-121.49495	CYHE
medium_airport	Hearst René Fontaine Municipal Airport	49.71419907	-83.68609619	CYHF
small_airport	Nemiscau Airport	51.691101	-76.135597	CYHH
small_airport	Ulukhaktok Holman Airport	70.762802	-117.806	CYHI
small_airport	Gjoa Haven Airport	68.635597	-95.849701	CYHK
medium_airport	John C. Munro Hamilton International Airport	43.17359924	-79.93499756	CYHM
medium_airport	Hornepayne Municipal Airport	49.19309998	-84.7589035	CYHN
small_airport	Hopedale Airport	55.448757	-60.228124	CYHO
small_airport	Poplar Hill Airport	52.1133	-94.2556	CYHP
small_airport	Chevery Airport	50.468322	-59.637823	CYHR
medium_airport	Haines Junction Airport	60.7892	-137.546005	CYHT
medium_airport	Montréal / Saint-Hubert Metropolitan Airport	45.517502	-73.416901	CYHU
medium_airport	Hay River / Merlyn Carter Airport	60.83969879	-115.7829971	CYHY
large_airport	Halifax / Stanfield International Airport	44.88079834	-63.50859833	CYHZ
medium_airport	Atikokan Municipal Airport	48.77389908	-91.63860321	CYIB
medium_airport	Digby / Annapolis Regional Airport	44.54584504	-65.78542471	CYID
medium_airport	St Augustin Airport	51.2117	-58.658298	CYIF
small_airport	Ivujivik Airport	62.417301	-77.925301	CYIK
small_airport	Pond Inlet Airport	72.689494	-77.968941	CYIO
medium_airport	Island Lake Airport	53.85720062	-94.6536026	CYIV
small_airport	Jasper Airport	52.996418	-118.060233	CYJA
medium_airport	Fort Liard Airport	60.2358017	-123.4690018	CYJF
medium_airport	St Jean Airport	45.29439926	-73.28109741	CYJN
medium_airport	Dymond Airport	48.544201	-58.549999	CYJT
medium_airport	Kamloops John Moose Fulton Field Regional Airport	50.703038	-120.448641	CYKA
small_airport	Collins Bay Airport	58.23609924	-103.6780014	CYKC
small_airport	Aklavik/Freddie Carmichael Airport	68.223297	-135.00599	CYKD
medium_airport	Region of Waterloo International Airport	43.4608	-80.378601	CYKF
small_airport	Kangiqsujuaq (Wakeham Bay) Airport	61.5886	-71.929398	CYKG
medium_airport	Key Lake Airport	57.2560997	-105.6179962	CYKJ
medium_airport	Schefferville Airport	54.80530167	-66.80529785	CYKL
medium_airport	Kincardine Municipal Airport	44.201401	-81.606697	CYKM
small_airport	Akulivik Airport	60.8186	-78.148598	CYKO
small_airport	Ogoki Post Airport	51.65859985	-85.90170288	CYKP
small_airport	Waskaganish Airport	51.473301	-78.758301	CYKQ
medium_airport	Kirkland Lake Airport	48.21030045	-79.98139954	CYKX
medium_airport	Kindersley Airport	51.51750183	-109.1809998	CYKY
small_airport	Aupaluk Airport	59.2967	-69.599701	CYLA
small_airport	Lac La Biche Airport	54.77030182	-112.0319977	CYLB
small_airport	Kimmirut Airport	62.848253	-69.877853	CYLC
medium_airport	Chapleau Airport	47.81999969	-83.34670258	CYLD
small_airport	Lansdowne House Airport	52.195599	-87.934196	CYLH
medium_airport	Meadow Lake Airport	54.12530136	-108.5230026	CYLJ
small_airport	Lutselk'e Airport	62.417823	-110.682793	CYLK
medium_airport	Lloydminster Airport	53.3092	-110.072998	CYLL
small_airport	La Tuque Airport	47.40969849	-72.78890228	CYLQ
medium_airport	Leaf Rapids Airport	56.51330185	-99.98529816	CYLR
medium_airport	Barrie-Lake Simcoe Regional Airport	44.485056	-79.554663	CYLS
medium_airport	Alert Airport	82.517799	-62.280602	CYLT
small_airport	Kangiqsualujjuaq (Georges River) Airport	58.711399	-65.992798	CYLU
medium_airport	Kelowna International Airport	49.9561	-119.377998	CYLW
medium_airport	Mayo Airport	63.61640167	-135.8679962	CYMA
medium_airport	Matane Airport	48.85689926	-67.45330048	CYME
medium_airport	Manitouwadge Airport	49.08390045	-85.86060333	CYMG
small_airport	Mary's Harbour Airport	52.302837	-55.847433	CYMH
medium_airport	Moose Jaw Air Vice Marshal C. M. McEwen Airport	50.33029938	-105.5589981	CYMJ
medium_airport	Charlevoix Airport	47.59749985	-70.22389984	CYML
medium_airport	Fort McMurray Airport	56.65330124	-111.2220001	CYMM
medium_airport	Moosonee Airport	51.29109955	-80.60780334	CYMO
medium_airport	Chapais Airport	49.77190018	-74.52809906	CYMT
small_airport	Umiujaq Airport	56.536098	-76.518303	CYMU
small_airport	Maniwaki Airport	46.2728	-75.990601	CYMW
medium_airport	Montreal International (Mirabel) Airport	45.679501	-74.038696	CYMX
medium_airport	Natashquan Airport	50.190114	-61.78898	CYNA
small_airport	Wemindji Airport	53.010601	-78.8311	CYNC
medium_airport	Ottawa / Gatineau Airport	45.521702	-75.563599	CYND
small_airport	Norway House Airport	53.958302	-97.8442	CYNE
small_airport	Hudson's Hope Airport	56.035142	-121.978326	CYNH
medium_airport	Langley Airport	49.1008	-122.630997	CYNJ
medium_airport	Points North Landing Airport	58.27669907	-104.0820007	CYNL
medium_airport	Matagami Airport	49.76169968	-77.80280304	CYNM
small_airport	Fort Mackay / Horizon Airport	57.381699	-111.700996	CYNR
medium_airport	Ekati Airport	64.69889832	-110.6149979	CYOA
small_airport	Old Crow Airport	67.570602	-139.839005	CYOC
medium_airport	CFB Cold Lake	54.40499878	-110.2789993	CYOD
small_airport	Oxford House Airport	54.9333	-95.2789	CYOH
medium_airport	High Level Airport	58.62139893	-117.1650009	CYOJ
medium_airport	Oshawa Executive Airport	43.922798	-78.894997	CYOO
medium_airport	Rainbow Lake Airport	58.491402	-119.407997	CYOP
medium_airport	Owen Sound / Billy Bishop Regional Airport	44.59030151	-80.83750153	CYOS
large_airport	Ottawa Macdonald-Cartier International Airport	45.322498	-75.669197	CYOW
medium_airport	Prince Albert Glass Field	53.21419907	-105.6729965	CYPA
small_airport	Paulatuk (Nora Aliqatchialuk Ruben) Airport	69.360838	-124.07547	CYPC
medium_airport	Port Hawkesbury Airport	45.65670013	-61.36809921	CYPD
medium_airport	Peace River Airport	56.226898	-117.446999	CYPE
medium_airport	Portage-la-Prairie / Southport Airport	49.903099	-98.273817	CYPG
small_airport	Inukjuak Airport	58.471901	-78.076897	CYPH
medium_airport	Pickle Lake Airport	51.44639969	-90.21420288	CYPL
small_airport	Pikangikum Airport	51.819698	-93.973297	CYPM
medium_airport	Port-Menier Airport	49.836399	-64.288597	CYPN
small_airport	Peawanuck Airport	54.987932	-85.442648	CYPO
medium_airport	Peterborough Municipal Airport	44.23	-78.363297	CYPQ
medium_airport	Prince Rupert Airport	54.28609848	-130.4450073	CYPR
medium_airport	Powell River Airport	49.83420181	-124.5	CYPW
medium_airport	Puvirnituq Airport	60.050598	-77.286903	CYPX
medium_airport	Fort Chipewyan Airport	58.76720047	-111.1169968	CYPY
medium_airport	Burns Lake Airport	54.3764	-125.950996	CYPZ
medium_airport	Muskoka Airport	44.975376	-79.306546	CYQA
large_airport	Quebec Jean Lesage International Airport	46.7911	-71.393303	CYQB
medium_airport	The Pas Airport	53.97140121	-101.0910034	CYQD
medium_airport	Red Deer Regional Airport	52.182201	-113.893997	CYQF
medium_airport	Windsor Airport	42.27560043	-82.95559692	CYQG
medium_airport	Watson Lake Airport	60.116839	-128.821993	CYQH
medium_airport	Yarmouth Airport	43.82690048	-66.08809662	CYQI
medium_airport	Kenora Airport	49.78829956	-94.36309814	CYQK
medium_airport	Lethbridge County Airport	49.63029861	-112.8000031	CYQL
medium_airport	Greater Moncton Roméo LeBlanc International Airport	46.112202	-64.678596	CYQM
medium_airport	Nakina Airport	50.18280029	-86.6964035	CYQN
medium_airport	Comox Valley Airport / CFB Comox	49.7108	-124.887001	CYQQ
medium_airport	Regina International Airport	50.43190002	-104.6660004	CYQR
medium_airport	St Thomas Municipal Airport	42.77000046	-81.1108017	CYQS
medium_airport	Thunder Bay Airport	48.37189865	-89.32389832	CYQT
medium_airport	Grande Prairie Airport	55.17969894	-118.8850021	CYQU
medium_airport	Yorkton Municipal Airport	51.26470184	-102.461998	CYQV
medium_airport	North Battleford Airport	52.769409	-108.243742	CYQW
medium_airport	Gander International Airport / CFB Gander	48.936258	-54.567719	CYQX
medium_airport	Sydney / J.A. Douglas McCurdy Airport	46.1614	-60.047798	CYQY
medium_airport	Quesnel Airport	53.02610016	-122.5100021	CYQZ
small_airport	Rae Lakes Airport	64.116096	-117.309998	CYRA
medium_airport	Resolute Bay Airport	74.71690369	-94.9693985	CYRB
medium_airport	Rivière-du-Loup Airport	47.76440048	-69.58470154	CYRI
medium_airport	Roberval Airport	48.519665	-72.265735	CYRJ
medium_airport	Red Lake Airport	51.06689835	-93.79309845	CYRL
small_airport	Rocky Mountain House Airport	52.42969894	-114.9039993	CYRM
medium_airport	Ottawa / Rockcliffe Airport	45.46030045	-75.64610291	CYRO
medium_airport	Trois-Rivières Airport	46.35279846	-72.67939758	CYRQ
small_airport	Red Sucker Lake Airport	54.167198	-93.557198	CYRS
medium_airport	Rankin Inlet Airport	62.81140137	-92.11579895	CYRT
medium_airport	Revelstoke Airport	50.962245	-118.184258	CYRV
medium_airport	Sudbury Airport	46.625	-80.79889679	CYSB
medium_airport	Sherbrooke Airport	45.438599	-71.691399	CYSC
heliport	Canadian Forces Base Suffield Heliport	50.276359	-111.180189	CYSD
small_airport	Squamish Airport	49.78170013	-123.1620026	CYSE
medium_airport	Stony Rapids Airport	59.25030136	-105.8410034	CYSF
medium_airport	Smiths Falls-Montague (Russ Beach) Airport	44.945801	-75.940598	CYSH
medium_airport	Saint John Airport	45.31610107	-65.89029694	CYSJ
small_airport	Sanikiluaq Airport	56.536891	-79.250221	CYSK
medium_airport	Saint-Léonard Airport	47.157097	-67.836242	CYSL
medium_airport	Fort Smith Airport	60.020302	-111.961998	CYSM
medium_airport	Niagara District Airport	43.191598	-79.171686	CYSN
medium_airport	Marathon Airport	48.75529861	-86.3443985	CYSP
small_airport	St. Theresa Point Airport	53.845261	-94.851966	CYST
medium_airport	Summerside Airport	46.440601	-63.833599	CYSU
small_airport	Sachs Harbour (David Nasogaluak Jr. Saaryuaq) Airport	71.993896	-125.242996	CYSY
medium_airport	Pembroke Airport	45.86439896	-77.25170135	CYTA
small_airport	Cape Dorset Airport	64.230003	-76.526703	CYTE
medium_airport	Alma Airport	48.5089	-71.641899	CYTF
medium_airport	Thompson Airport	55.80110168	-97.86419678	CYTH
small_airport	Big Trout Lake Airport	53.817799	-89.896896	CYTL
small_airport	Tasiujaq Airport	58.667801	-69.955803	CYTQ
medium_airport	CFB Trenton	44.1189003	-77.52809906	CYTR
medium_airport	Timmins/Victor M. Power	48.56969833	-81.37670136	CYTS
medium_airport	Billy Bishop Toronto City Centre Airport	43.627499	-79.396202	CYTZ
small_airport	Tuktoyaktuk / James Gruben Airport	69.433296	-133.026001	CYUB
large_airport	Montreal / Pierre Elliott Trudeau International Airport	45.467837	-73.742294	CYUL
small_airport	Naujaat Airport	66.521024	-86.225166	CYUT
medium_airport	Hall Beach Airport	68.7761	-81.2425	CYUX
medium_airport	Rouyn Noranda Airport	48.20610046	-78.83560181	CYUY
medium_airport	Bonaventure Airport	48.071098	-65.460297	CYVB
medium_airport	La Ronge Airport	55.15140152	-105.262001	CYVC
small_airport	Vermilion Airport	53.357714	-110.827388	CYVG
medium_airport	Vernon Regional Airport	50.246163	-119.330963	CYVK
small_airport	Tommy Kochon Airport	67.02	-126.126	CYVL
small_airport	Qikiqtarjuaq Airport	67.54656	-64.03141	CYVM
medium_airport	Val-d'Or Airport	48.05329895	-77.78279877	CYVO
medium_airport	Kuujjuaq Airport	58.09609985	-68.42690277	CYVP
medium_airport	Norman Wells Airport	65.28160095	-126.7979965	CYVQ
large_airport	Vancouver International Airport	49.19390106	-123.1839981	CYVR
small_airport	Buffalo Narrows Airport	55.84189987	-108.4179993	CYVT
medium_airport	Wiarton Airport	44.7458	-81.107201	CYVV
small_airport	Deer Lake Airport	52.655613	-94.061208	CYVZ
heliport	Petawawa Heliport	45.952202	-77.319199	CYWA
small_airport	Wekweètì Airport	64.190804	-114.077002	CYWE
large_airport	Winnipeg / James Armstrong Richardson International Airport	49.90999985	-97.23989868	CYWG
seaplane_base	Victoria Harbour Seaplane Base	48.423782	-123.37198	CYWH
small_airport	Déline Airport	65.211098	-123.435997	CYWJ
medium_airport	Wabush Airport	52.9219017	-66.86440277	CYWK
medium_airport	Williams Lake Airport	52.18310165	-122.0540009	CYWL
small_airport	Webequie Airport	52.959393	-87.374868	CYWP
medium_airport	Wrigley Airport	63.20940018	-123.4369965	CYWY
medium_airport	Cranbrook/Canadian Rockies International Airport	49.6108017	-115.7819977	CYXC
medium_airport	Saskatoon John G. Diefenbaker International Airport	52.17079926	-106.6999969	CYXE
medium_airport	Medicine Hat Regional Airport	50.018902	-110.721001	CYXH
medium_airport	Fort St John / North Peace Regional Airport	56.238098	-120.739998	CYXJ
medium_airport	Rimouski Airport	48.477644	-68.496323	CYXK
medium_airport	Sioux Lookout Airport	50.11389923	-91.90529633	CYXL
small_airport	Whale Cove Airport	62.240002	-92.598099	CYXN
small_airport	Pangnirtung Airport	66.144878	-65.713606	CYXP
medium_airport	Beaver Creek Airport	62.41030121	-140.8670044	CYXQ
medium_airport	Earlton (Timiskaming Regional) Airport	47.69740065	-79.84734535	CYXR
medium_airport	Prince George Airport	53.884311	-122.666554	CYXS
medium_airport	Northwest Regional Airport Terrace-Kitimat	54.468498	-128.576009	CYXT
medium_airport	London Airport	43.035599	-81.1539	CYXU
medium_airport	Abbotsford International Airport	49.025299	-122.361	CYXX
medium_airport	Whitehorse / Erik Nielsen International Airport	60.709599	-135.067001	CYXY
medium_airport	Wawa Airport	47.96670151	-84.78669739	CYXZ
medium_airport	North Bay Jack Garland Airport	46.363602	-79.422798	CYYB
large_airport	Calgary International Airport	51.118822	-114.009933	CYYC
medium_airport	Smithers Airport	54.8246994	-127.1829987	CYYD
medium_airport	Fort Nelson Airport	58.83639908	-122.5970001	CYYE
medium_airport	Penticton Airport	49.46310043	-119.6019974	CYYF
medium_airport	Charlottetown Airport	46.29000092	-63.12110138	CYYG
small_airport	Taloyoak Airport	69.5467	-93.576698	CYYH
medium_airport	Victoria International Airport	48.647201	-123.427792	CYYJ
medium_airport	Lynn Lake Airport	56.86389923	-101.0759964	CYYL
small_airport	Cowley Airport	49.63639832	-114.0940018	CYYM
medium_airport	Swift Current Airport	50.29190063	-107.6910019	CYYN
medium_airport	Churchill Airport	58.73920059	-94.06500244	CYYQ
medium_airport	Goose Bay Airport	53.31919861	-60.42580032	CYYR
large_airport	St. John's International Airport	47.618599	-52.7519	CYYT
medium_airport	Kapuskasing Airport	49.411587	-82.469645	CYYU
medium_airport	Armstrong Airport	50.29029846	-88.90969849	CYYW
medium_airport	Mont Joli Airport	48.60860062	-68.20809937	CYYY
large_airport	Toronto Lester B. Pearson International Airport	43.6772	-79.6306	CYYZ
medium_airport	Gore Bay Manitoulin Airport	45.8853	-82.567802	CYZE
medium_airport	Yellowknife International Airport	62.462799	-114.440002	CYZF
small_airport	Salluit Airport	62.179401	-75.667198	CYZG
medium_airport	Slave Lake Airport	55.292945	-114.777276	CYZH
medium_airport	Sandspit Airport	53.25429916	-131.8139954	CYZP
medium_airport	Chris Hadfield Airport	42.999401	-82.308899	CYZR
medium_airport	Coral Harbour Airport	64.19329834	-83.35939789	CYZS
medium_airport	Port Hardy Airport	50.68059921	-127.3669968	CYZT
medium_airport	Whitecourt Airport	54.143902	-115.787003	CYZU
medium_airport	Sept-Îles Airport	50.22330093	-66.26560211	CYZV
medium_airport	Teslin Airport	60.17279816	-132.7429962	CYZW
medium_airport	CFB Greenwood	44.9844017	-64.91690063	CYZX
small_airport	Luhačovice Airfield	49.088188	17.718769	LKLU
small_airport	York Landing Airport	56.089401	-96.089203	CZAC
medium_airport	Shuswap Regional Airport	50.682802	-119.228996	CZAM
medium_airport	Boundary Bay Airport	49.0742	-123.012001	CZBB
small_airport	Ilford Airport	56.051622	-95.61882	CZBD
medium_airport	Bathurst Airport	47.6297	-65.738899	CZBF
medium_airport	Bromont (Roland Désourdy) Airport	45.290798	-72.741402	CZBM
medium_airport	Kelsey Airport	56.03749847	-96.50969696	CZEE
small_airport	Eastmain River Airport	52.226398	-78.522499	CZEM
medium_airport	Faro Airport	62.20750046	-133.3760071	CZFA
small_airport	Fond-du-Lac Airport	59.3344	-107.181999	CZFD
small_airport	Pukatawagan Airport	55.749199	-101.265999	CZFG
small_airport	Fort Mcpherson Airport	67.406993	-134.860182	CZFM
small_airport	Tulita Airport	64.909496	-125.570297	CZFN
medium_airport	Grand Forks Airport	49.015598	-118.431	CZGF
small_airport	Gods River Airport	54.839699	-94.078598	CZGI
small_airport	Little Grand Rapids Airport	52.045417	-95.46617	CZGR
small_airport	High Prairie Airport	55.3936	-116.474998	CZHP
medium_airport	Jenpeg Airport	54.51890182	-98.0460968	CZJG
medium_airport	Swan River Airport	52.120602	-101.236	CZJN
small_airport	Kashechewan Airport	52.282501	-81.677803	CZKE
medium_airport	Thicket Portage Airport	55.31890106	-97.70780182	CZLQ
small_airport	Muskrat Dam Airport	53.441399	-91.762802	CZMD
small_airport	South Cariboo Region / 108 Mile Airport	51.73609924	-121.3330002	CZML
medium_airport	Pikwitonei Airport	55.58890152	-97.16419983	CZMN
medium_airport	Masset Airport	54.0275	-132.125	CZMT
small_airport	Poplar River Airport	52.996526	-97.274194	CZNG
small_airport	Sachigo Lake Airport	53.890885	-92.195935	CZPB
medium_airport	Pincher Creek Airport	49.520429	-113.997002	CZPC
small_airport	Pinehouse Lake Airport	55.52809906	-106.5820007	CZPO
small_airport	Round Lake (Weagamow Lake) Airport	52.9436	-91.312798	CZRJ
medium_airport	Sandy Lake Airport	53.06420135	-93.3443985	CZSJ
small_airport	South Indian Lake Airport	56.792801	-98.907204	CZSN
medium_airport	Stewart Airport	55.93541045	-129.9824345	CZST
seaplane_base	Prince Rupert/Seal Cove Seaplane Base	54.333302	-130.283005	CZSW
small_airport	Bloodvein River Airport	51.784568	-96.692305	CZTA
small_airport	Shamattawa Airport	55.86356	-92.081137	CZTM
medium_airport	Ignace Municipal Airport	49.428204	-91.720418	CZUC
small_airport	Churchill Falls Airport	53.56190109	-64.10639954	CZUM
small_airport	Lac Brochet Airport	58.614279	-101.468954	CZWH
small_airport	Wollaston Lake Airport	58.106899	-103.171997	CZWL
medium_airport	Bou Saada Airport	35.3325	4.20639	DAAD
medium_airport	Soummam–Abane Ramdane Airport	36.711952	5.069804	DAAE
large_airport	Houari Boumediene Airport	36.693886	3.214531	DAAG
medium_airport	Djanet Inedbirene Airport	24.292801	9.45244	DAAJ
medium_airport	Illizi Takhamalt Airport	26.723499	8.62265	DAAP
medium_airport	Ain Arnat Airport	36.17810059	5.32449007	DAAS
medium_airport	Aguenar – Hadj Bey Akhamok Airport	22.811501	5.45108	DAAT
medium_airport	Jijel Ferhat Abbas Airport	36.795101	5.87361	DAAV
medium_airport	Mecheria Airport	33.53590012	-0.242353007	DAAY
medium_airport	Annaba Rabah Bitat Airport	36.826781	7.81334	DABB
medium_airport	Mohamed Boudiaf International Airport	36.27600098	6.620389938	DABC
medium_airport	Cheikh Larbi Tébessi Airport	35.43159866	8.12071991	DABS
medium_airport	Batna Mostefa Ben Boulaid Airport	35.752102	6.30859	DABT
medium_airport	Hassi R'Mel Airport	32.930401	3.31154	DAFH
medium_airport	Abdelhafid Boussouf Bou Chekif Airport	35.341099	1.46315	DAOB
medium_airport	Tindouf Airport	27.7003994	-8.167099953	DAOF
medium_airport	Chlef Aboubakr Belkaid International Airport	36.217166	1.342237	DAOI
medium_airport	Oran Tafraoui Airport	35.5424	-0.532278	DAOL
medium_airport	Zenata – Messali El Hadj Airport	35.013426	-1.457191	DAON
medium_airport	Oran Es-Sénia (Ahmed Ben Bella) International Airport	35.623901	-0.621183	DAOO
medium_airport	Béchar Boudghene Ben Ali Lotfi Airport	31.64570045	-2.269860029	DAOR
small_airport	Sidi Bel Abbes Airport	35.17179871	-0.593275011	DAOS
medium_airport	Ghriss Airport	35.207699	0.147142	DAOV
small_airport	El Bayadh Airport	33.721667	1.0925	DAOY
small_airport	In Guezzam Airport	19.560518	5.749326	DATG
small_airport	Bordj Badji Mokhtar Airport	21.3778	0.92698	DATM
medium_airport	Touat Cheikh Sidi Mohamed Belkebir Airport	27.837601	-0.186414	DAUA
medium_airport	Biskra - Mohamed Khider Airport	34.793301	5.73823	DAUB
medium_airport	El Golea Airport	30.580732	2.861595	DAUE
medium_airport	Noumérat - Moufdi Zakaria Airport	32.384102	3.79411	DAUG
medium_airport	Hassi Messaoud-Oued Irara Krim Belkacem Airport	31.673	6.14044	DAUH
medium_airport	In Salah Airport	27.250999	2.51202	DAUI
medium_airport	Touggourt Sidi Madhi Airport	33.067799	6.08867	DAUK
medium_airport	Laghouat - Molay Ahmed Medeghri Airport	33.7644	2.92834	DAUL
medium_airport	Guemar Airport - مطار قمار بالوادي	33.511398	6.77679	DAUO
medium_airport	Timimoun Airport	29.237101	0.276033	DAUT
medium_airport	Ain Beida Airport	31.9172	5.41278	DAUU
medium_airport	Zarzaitine - In Aménas Airport	28.0515	9.64291	DAUZ
medium_airport	Cadjehoun Airport	6.357230186	2.384350061	DBBB
small_airport	Djougou Airport	9.692083333	1.637777778	DBBD
small_airport	Kandi Airport	11.14479	2.940381	DBBK
small_airport	Natitingou Airport	10.376965	1.360507	DBBN
small_airport	Parakou Airport	9.357689857	2.609679937	DBBP
small_airport	Savé Airport	8.018170357	2.464580059	DBBS
small_airport	Gransee Airfield	53.00628	13.202177	EDUG
small_airport	Perleberg Glider Field	53.070464	11.818672	EDUP
small_airport	Müllheim Airfield	47.824316	7.639475	EDSM
small_airport	Deckenpfronn-Egelsee Airfield	48.6385	8.8175	EDSD
small_airport	Hütten Glider Field	47.6333	7.9412	EDSF
small_airport	Kaya Airport	13.067	-1.1	DFCA
small_airport	Ouahigouya Airport	13.655287	-2.322067	DFCC
small_airport	Djibo Airport	14.125	-1.624722	DFCJ
small_airport	Leo Airport	11.1	-2.1	DFCL
small_airport	Po Airport	11.179139	-1.148472	DFCP
small_airport	Boulsa Airport	12.65	-0.567	DFEA
small_airport	Bogande Airport	12.983	-0.167	DFEB
small_airport	Diapaga Airport	12.060324	1.784631	DFED
small_airport	Dori Airport	14.021638	-0.068207	DFEE
small_airport	Fada N'gourma Airport	12.033	0.35	DFEF
small_airport	Gorom-Gorom Airport	14.454174	-0.218644	DFEG
small_airport	Kantchari Airport	12.464046	1.492939	DFEL
small_airport	Tambao Airport	14.790874	0.039492	DFEM
small_airport	Pama Airport	11.25	0.7	DFEP
small_airport	Arly Airport	11.597	1.483	DFER
small_airport	Sebba Airport	13.45	0.517	DFES
small_airport	Tenkodogo Airport	11.801149	-0.371377	DFET
small_airport	Zabré Airport	11.167	-0.617	DFEZ
medium_airport	Ouagadougou Airport	12.3532	-1.51242	DFFD
small_airport	Banfora Airport	10.688861	-4.727726	DFOB
small_airport	Dedougou Airport	12.459	-3.49	DFOD
small_airport	Gaoua Airport	10.384059	-3.163454	DFOG
small_airport	Nouna Airport	12.75	-3.867000103	DFON
medium_airport	Bobo Dioulasso Airport	11.16009998	-4.33096981	DFOO
small_airport	Tougan Airport	13.059091	-3.077291	DFOT
small_airport	Diebougou Airport	10.95	-3.25	DFOU
small_airport	Aribinda Airport	14.21700001	-0.883000016	DFOY
large_airport	Kotoka International Airport	5.6051898	-0.166786	DGAA
medium_airport	Tamale Airport	9.557189941	-0.863214016	DGLE
small_airport	Wa Airport	10.0827	-2.50769	DGLW
medium_airport	Kumasi Airport	6.714560032	-1.590819955	DGSI
medium_airport	Sunyani Airport	7.36183	-2.32876	DGSN
medium_airport	Takoradi Airport	4.89605999	-1.774760008	DGTK
small_airport	Aboisso Airport	5.461944	-3.234722	DIAO
medium_airport	Félix-Houphouët-Boigny International Airport	5.26139	-3.92629	DIAP
small_airport	Abengourou Airport	6.71556	-3.47028	DIAU
small_airport	Boundiali Airport	9.540571	-6.469831	DIBI
medium_airport	Bouaké Airport	7.7388	-5.07367	DIBK
small_airport	Bouna Airport	9.255556	-3.033333	DIBN
small_airport	Soko Airport	8.01722	-2.76194	DIBU
small_airport	Dimbokro Airport	6.65167	-4.64056	DIDK
medium_airport	Daloa Airport	6.79281	-6.47319	DIDL
small_airport	Gagnoa Airport	6.102855	-5.986809	DIGA
small_airport	Guiglo Airport	6.534711	-7.526847	DIGL
small_airport	Nero-Mer Airport	4.643413067	-6.923961639	DIGN
medium_airport	Korhogo Airport	9.38718	-5.55666	DIKO
medium_airport	Man Airport	7.27207	-7.58736	DIMN
small_airport	Odienne Airport	9.539457	-7.56134	DIOD
small_airport	Ouango Fitini Airport	9.6	-4.05	DIOF
small_airport	Séguéla Airport	7.96	-6.644167	DISG
medium_airport	San Pedro Airport	4.74672	-6.66082	DISP
small_airport	Sassandra Airport	4.928888	-6.133156	DISS
small_airport	Tabou Airport	4.437809467	-7.362728119	DITB
small_airport	Mahana Airport	8.2934	-7.674	DITM
medium_airport	Yamoussoukro Airport	6.903170109	-5.365580082	DIYO
small_airport	Muhammadu Buhari International Cargo Airport	11.94411	11.80845	DMDM
large_airport	Nnamdi Azikiwe International Airport	9.00679	7.26317	DNAA
medium_airport	Akwa Ibom International Airport	4.8725	8.093	DNAI
medium_airport	Akure Airport	7.246739864	5.301010132	DNAK
medium_airport	Asaba International Airport	6.204167	6.665278	DNAS
medium_airport	Benin Airport	6.316979885	5.599500179	DNBE
medium_airport	Margaret Ekpo International Airport	4.976019859	8.347200394	DNCA
medium_airport	Akanu Ibiam International Airport	6.474269867	7.56196022	DNEN
medium_airport	Gombe Lawanti International Airport	10.298889	10.9	DNGO
medium_airport	Ibadan Airport	7.362460136	3.978329897	DNIB
medium_airport	Ilorin International Airport	8.440210342	4.493919849	DNIL
medium_airport	Sam Mbakwe International Airport	5.427060127	7.206029892	DNIM
medium_airport	Yakubu Gowon Airport	9.639829636	8.869050026	DNJO
medium_airport	Kaduna Airport	10.6960001	7.320109844	DNKA
medium_airport	Mallam Aminu International Airport	12.0476	8.52462	DNKN
medium_airport	Maiduguri International Airport	11.85529995	13.08090019	DNMA
medium_airport	Makurdi Airport	7.70388	8.61394	DNMK
large_airport	Murtala Muhammed International Airport	6.57737	3.32116	DNMM
medium_airport	Minna Airport	9.652170181	6.462259769	DNMN
medium_airport	Port Harcourt International Airport	5.015490055	6.949590206	DNPO
medium_airport	Sadiq Abubakar III International Airport	12.91629982	5.207190037	DNSO
medium_airport	Warri Airport	5.59821	5.8187	DNSU
medium_airport	Yola Airport	9.25755024	12.43039989	DNYO
medium_airport	Zaria Airport	11.1302	7.68581	DNZA
medium_airport	Maradi Airport	13.5025	7.12675	DRRM
large_airport	Diori Hamani International Airport	13.4815	2.18361	DRRN
medium_airport	Tahoua Airport	14.8757	5.26536	DRRT
medium_airport	Mano Dayak International Airport	16.9659996	8.000109673	DRZA
small_airport	Arlit Airport	18.79039955	7.365950108	DRZL
medium_airport	Zinder Airport	13.77900028	8.98375988	DRZR
medium_airport	Tabarka-Aïn Draham International Airport	36.98	8.87694	DTKA
medium_airport	Monastir Habib Bourguiba International Airport	35.7580986	10.75469971	DTMB
medium_airport	Enfidha - Hammamet International Airport	36.075833	10.438611	DTNH
large_airport	Tunis Carthage International Airport	36.851002	10.2272	DTTA
medium_airport	Gafsa Ksar International Airport	34.42200089	8.822500229	DTTF
medium_airport	Gabès Matmata International Airport	33.733691	9.91941	DTTG
medium_airport	Djerba Zarzis International Airport	33.875	10.7755	DTTJ
medium_airport	El Borma Airport	31.7043	9.25462	DTTR
medium_airport	Sfax Thyna International Airport	34.7179985	10.69099998	DTTX
medium_airport	Tozeur Nefta International Airport	33.93970108	8.110560417	DTTZ
medium_airport	Niamtougou International Airport	9.76733017	1.091249943	DXNG
medium_airport	Lomé–Tokoin International Airport	6.16561	1.25451	DXXX
medium_airport	Antwerp International Airport (Deurne)	51.190667	4.463153	EBAW
large_airport	Brussels Airport	50.901402	4.48444	EBBR
medium_airport	Brussels South Charleroi Airport	50.460982	4.457158	EBCI
medium_airport	Flanders International Airport Kortrijk-Wevelgem	50.818878	3.209551	EBKT
medium_airport	Liège Airport	50.638574	5.443897	EBLG
medium_airport	Oostende-Brugge International Airport	51.1998	2.874673	EBOS
small_airport	Oostmalle Airfield	51.269092	4.762428	EBZR
medium_airport	Leipzig–Altenburg Airport	50.981945	12.506389	EDAC
medium_airport	Heringsdorf Airport	53.8787	14.1523	EDAH
small_airport	Halle-Oppin Airfield	51.552223	12.053889	EDAQ
small_airport	Riesa-Göhlis Airport	51.29361	13.356111	EDAU
small_airport	Müritz Airpark	53.306389	12.752222	EDAX
small_airport	Strausberg Airfield	52.580555	13.916667	EDAY
small_airport	Cochstedt Airport	51.8564	11.4203	EDBC
small_airport	Stralsund-Barth Airport	54.338253	12.710515	EDBH
medium_airport	Neubrandenburg Trollenhagen Airport	53.6022	13.306	EDBN
small_airport	Rügen Airport	54.38347	13.325542	EDCG
small_airport	Köthen Airport	51.723745	11.948826	EDCK
small_airport	Peenemünde Airport	54.15778	13.774444	EDCP
large_airport	Berlin Brandenburg Airport	52.362247	13.500672	EDDB
medium_airport	Dresden Airport	51.134123	13.767831	EDDC
medium_airport	Erfurt-Weimar Airport	50.979801	10.9581	EDDE
large_airport	Frankfurt Airport	50.030241	8.561096	EDDF
medium_airport	Münster Osnabrück Airport	52.134602	7.68483	EDDG
large_airport	Hamburg Helmut Schmidt Airport	53.630402	9.98823	EDDH
large_airport	Cologne Bonn Airport	50.865898	7.14274	EDDK
large_airport	Düsseldorf Airport	51.289501	6.76678	EDDL
large_airport	Munich Airport	48.353802	11.7861	EDDM
large_airport	Nuremberg Airport	49.498699	11.078056	EDDN
large_airport	Leipzig/Halle Airport	51.420657	12.232705	EDDP
medium_airport	Saarbrücken Airport	49.21459961	7.109509945	EDDR
large_airport	Stuttgart Airport	48.689899	9.22196	EDDS
large_airport	Hannover Airport	52.461102	9.68508	EDDV
medium_airport	Bremen Airport	53.046786	8.78932	EDDW
small_airport	Heppenheim Glider Field	49.621944	8.624444	EDEP
small_airport	Anspach-Taunus Airfield	50.288334	8.533889	EDFA
medium_airport	Frankfurt-Hahn Airport	49.9487	7.26389	EDFH
medium_airport	Mannheim-City Airport	49.473057	8.514167	EDFM
small_airport	Ober-Mörlen Airfield	50.3622	8.71164	EDFP
medium_airport	Eisenach-Kindel Airport	50.991604	10.47973	EDGE
medium_airport	Siegerland Airport	50.707699	8.08297	EDGS
small_airport	Weinheim/Bergstraße Airfield	49.566763	8.61145	EDGZ
small_airport	Grube Airfield	54.244446	11.024722	EDHB
small_airport	Uetersen-Heist Airfield	53.645477	9.703503	EDHE
medium_airport	Hamburg-Finkenwerder Airport	53.53527832	9.83555603	EDHI
medium_airport	Kiel-Holtenau Airport	54.37957	10.145266	EDHK
medium_airport	Lübeck Blankensee Airport	53.805401	10.7192	EDHL
small_airport	Neumünster Airport	54.079445	9.941389	EDHN
small_airport	Ahrenlohe Airfield	53.70031	9.742119	EDHO
medium_airport	Memmingen Allgau Airport	47.98880005	10.23950005	EDJA
small_airport	Aachen-Merzbrück Airport	50.823055	6.186389	EDKA
small_airport	Dinslaken-Schwarze Heide Airfield	51.616018	6.861262	EDLD
small_airport	Essen-Mülheim Airport	51.402302	6.93733	EDLE
small_airport	Bielefeld Airport	51.964722	8.544444	EDLI
medium_airport	Mönchengladbach Airport	51.230278	6.504444	EDLN
medium_airport	Paderborn Lippstadt Airport	51.614101	8.61632	EDLP
small_airport	Oelde Bergeler Airfield	51.830601	8.17472	EDLU
medium_airport	Weeze Airport	51.60240173	6.142169952	EDLV
medium_airport	Dortmund Airport	51.518299	7.61224	EDLW
medium_airport	Augsburg Airport	48.425278	10.931667	EDMA
small_airport	Mindelheim-Mattsies Airfield	48.106945	10.525	EDMN
medium_airport	Oberpfaffenhofen Airport	48.081402	11.2831	EDMO
small_airport	Straubing Airport	48.900833	12.516667	EDMS
medium_airport	Friedrichshafen Airport	47.671299	9.51149	EDNY
small_airport	Schwabach-Heidenberg Airfield	49.268019	11.012606	EDPH
medium_airport	Bayreuth Airport	49.985001	11.64	EDQD
small_airport	Burg Feuerstein Airport	49.794167	11.133611	EDQE
small_airport	Giebelstadt Airport	49.64805603	9.966388702	EDQG
medium_airport	Hof-Plauen Airport	50.288544	11.852876	EDQM
small_airport	Bitburg Airport	49.945278	6.565	EDRB
small_airport	Zweibrücken Airport	49.2094	7.40056	EDRZ
medium_airport	Karlsruhe Baden-Baden Airport	48.7794	8.0805	EDSB
small_airport	Poltringen Airfield	48.547282	8.945918	EDSP
small_airport	Völkleshofen-Lichtenberg Airfield	49.009332	9.354601	EDSX
small_airport	Baden-Oos Airfield	48.791943	8.185833	EDTB
medium_airport	Lahr Airport	48.369301	7.82772	EDTL
medium_airport	Braunschweig-Wolfsburg Airport	52.319199	10.5561	EDVE
medium_airport	Kassel Airport	51.420699	9.392152	EDVK
small_airport	Emden Airport	53.391109	7.2275	EDWE
small_airport	Wangerooge Airport	53.782544	7.919584	EDWG
small_airport	JadeWeser Airport	53.50222	8.052222	EDWI
small_airport	Juist Airport	53.681421	7.056398	EDWJ
small_airport	Langeoog Airport	53.742379	7.496345	EDWL
small_airport	Borkum Airport	53.59639	6.709167	EDWR
small_airport	Norden-Norddeich Airport	53.633057	7.190278	EDWS
small_airport	Varrelbusch Airfield	52.908333	8.040556	EDWU
small_airport	Norderney Airport	53.706944	7.23	EDWY
small_airport	Baltrum Airport	53.72485	7.373257	EDWZ
small_airport	Flugplatz Achmer	52.37722	7.913333	EDXA
small_airport	Heide-Büsum Airport	54.153332	8.901667	EDXB
small_airport	Flensburg-Schäferhaus Airport	54.773335	9.378889	EDXF
small_airport	Helgoland-Düne Airport	54.18527985	7.915832996	EDXH
small_airport	Husum-Schwesing Airport	54.50999832	9.138333321	EDXJ
small_airport	Sankt Peter-Ording Airport	54.308887	8.686944	EDXO
small_airport	Harlesiel Airfield	53.706669	7.820278	EDXP
small_airport	Seedorf Airfield	53.335556	9.259444	EDXS
medium_airport	Westerland Sylt Airport	54.9132	8.34047	EDXW
small_airport	Wyk auf Föhr Airport	54.684444	8.528333	EDXY
small_airport	Rakvere Airfield	59.364032	26.35874	EERE
small_airport	Antsla Airfield	57.826111	26.4925	EEAA
heliport	Tallinn Linnahall Heliport	59.448015	24.753313	EECL
medium_airport	Ämari Air Base	59.259599	24.204799	EEEI
small_airport	Humala Airfield	59.3579	24.3795	EEHA
small_airport	Jõhvi Airfield	59.325974	27.392883	EEJI
medium_airport	Kärdla Airport	58.99079895	22.83069992	EEKA
medium_airport	Kuressaare Airport	58.22990036	22.5095005	EEKE
small_airport	Karksi Airfield	58.117078	25.552783	EEKI
small_airport	Lange Airfield (Lennundusmuuseum)	58.290658	26.767748	EELM
small_airport	Lyckholm Airstrip	59.02211	23.57808	EELU
small_airport	Narva Airfield	59.388599	28.1136	EENA
medium_airport	Pärnu Airport	58.41899872	24.4727993	EEPU
small_airport	Riidaja Airfield	58.08457	25.89877	EERD
small_airport	Ridali Airfield	57.939999	26.979	EERI
small_airport	Ruhnu Airfield	57.78559	23.262377	EERU
heliport	Salme Heliport	58.131944	22.258333	EESE
large_airport	Lennart Meri Tallinn Airport	59.413246	24.83264	EETN
medium_airport	Tartu Airport	58.307438	26.686473	EETU
small_airport	Viljandi Airfield	58.348374	25.494831	EEVI
small_airport	Vormsi Airfield	58.985169	23.252056	EEVO
heliport	Vihterpalu Manor Heliport	59.263571	23.875469	EEVP
small_airport	Varstu Airfield	57.63288	26.671085	EEVU
medium_airport	Enontekio Airport	68.36260223	23.42429924	EFET
medium_airport	Halli Airport	61.856039	24.786686	EFHA
large_airport	Helsinki Vantaa Airport	60.318363	24.963341	EFHK
small_airport	Hyvinkää Airfield	60.6544	24.8811	EFHV
medium_airport	Kitee Airport	62.1661	30.073601	EFIT
medium_airport	Ivalo Airport	68.6072998	27.40530014	EFIV
medium_airport	Joensuu Airport	62.658815	29.619398	EFJO
medium_airport	Jyväskylä Airport	62.399502	25.678301	EFJY
medium_airport	Kauhava Airfield	63.127102	23.051399	EFKA
medium_airport	Kemi-Tornio Airport	65.77870178	24.58209991	EFKE
medium_airport	Kajaani Airport	64.2855	27.6924	EFKI
medium_airport	Kauhajoki Airfield	62.463212	22.390817	EFKJ
medium_airport	Kokkola-Pietarsaari Airport	63.721199	23.143101	EFKK
medium_airport	Kuusamo Airport	65.987602	29.239401	EFKS
medium_airport	Kittilä Airport	67.7009964	24.84679985	EFKT
medium_airport	Kuopio Airport	63.007099	27.7978	EFKU
medium_airport	Lappeenranta Airport	61.044601	28.144743	EFLP
medium_airport	Mariehamn Airport	60.1222	19.898199	EFMA
medium_airport	Mikkeli Airport	61.6866	27.201799	EFMI
medium_airport	Oulu Airport	64.930099	25.354601	EFOU
medium_airport	Pori Airport	61.4617	21.799999	EFPO
medium_airport	Rovaniemi Airport	66.56479645	25.83040047	EFRO
medium_airport	Savonlinna Airport	61.9431	28.945101	EFSA
medium_airport	Seinäjoki Airport	62.692101	22.8323	EFSI
medium_airport	Sodankyla Airport	67.39499664	26.61910057	EFSO
medium_airport	Tampere-Pirkkala Airport	61.414101	23.604401	EFTP
medium_airport	Turku Airport	60.514099	22.2628	EFTU
medium_airport	Utti Air Base	60.8964	26.9384	EFUT
medium_airport	Vaasa Airport	63.050701	21.762199	EFVA
medium_airport	Varkaus Airport	62.171101	27.868601	EFVR
medium_airport	Ylivieska Airfield	64.054722	24.725278	EFYL
large_airport	Belfast International Airport	54.65750122	-6.215829849	EGAA
medium_airport	Enniskillen/St Angelo Airport	54.398899	-7.65167	EGAB
medium_airport	George Best Belfast City Airport	54.618099	-5.8725	EGAC
medium_airport	City of Derry Airport	55.0428009	-7.161109924	EGAE
large_airport	Birmingham Airport	52.453899	-1.74803	EGBB
medium_airport	Coventry Airport	52.369701	-1.47972	EGBE
medium_airport	Gloucestershire Airport	51.89419937	-2.167220116	EGBJ
small_airport	Sywell Aerodrome	52.305302	-0.793056	EGBK
medium_airport	Nottingham City Airport	52.919998	-1.07917	EGBN
small_airport	Cotswold Airport	51.668528	-2.056599	EGBP
small_airport	Coal Aston Airfield	53.304809	-1.42886	EGCA
large_airport	Manchester Airport	53.349375	-2.279521	EGCC
small_airport	Upavon Aerodrome	51.28657	-1.782239	EGDJ
medium_airport	RNAS Yeovilton	51.009399	-2.63882	EGDY
medium_airport	Campbeltown Airport	55.43719864	-5.686389923	EGEC
medium_airport	Eday Airport	59.19060135	-2.772219896	EGED
small_airport	Fair Isle Airport	59.534721	-1.628509	EGEF
small_airport	Whalsay Airstrip	60.376835	-0.927229	EGEH
small_airport	Broadford Airstrip	57.253399	-5.8279	EGEI
small_airport	North Ronaldsay Airport	59.36750031	-2.434439898	EGEN
small_airport	Oban Airport	56.463501	-5.39967	EGEO
small_airport	Papa Westray Airport	59.35169983	-2.900279999	EGEP
small_airport	Stronsay Airport	59.1553	-2.64139	EGER
small_airport	Sanday Airport	59.250301	-2.57667	EGES
small_airport	Lerwick / Tingwall Airport	60.1922	-1.24361	EGET
small_airport	Westray Airport	59.35029984	-2.950000048	EGEW
medium_airport	Haverfordwest Airport	51.83309937	-4.961110115	EGFE
medium_airport	Cardiff International Airport	51.396702	-3.34333	EGFF
medium_airport	Swansea Airport	51.601366	-4.071006	EGFH
medium_airport	Bristol Airport	51.382702	-2.71909	EGGD
medium_airport	Liverpool John Lennon Airport	53.333599	-2.84972	EGGP
large_airport	London Luton Airport	51.874699	-0.368333	EGGW
small_airport	Land's End Airport	50.102798	-5.67056	EGHC
small_airport	St. Mary's Airport	49.913375	-6.291894	EGHE
medium_airport	Bournemouth Airport	50.780483	-1.839576	EGHH
medium_airport	Southampton Airport	50.950298	-1.3568	EGHI
small_airport	Bembridge Airport	50.678101	-1.10944	EGHJ
medium_airport	Lasham Airfield	51.18744	-1.031663	EGHL
medium_airport	Cornwall Airport Newquay	50.440601	-4.99541	EGHQ
small_airport	Goodwood Aerodrome	50.859832	-0.760073	EGHR
medium_airport	Alderney Airport	49.706104	-2.21472	EGJA
medium_airport	Guernsey Airport	49.435001	-2.60197	EGJB
medium_airport	Jersey Airport	49.207901	-2.195509911	EGJJ
medium_airport	Brighton City Airport	50.835602	-0.297222	EGKA
medium_airport	London Biggin Hill Airport	51.3307991	0.032499999	EGKB
large_airport	London Gatwick Airport	51.148771	-0.192089	EGKK
small_airport	Redhill Aerodrome	51.2136	-0.138611	EGKR
medium_airport	London City Airport	51.505299	0.055278	EGLC
medium_airport	Farnborough Airport	51.275799	-0.776333	EGLF
medium_airport	Blackbushe Airport	51.323898	-0.8475	EGLK
large_airport	London Heathrow Airport	51.4706	-0.461941	EGLL
medium_airport	London Southend Airport	51.570562	0.693627	EGMC
medium_airport	Lydd London Ashford Airport	50.956246	0.939074	EGMD
medium_airport	Carlisle Lake District Airport	54.9375	-2.80917	EGNC
medium_airport	Blackpool Airport	53.771702	-3.02861	EGNH
medium_airport	Humberside Airport	53.576152	-0.34954	EGNJ
medium_airport	Barrow Walney Island Airport	54.1286111	-3.2675	EGNL
medium_airport	Leeds Bradford Airport	53.865898	-1.66057	EGNM
medium_airport	Warton Aerodrome	53.745098	-2.88306	EGNO
medium_airport	Hawarden Airport	53.178101	-2.97778	EGNR
medium_airport	Isle of Man Airport	54.083302	-4.62389	EGNS
medium_airport	Newcastle International Airport	55.037958	-1.689577	EGNT
medium_airport	Teesside International Airport	54.509201	-1.42941	EGNV
medium_airport	East Midlands Airport	52.8311	-1.32806	EGNX
medium_airport	Anglesey Airport	53.2481	-4.53534	EGOV
medium_airport	Kirkwall Airport	58.95780182	-2.904999971	EGPA
medium_airport	Sumburgh Airport	59.878899	-1.29556	EGPB
medium_airport	Wick John O'Groats Airport	58.4589	-3.09306	EGPC
medium_airport	Aberdeen International Airport	57.2019	-2.19778	EGPD
medium_airport	Inverness Airport	57.54249954	-4.047500134	EGPE
large_airport	Glasgow Airport	55.871899	-4.43306	EGPF
large_airport	Edinburgh Airport	55.950145	-3.372288	EGPH
medium_airport	Islay Airport	55.682708	-6.257525	EGPI
medium_airport	Glasgow Prestwick Airport	55.502003	-4.587019	EGPK
medium_airport	Benbecula Airport	57.48109818	-7.362780094	EGPL
medium_airport	Dundee Airport	56.45249939	-3.02583003	EGPN
medium_airport	Stornoway Airport	58.215599	-6.33111	EGPO
medium_airport	Barra Airport	57.0228	-7.44306	EGPR
small_airport	Perth/Scone Airport	56.439201	-3.37222	EGPT
medium_airport	Tiree Airport	56.49919891	-6.869170189	EGPU
small_airport	Unst Airport	60.7472	-0.85385	EGPW
medium_airport	Leuchars Station Airfield	56.37398	-2.868862	EGQL
medium_airport	RAF Lossiemouth	57.7052002	-3.339169979	EGQS
medium_airport	Cambridge City Airport	52.205002	0.175	EGSC
medium_airport	Norwich Airport	52.6758	1.28278	EGSH
large_airport	London Stansted Airport	51.884998	0.235	EGSS
small_airport	Duxford Aerodrome	52.090801	0.131944	EGSU
small_airport	Old Buckenham Airfield	52.497501	1.05194	EGSV
small_airport	Wycombe Air Park	51.61177	-0.808316	EGTB
medium_airport	Exeter International Airport	50.734261	-3.413984	EGTE
medium_airport	London Oxford Airport	51.836899	-1.32	EGTK
small_airport	Rochester Airport	51.351898	0.503333	EGTO
medium_airport	RAF Benson	51.614366	-1.095991	EGUB
medium_airport	RAF Lakenheath	52.40954	0.561161	EGUL
medium_airport	RAF Mildenhall	52.3619	0.486406	EGUN
medium_airport	RAF Fairford	51.683568	-1.789172	EGVA
medium_airport	RAF Brize Norton	51.75	-1.58362	EGVN
medium_airport	RAF Odiham	51.2341	-0.942825	EGVO
small_airport	RAF Halton	51.790699	-0.737972	EGWN
medium_airport	RAF Northolt	51.553001	-0.418167	EGWU
medium_airport	RAF Coningsby	53.092999	-0.166014	EGXC
medium_airport	RAF Honington	52.342602	0.772939	EGXH
medium_airport	RAF Waddington	53.166199	-0.523811	EGXW
medium_airport	RAF Marham	52.648395	0.550692	EGYM
medium_airport	Mount Pleasant Airport	-51.82279968	-58.44720078	EGYP
small_airport	Feshiebridge Glider Field	57.103667	-3.891667	EGZL
small_airport	Ameland Airport Ballum	53.453612	5.678396	EHAL
large_airport	Amsterdam Airport Schiphol	52.308601	4.76389	EHAM
medium_airport	Kempen Airport Budel	51.255299	5.60139	EHBD
medium_airport	Maastricht Aachen Airport	50.911701	5.77014	EHBK
medium_airport	Deelen Air Base	52.0606	5.87306	EHDL
small_airport	Drachten Airfield	53.117933	6.127324	EHDR
heliport	D15-FA-1 Heliport	54.32472	2.93417	EHDV
large_airport	Eindhoven Airport	51.45009995	5.374529839	EHEH
medium_airport	Groningen Airport Eelde	53.119701	6.57944	EHGG
medium_airport	Gilze Rijen Air Base	51.567402	4.93183	EHGR
medium_airport	De Kooy Airfield / Den Helder Naval Air Station	52.923401	4.78062	EHKD
medium_airport	Lelystad Airport	52.453188	5.514622	EHLE
medium_airport	Leeuwarden Air Base	53.22859955	5.760560036	EHLW
medium_airport	Rotterdam The Hague Airport	51.956902	4.43722	EHRD
small_airport	Breda International Airport	51.554901	4.553003	EHSE
small_airport	Teuge Airport	52.242764	6.050004	EHTE
heliport	Terschelling Heliport	53.384129	5.278094	EHTS
medium_airport	Twente Airport	52.275833	6.889167	EHTW
medium_airport	Volkel Air Base	51.657222	5.707778	EHVK
medium_airport	Woensdrecht Air Base	51.4491	4.34203	EHWO
small_airport	Bantry Aerodrome	51.6772	-9.487123	EIBN
small_airport	Belmullet Aerodrome	54.22280121	-10.03079987	EIBT
small_airport	Connemara Regional Airport	53.2303009	-9.467780113	EICA
medium_airport	Cork Airport	51.841301	-8.49111	EICK
medium_airport	Galway Airport	53.300201	-8.94159	EICM
medium_airport	Donegal Airport	55.0442009	-8.340999603	EIDL
large_airport	Dublin Airport	53.428713	-6.262121	EIDW
small_airport	Inishmore Aerodrome	53.1067009	-9.653610229	EIIM
small_airport	Inisheer Aerodrome	53.064701	-9.5109	EIIR
small_airport	Kilkenny Airport	52.6507988	-7.296110153	EIKK
medium_airport	Ireland West Knock Airport	53.910301	-8.81849	EIKN
medium_airport	Kerry Airport	52.180901	-9.52378	EIKY
small_airport	Letterkenny Airfield	54.951302	-7.67283	EILT
small_airport	Inishmaan Aerodrome	53.092999	-9.56806	EIMN
large_airport	Shannon Airport	52.702	-8.92482	EINN
medium_airport	Sligo Airport	54.28020096	-8.599209785	EISG
medium_airport	Waterford Airport	52.187199	-7.08696	EIWF
medium_airport	Weston Airport	53.351622	-6.490357	EIWT
medium_airport	Aarhus Airport	56.303331	10.618286	EKAH
large_airport	Billund Airport	55.740335	9.157019	EKBI
large_airport	Copenhagen Kastrup Airport	55.61790085	12.65600014	EKCH
medium_airport	Esbjerg Airport	55.525902	8.5534	EKEB
medium_airport	Midtjyllands Airport / Air Base Karup	56.297139	9.104311	EKKA
small_airport	Læsø Airport	57.277199	11.0001	EKLS
medium_airport	Lolland Falster Maribo Airport	54.699447	11.438163	EKMB
medium_airport	Odense Hans Christian Andersen Airport	55.475307	10.327206	EKOD
medium_airport	Copenhagen Roskilde Airport	55.585602	12.1314	EKRK
medium_airport	Bornholm Airport	55.063301	14.7596	EKRN
medium_airport	Sønderborg Airport	54.96440125	9.791729927	EKSB
medium_airport	Sindal Airport	57.503502	10.2294	EKSN
medium_airport	Skrydstrup Air Base	55.221048	9.26702	EKSP
medium_airport	Skive Airport	56.550201	9.17298	EKSV
medium_airport	Thisted Airport	57.068802	8.70522	EKTS
medium_airport	Vágar Airport	62.063256	-7.275782	EKVG
medium_airport	Stauning Vestjylland  Airport	55.990101	8.35391	EKVJ
medium_airport	Aalborg Airport	57.094763	9.84993	EKYT
large_airport	Luxembourg-Findel International Airport	49.6233333	6.2044444	ELLX
medium_airport	Ålesund Airport, Vigra	62.5625	6.1197	ENAL
medium_airport	Andøya Airport, Andenes	69.292503	16.144199	ENAN
medium_airport	Alta Airport	69.976097	23.3717	ENAT
small_airport	Førde Airport, Bringeland	61.391102	5.75694	ENBL
medium_airport	Brønnøysund Airport, Brønnøy	65.461098	12.2175	ENBN
medium_airport	Bodø Airport	67.269203	14.3653	ENBO
large_airport	Bergen Airport, Flesland	60.2934	5.21814	ENBR
medium_airport	Båtsfjord Airport	70.60025	29.692612	ENBS
medium_airport	Berlevåg Airport	70.871517	29.034097	ENBV
medium_airport	Kristiansand Airport, Kjevik	58.204201	8.08537	ENCN
medium_airport	Bardufoss Airport	69.055801	18.5404	ENDU
medium_airport	Harstad/Narvik Airport, Evenes	68.49130249	16.67810059	ENEV
medium_airport	Fagernes Airport, Leirin	61.015598	9.28806	ENFG
medium_airport	Florø Airport	61.58359909	5.024720192	ENFL
large_airport	Oslo Airport, Gardermoen	60.193901	11.1004	ENGM
small_airport	Hamar Lufthavn, Stavsberg	60.8181	11.068	ENHA
medium_airport	Haugesund Airport, Karmøy	59.345299	5.20836	ENHD
medium_airport	Hammerfest Airport	70.679703	23.6686	ENHF
small_airport	Hasvik Airport	70.486702	22.1397	ENHK
medium_airport	Honningsvåg Airport, Valan	71.009697	25.983601	ENHV
medium_airport	Kristiansund Airport, Kvernberget	63.111801	7.82452	ENKB
small_airport	Gol Airport	60.791066	9.048672	ENKL
medium_airport	Kirkenes Airport, Høybuktmoen	69.7258	29.8913	ENKR
medium_airport	Leknes Airport	68.15249634	13.6093998	ENLK
medium_airport	Mehamn Airport	71.029701	27.8267	ENMH
medium_airport	Molde Airport, Årø	62.744701	7.2625	ENML
medium_airport	Mosjøen Airport, Kjærstad	65.783997	13.2149	ENMS
medium_airport	Lakselv Airport, Banak	70.068802	24.973499	ENNA
small_airport	Namsos Airport	64.472198	11.5786	ENNM
medium_airport	Notodden Airport	59.565071	9.213152	ENNO
medium_airport	Ørland Airport	63.69889832	9.604000092	ENOL
medium_airport	Ørsta-Volda Airport, Hovden	62.18000031	6.074100018	ENOV
medium_airport	Mo i Rana Airport, Røssvoll	66.36389923	14.30140018	ENRA
medium_airport	Rørvik Airport, Ryum	64.83830261	11.14610004	ENRM
medium_airport	Røros Airport	62.57839966	11.34230042	ENRO
small_airport	Røst Airport	67.526482	12.101575	ENRS
medium_airport	Moss Airport, Rygge	59.378817	10.785439	ENRY
medium_airport	Svalbard Airport, Longyear	78.24610138	15.46560001	ENSB
small_airport	Sandane Airport, Anda	61.830002	6.10583	ENSD
small_airport	Sogndal Airport, Haukåsen	61.156101	7.13778	ENSG
medium_airport	Svolvær Airport, Helle	68.243301	14.6692	ENSH
medium_airport	Stokmarknes Airport, Skagen	68.578827	15.033417	ENSK
medium_airport	Skien Airport	59.185001	9.56694	ENSN
medium_airport	Stord Airport, Sørstokken	59.791901	5.34085	ENSO
medium_airport	Sørkjosen Airport	69.786797	20.9594	ENSR
medium_airport	Vardø Airport, Svartnes	70.3554	31.044901	ENSS
medium_airport	Sandnessjøen Airport, Stokka	65.956802	12.4689	ENST
large_airport	Tromsø Airport, Langnes	69.683296	18.9189	ENTC
medium_airport	Sandefjord Airport, Torp	59.186699	10.2586	ENTO
large_airport	Trondheim Airport, Værnes	63.457802	10.924	ENVA
medium_airport	Vadsø Airport	70.0653	29.8447	ENVD
large_airport	Stavanger Airport, Sola	58.876701	5.63778	ENZV
medium_airport	Bydgoszcz Ignacy Jan Paderewski Airport	53.096802	17.977699	EPBY
large_airport	Gdańsk Lech Wałęsa Airport	54.377602	18.4662	EPGD
large_airport	Kraków John Paul II International Airport	50.077702	19.7848	EPKK
medium_airport	Katowice Wojciech Korfanty International Airport	50.476015	19.080705	EPKT
medium_airport	Lublin Airport	51.240157	22.713461	EPLB
medium_airport	Łódź Władysław Reymont Airport	51.721901	19.3981	EPLL
medium_airport	Modlin Airport	52.451099	20.6518	EPMO
medium_airport	Poznań-Ławica Airport	52.421598	16.823359	EPPO
medium_airport	Warsaw Radom Airport	51.38937	21.214742	EPRA
small_airport	Częstochowa-Rudniki Airport	50.884716	19.201842	EPRU
medium_airport	Rzeszów-Jasionka Airport	50.109791	22.024155	EPRZ
medium_airport	Solidarity Szczecin–Goleniów Airport	53.584702	14.9022	EPSC
small_airport	Słupsk-Krȩpa Airfield	54.410036	17.090572	EPSK
medium_airport	Olsztyn-Mazury Airport	53.481899	20.9377	EPSY
large_airport	Warsaw Chopin Airport	52.165699	20.9671	EPWA
medium_airport	Copernicus Wrocław Airport	51.103719	16.882096	EPWR
medium_airport	Zielona Góra-Babimost Airport	52.1385	15.7986	EPZG
small_airport	El Molinillo Airfield	38.739954	-6.391888	LELI
small_airport	El Rinconcillo de Guadalupe	39.594127	-6.206276	LEGP
medium_airport	Ronneby Airport	56.266701	15.265	ESDF
large_airport	Göteborg Landvetter Airport	57.6628	12.2798	ESGG
medium_airport	Jönköping Airport	57.75759888	14.06869984	ESGJ
small_airport	Lidköping-Hovby Airport	58.4655	13.1744	ESGL
medium_airport	Säve Airport	57.7747	11.8704	ESGP
medium_airport	Skövde Airport	58.456402	13.9727	ESGR
medium_airport	Trollhättan-Vänersborg Airport	58.31809998	12.34500027	ESGT
medium_airport	Karlskoga Airport	59.345901	14.4959	ESKK
medium_airport	Mora Airport	60.957901	14.5114	ESKM
medium_airport	Stockholm Skavsta Airport	58.788601	16.912201	ESKN
medium_airport	Kristianstad Airport	55.9217	14.0855	ESMK
small_airport	Oskarshamn Airport	57.350498	16.497999	ESMO
medium_airport	Kalmar Airport	56.685501	16.2876	ESMQ
medium_airport	Malmö Sturup Airport	55.535564	13.376327	ESMS
medium_airport	Halmstad Airport	56.69110107	12.82019997	ESMT
medium_airport	Växjö Kronoberg Airport	56.92910004	14.72799969	ESMX
small_airport	Sveg Airport	62.047798	14.4229	ESND
medium_airport	Gällivare Airport	67.13240051	20.81459999	ESNG
medium_airport	Kramfors-Sollefteå Höga Kusten Airport	63.048599	17.7689	ESNK
medium_airport	Lycksele Airport	64.548302	18.7162	ESNL
medium_airport	Sundsvall-Härnösand Airport	62.52809906	17.44389915	ESNN
medium_airport	Örnsköldsvik Airport	63.40829849	18.98999977	ESNO
medium_airport	Kiruna Airport	67.8219986	20.33679962	ESNQ
medium_airport	Skellefteå Airport	64.62480164	21.07690048	ESNS
medium_airport	Umeå Airport	63.79180145	20.28280067	ESNU
medium_airport	Vilhelmina South Lapland Airport	64.579102	16.833599	ESNV
medium_airport	Arvidsjaur Airport	65.59030151	19.28190041	ESNX
medium_airport	Söderhamn Airport	61.261501	17.0991	ESNY
medium_airport	Åre Östersund Airport	63.194135	14.500322	ESNZ
medium_airport	Örebro Airport	59.22370148	15.03800011	ESOE
small_airport	Hagfors Airport	60.0201	13.5789	ESOH
medium_airport	Karlstad Airport	59.444698	13.3374	ESOK
medium_airport	Stockholm Västerås Airport	59.58940125	16.63360023	ESOW
medium_airport	Luleå Airport	65.5438	22.122	ESPA
large_airport	Stockholm-Arlanda Airport	59.64849	17.928829	ESSA
medium_airport	Stockholm-Bromma Airport	59.35440063	17.94169998	ESSB
medium_airport	Dala Airport	60.422001	15.5152	ESSD
small_airport	Hultsfred Airport	57.525799	15.8233	ESSF
medium_airport	Gävle Sandviken Airport	60.5933	16.951401	ESSK
medium_airport	Linköping City Airport	58.40620041	15.68050003	ESSL
medium_airport	Norrköping Airport	58.5862999	16.25060081	ESSP
medium_airport	Torsby Airport	60.1576	12.9913	ESST
medium_airport	Eskilstuna Airport	59.351101	16.708401	ESSU
medium_airport	Visby Airport	57.66279984	18.34620094	ESSV
small_airport	Västervik Airport	57.779999	16.5236	ESSW
medium_airport	Ängelholm-Helsingborg Airport	56.29610062	12.84710026	ESTA
medium_airport	Storuman Airport	64.960899	17.6966	ESUD
small_airport	Idre Airport	61.869701	12.6894	ESUE
small_airport	Pajala Airport	67.244569	23.074894	ESUP
small_airport	Hemavan Airport	65.806099	15.0828	ESUT
medium_airport	Spangdahlem Air Base	49.976507	6.698413	ETAD
medium_airport	Ramstein Air Base	49.436901	7.60028	ETAR
medium_airport	Fritzlar Army Airfield	51.1146	9.286	ETHF
heliport	Illesheim Army Heliport	49.4739	10.3881	ETIK
medium_airport	Sea-Airport Cuxhaven/Nordholz / Nordholz Naval Airbase	53.767689	8.659201	ETMN
medium_airport	Geilenkirchen Air Base	50.9608	6.04242	ETNG
medium_airport	Rostock-Laage Airport	53.918201	12.2783	ETNL
medium_airport	Schleswig Air Base	54.459301	9.51633	ETNS
medium_airport	Wiesbaden Army Airfield	50.04980087	8.325400352	ETOU
medium_airport	Ingolstadt Manching Airport	48.71569824	11.5340004	ETSI
medium_airport	Liepāja International Airport	56.517502	21.096901	EVLA
large_airport	Riga International Airport	56.923599	23.9711	EVRA
small_airport	Ventspils International Airport	57.3578	21.544201	EVVA
medium_airport	Kaunas International Airport	54.96390152	24.08480072	EYKA
medium_airport	Palanga International Airport	55.97320175	21.09390068	EYPA
medium_airport	Panevėžys Air Base	55.72940063	24.46080017	EYPP
medium_airport	Šiauliai International Airport	55.89390182	23.39500046	EYSA
large_airport	Vilnius International Airport	54.634102	25.285801	EYVI
medium_airport	Alexander Bay Airport	-28.575001	16.5333	FAAB
medium_airport	Aggeneys Airport	-29.281799	18.8139	FAAG
small_airport	Alldays Airport	-22.679001	29.0555	FAAL
medium_airport	Bisho Airport	-32.897099	27.2791	FABE
medium_airport	Bram Fischer International Airport	-29.092699	26.302401	FABL
small_airport	Cradock Airport	-32.15670013	25.64559937	FACD
large_airport	Cape Town International Airport	-33.96480179	18.60169983	FACT
small_airport	Mubatuba Airport	-28.36840057	32.24810028	FADK
small_airport	Zulu Inyala Airport	-27.84939957	32.30970001	FADQ
medium_airport	King Phalo Airport	-33.035599	27.825899	FAEL
small_airport	Empangeni Airport	-28.71999931	31.88999939	FAEM
small_airport	Ellisras Matimba Airport	-23.72669983	27.68829918	FAER
medium_airport	Ficksburg Sentraoes Airport	-28.82309914	27.90889931	FAFB
medium_airport	Grand Central Airport	-25.98629951	28.14010048	FAGC
medium_airport	George Airport	-34.0056	22.378902	FAGG
small_airport	Giyani Airport	-23.2833	30.65	FAGI
medium_airport	Rand Airport	-26.2425	28.151199	FAGM
small_airport	Hluhluwe Airport	-28.01660499	32.27517128	FAHL
medium_airport	Harrismith Airport	-28.2351	29.106199	FAHR
small_airport	Hoedspruit Air Force Base Airport	-24.36860085	31.04870033	FAHS
medium_airport	P C Pelser Airport	-26.871099	26.718	FAKD
medium_airport	Kimberley Airport	-28.80279922	24.76519966	FAKM
medium_airport	Kruger Mpumalanga International Airport	-25.38319969	31.10560036	FAKN
small_airport	Komatipoort Airport	-25.44029999	31.93000031	FAKP
medium_airport	Johan Pienaar Airport	-27.45669937	23.41139984	FAKU
medium_airport	Kleinsee Airport	-29.68840027	17.09399986	FAKZ
medium_airport	Lanseria International Airport	-25.938499	27.9261	FALA
medium_airport	Lime Acres Finsch Mine Airport	-28.36009979	23.43910027	FALC
small_airport	Londolozi Airport	-24.7478	31.4743	FALD
large_airport	King Shaka International Airport	-29.61444444	31.11972222	FALE
small_airport	Louis Trichardt Airport	-23.06189919	29.86470032	FALO
medium_airport	Langebaanweg Airport	-32.96889877	18.1602993	FALW
medium_airport	Ladysmith Airport	-28.58169937	29.74970055	FALY
medium_airport	Malamala Airport	-24.816866	31.544085	FAMD
medium_airport	Margate Airport	-30.85740089	30.34300041	FAMG
medium_airport	Mmabatho International Airport	-25.79840088	25.54800034	FAMM
small_airport	Malelane Airport	-25.473581	31.565947	FAMN
small_airport	Mossel Bay Airport	-34.158746	22.055676	FAMO
medium_airport	Morningside Farm Airport	-25.7045002	26.9090004	FAMS
medium_airport	Mkuze Airport	-27.62610054	32.04430008	FAMU
medium_airport	Newcastle Airport	-27.77059937	29.9769001	FANC
small_airport	Ngala Airport	-24.389	31.326	FANG
small_airport	Nelspruit Airport	-25.5	30.91379929	FANS
small_airport	Overberg Airport	-34.563474	20.252438	FAOB
medium_airport	Oudtshoorn Airport	-33.60699844	22.18899918	FAOH
large_airport	O.R. Tambo International Airport	-26.1392	28.246	FAOR
small_airport	Port Alfred Airport	-33.555057	26.881656	FAPA
medium_airport	Chief Dawid Stuurman International Airport	-33.984901	25.6173	FAPE
medium_airport	Plettenberg Bay Airport	-34.08816	23.328723	FAPG
medium_airport	Hendrik Van Eck Airport	-23.93720055	31.15539932	FAPH
medium_airport	Port St Johns Airport	-31.60612	29.52175	FAPJ
small_airport	Prieska Airport	-29.68359947	22.77059937	FAPK
medium_airport	Pietermaritzburg Airport	-29.64900017	30.39870071	FAPM
small_airport	Pilanesberg International Airport	-25.333799	27.173401	FAPN
medium_airport	Polokwane International Airport	-23.845269	29.458615	FAPP
medium_airport	Potchefstroom Airport	-26.67099953	27.08189964	FAPS
medium_airport	Queenstown Airport	-31.92020035	26.88220024	FAQT
medium_airport	Richards Bay Airport	-28.74099922	32.09209824	FARB
small_airport	Reivilo Airport	-27.54719925	24.17250061	FARI
medium_airport	Robertson Airport	-33.812199	19.9028	FARS
medium_airport	Springbok Airport	-29.68930054	17.93959999	FASB
medium_airport	Secunda Airport	-26.52409935	29.17009926	FASC
medium_airport	Sishen Airport	-27.6486	22.9993	FASS
medium_airport	Skukuza Airport	-24.96089935	31.58869934	FASZ
small_airport	Thohoyandou Airport	-23.0769	30.3836	FATH
small_airport	Thaba Nchu Tar Airport	-29.31780052	26.82279968	FATN
medium_airport	Tzaneen Airport	-23.8244	30.3293	FATZ
medium_airport	Prince Mangosuthu Buthelezi Airport	-28.32060051	31.41650009	FAUL
medium_airport	Pierre Van Ryneveld Airport	-28.39909935	21.2602005	FAUP
small_airport	Ulusaba Airport	-24.78540039	31.35490036	FAUS
medium_airport	K. D. Matanzima Airport	-31.54636318	28.6733551	FAUT
medium_airport	Vryburg Airport	-26.98240089	24.72879982	FAVB
medium_airport	Virginia Airport	-29.770599	31.058399	FAVG
medium_airport	Vredendal Airport	-31.64100075	18.5447998	FAVR
small_airport	Vryheid Airport	-27.78689957	30.79640007	FAVY
medium_airport	Wonderboom Airport	-25.6539	28.224199	FAWB
medium_airport	Waterkloof Air Force Base	-25.82999992	28.22249985	FAWK
small_airport	Welkom Airport	-27.996825	26.663334	FAWM
small_airport	Ghanzi Airport	-21.692499	21.6581	FBGZ
medium_airport	Jwaneng Airport	-24.602301	24.691	FBJW
medium_airport	Kasane Airport	-17.832899	25.162399	FBKE
small_airport	Khwai River Lodge Airport	-19.149477	23.787937	FBKR
small_airport	Lobatse Airport	-25.1981	25.7139	FBLO
medium_airport	Maun Airport	-19.970491	23.431409	FBMN
small_airport	Orapa Airport	-21.265901	25.319667	FBOR
large_airport	Sir Seretse Khama International Airport	-24.555201	25.9182	FBSK
medium_airport	Sua Pan Airport	-20.5534	26.115801	FBSN
medium_airport	Selebi Phikwe Airport	-22.0583	27.8288	FBSP
small_airport	Savuti Airport	-18.518475	24.077687	FBSV
small_airport	Shakawe Airport	-18.37389946	21.83259964	FBSW
small_airport	Tuli Lodge Airport	-22.191897	29.131229	FBTL
small_airport	Tshabong Airport	-26.034524	22.401252	FBTS
medium_airport	Maya-Maya Airport	-4.251699924	15.25300026	FCBB
small_airport	Djambala Airport	-2.516883	14.754403	FCBD
small_airport	Kindamba Airport	-3.749781	14.490264	FCBK
small_airport	Lague Airport	-2.45	14.533	FCBL
small_airport	Mouyondzi Airport	-4.014874	13.966112	FCBM
small_airport	Sibiti Airport	-3.683	13.35	FCBS
small_airport	Yokangassi Airport	-4.223077	13.286347	FCBY
small_airport	Zanaga Airport	-2.85	13.817	FCBZ
small_airport	Mossendjo Airport	-2.95	12.7	FCMM
small_airport	Boundji Airport	-1.03104	15.336009	FCOB
small_airport	Ewo Airport	-0.883	14.8	FCOE
small_airport	Gamboma Airport	-1.829403	15.885237	FCOG
small_airport	Impfondo Airport	1.589968	18.046624	FCOI
small_airport	Kelle Airport	-0.071271	14.506621	FCOK
small_airport	Makoua Airport	-0.020842	15.577746	FCOM
medium_airport	Owando Airport	-0.524566	15.93782	FCOO
small_airport	Souanke Airport	1.998326	14.174217	FCOS
small_airport	Betou Airport	3.057593	18.514433	FCOT
medium_airport	Ouesso Airport	1.61599	16.037901	FCOU
small_airport	Makabana Airport	-3.483	12.617	FCPA
medium_airport	Ngot Nzoungou Airport	-4.20635	12.6599	FCPD
medium_airport	Antonio Agostinho-Neto International Airport	-4.81603	11.8866	FCPP
medium_airport	Matsapha Airport	-26.528999	31.307501	FDMS
large_airport	King Mswati III International Airport	-26.358611	31.716944	FDSK
small_airport	Carnot Airport	4.936999798	15.89400005	FEFC
medium_airport	Bangui M'Poko International Airport	4.398479939	18.51880074	FEFF
small_airport	Bangassou Airport	4.784999847	22.78100014	FEFG
small_airport	Birao Airport	10.23639965	22.71689987	FEFI
small_airport	Bambari Airport	5.847012	20.64992	FEFM
small_airport	N'Délé Airport	8.427206039	20.63515663	FEFN
small_airport	Bouar Airport	5.958000183	15.63700008	FEFO
small_airport	Bria Airport	6.527780056	21.98940086	FEFR
small_airport	Bossangoa Airport	6.492000103	17.42900085	FEFS
medium_airport	Berbérati Airport	4.221580029	15.78639984	FEFT
small_airport	Ouadda Airport	8.010560036	22.39859962	FEFW
small_airport	Yalinga Airport	6.519999981	23.26000023	FEFY
small_airport	Zemio Airport	5.002226	25.101857	FEFZ
small_airport	M'Boki Airport	5.333010197	25.93190002	FEGE
small_airport	Batangafo Airport	7.314109802	18.30879974	FEGF
small_airport	Bakouma Airport	5.693999767	22.8010006	FEGM
small_airport	Ouanda Djallé Airport	8.899999619	22.78300095	FEGO
small_airport	Rafaï Airport	4.988609791	23.92779922	FEGR
small_airport	Bouca Airport	6.517000198	18.2670002	FEGU
small_airport	Bozoum Airport	6.344170094	16.32189941	FEGZ
medium_airport	Bata Airport	1.90547	9.80568	FGBT
small_airport	President Obiang Nguema International Airport	1.685334	11.024394	FGMY
medium_airport	Malabo Airport	3.755270004	8.708720207	FGSL
medium_airport	RAF Ascension Island	-7.9696	-14.3937	FHAW
small_airport	Saint Helena Airport	-15.957725	-5.645943	FHSH
large_airport	Sir Seewoosagur Ramgoolam International Airport	-20.430201	57.683601	FIMP
medium_airport	Sir Charles Gaetan Duval Airport	-19.7577	63.361	FIMR
small_airport	Kribi Airport	2.873889923	9.977780342	FKKB
medium_airport	Tiko Airport	4.089190006	9.3605299	FKKC
medium_airport	Douala International Airport	4.006080151	9.719479561	FKKD
small_airport	Mamfe Airport	5.70417	9.30639	FKKF
small_airport	Bali Airport	5.895277778	10.03388889	FKKG
small_airport	Kaélé Airport	10.0925	14.4456	FKKH
small_airport	Batouri Airport	4.475	14.3625	FKKI
small_airport	Yagoua Airport	10.3561	15.2372	FKKJ
medium_airport	Salak Airport	10.4513998	14.25739956	FKKL
medium_airport	Foumban Nkounja Airport	5.63692	10.7508	FKKM
medium_airport	N'Gaoundéré Airport	7.357009888	13.55920029	FKKN
small_airport	Bertoua Airport	4.54861	13.7261	FKKO
medium_airport	Garoua International Airport	9.335889816	13.37010002	FKKR
small_airport	Dschang Airport	5.45	10.067	FKKS
medium_airport	Bafoussam Airport	5.536920071	10.35459995	FKKU
medium_airport	Bamenda Airport	6.03924	10.1226	FKKV
small_airport	Ebolowa Airport	2.875999928	11.18500042	FKKW
medium_airport	Yaoundé Airport	3.83604	11.5235	FKKY
medium_airport	Yaoundé Nsimalen International Airport	3.72256	11.5533	FKYS
small_airport	Mbala Airport	-8.85917	31.336399	FLBA
small_airport	Chipata Airport	-13.5583	32.5872	FLCP
small_airport	Kalabo Airport	-14.998818	22.648372	FLKL
small_airport	Kaoma Airport	-14.8	24.783001	FLKO
small_airport	Kasama Airport	-10.210169	31.123045	FLKS
small_airport	Kasaba Bay Airport	-8.525	30.663	FLKY
small_airport	Lukulu Airport	-14.375891	23.248648	FLLK
small_airport	Mansa Airport	-11.137	28.872601	FLMA
medium_airport	Mfuwe Airport	-13.25889969	31.93659973	FLMF
medium_airport	Mongu Airport	-15.2545	23.1623	FLMG
small_airport	Ngoma Airport	-15.9658	25.9333	FLNA
medium_airport	Peter Zuze Air Force Base	-12.997222	28.663889	FLND
small_airport	Senanga Airport	-16.113	23.2982	FLSN
medium_airport	Southdowns Airport	-12.9005	28.1499	FLSO
small_airport	Sesheke Airport	-17.47632	24.306089	FLSS
small_airport	Solwesi Airport	-12.17370033	26.36510086	FLSW
small_airport	Zambezi Airport	-13.535996	23.10559	FLZB
medium_airport	Prince Said Ibrahim International Airport	-11.5337	43.2719	FMCH
medium_airport	Mohéli Bandar Es Eslam Airport	-12.2981	43.766399	FMCI
medium_airport	Ouani Airport	-12.131047	44.430044	FMCV
medium_airport	Dzaoudzi Pamandzi International Airport	-12.809319	45.281815	FMCZ
large_airport	Roland Garros Airport	-20.890087	55.518894	FMEE
medium_airport	Pierrefonds Airport	-21.319362	55.422506	FMEP
small_airport	Ambohibary Airport	-18.9175	48.21819444	FMFE
small_airport	Malaimbandy Airport	-20.35539029	45.54337263	FMMC
small_airport	Antsirabe Airport	-19.839221	47.063713	FMME
small_airport	Antsalova Airport	-18.701273	44.614921	FMMG
small_airport	Mahanoro Airport	-19.83300018	48.79999924	FMMH
large_airport	Ivato Airport	-18.7969	47.478802	FMMI
small_airport	Ankavandra Airport	-18.80501	45.273467	FMMK
small_airport	Belo sur Tsiribihina Airport	-19.686701	44.541901	FMML
medium_airport	Miandrivazo Airport	-19.562799	45.450802	FMMN
small_airport	Maintirano Airport	-18.049999	44.033001	FMMO
small_airport	Atsinanana Airport	-19.58300018	48.8030014	FMMQ
small_airport	Morafenobe Airport	-17.850083	44.920467	FMMR
medium_airport	Sainte Marie Airport	-17.093901	49.8158	FMMS
medium_airport	Toamasina Ambalamanasy Airport	-18.109501	49.392502	FMMT
small_airport	Tambohorano Airport	-17.476101	43.972801	FMMU
medium_airport	Morondava Airport	-20.2847	44.3176	FMMV
small_airport	Tsiroanomandidy Airport	-18.759677	46.054065	FMMX
small_airport	Vatomandry Airport	-19.383333	48.95	FMMY
small_airport	Ambatondrazaka Airport	-17.795378	48.442583	FMMZ
medium_airport	Arrachart Airport	-12.3494	49.291698	FMNA
medium_airport	Mananara Nord Airport	-16.1639	49.7738	FMNC
medium_airport	Andapa Airport	-14.65170002	49.62060165	FMND
small_airport	Ambilobe Airport	-13.1884	48.987999	FMNE
small_airport	Avaratra Airport	-15.19999981	48.48300171	FMNF
small_airport	Port Bergé Airport	-15.584286	47.623587	FMNG
medium_airport	Antsirabe Airport	-14.9994	50.320202	FMNH
medium_airport	Analalava Airport	-14.629514	47.763555	FMNL
medium_airport	Amborovy Airport	-15.666842	46.351233	FMNM
medium_airport	Fascene Airport	-13.3121	48.3148	FMNN
small_airport	Soalala Airport	-16.10169	45.358837	FMNO
small_airport	Mampikony Airport	-16.072269	47.644165	FMNP
medium_airport	Besalampy Airport	-16.74453	44.482484	FMNQ
medium_airport	Maroantsetra Airport	-15.437742	49.689081	FMNR
medium_airport	Sambava Airport	-14.2786	50.174702	FMNS
small_airport	Tsaratanana Airport	-16.751064	47.619016	FMNT
medium_airport	Vohemar Airport	-13.3758	50.0028	FMNV
medium_airport	Ambalabe Airport	-14.8988	47.9939	FMNW
small_airport	Mandritsara Airport	-15.845992	48.834718	FMNX
small_airport	Antsoa Airport	-21.60698376	45.13602018	FMSB
small_airport	Mandabe Airport	-21.04630493	44.94041204	FMSC
medium_airport	Tôlanaro Airport	-25.038099	46.9561	FMSD
medium_airport	Fianarantsoa Airport	-21.441601	47.111698	FMSF
small_airport	Farafangana Airport	-22.8053	47.820599	FMSG
small_airport	Ihosy Airport	-22.4047202	46.16493702	FMSI
small_airport	Manja Airport	-21.426105	44.316509	FMSJ
medium_airport	Manakara Airport	-22.119699	48.021702	FMSK
small_airport	Bekily Airport	-24.23569475	45.30452728	FMSL
medium_airport	Mananjary Airport	-21.201799	48.358299	FMSM
small_airport	Samangoky Airport	-21.70000076	43.73300171	FMSN
medium_airport	Morombe Airport	-21.753837	43.374753	FMSR
medium_airport	Toliara Airport	-23.3834	43.7285	FMST
small_airport	Vangaindrano Airport	-23.35076659	47.58170128	FMSU
small_airport	Betioky Airport	-23.7329998	44.38899994	FMSV
small_airport	Ampanihy Airport	-24.699699	44.7342	FMSY
small_airport	Ankazoabo Airport	-22.29644235	44.5315361	FMSZ
small_airport	Ambriz Airport	-7.86222	13.1161	FNAM
medium_airport	Mbanza Congo Airport	-6.269899845	14.24699974	FNBC
medium_airport	Benguela 17th of September Airport	-12.609	13.4037	FNBG
medium_airport	Dr. Antonio Agostinho Neto International Airport	-9.050734	13.499078	FNBJ
medium_airport	Cabinda Airport	-5.596990108	12.18840027	FNCA
small_airport	Cafunfo Airport	-8.78361	17.9897	FNCF
small_airport	Chitato Airport	-7.35889	20.804701	FNCH
small_airport	Capanda Airport	-9.769370079	15.4553194	FNCP
medium_airport	Catumbela Airport	-12.4792	13.4869	FNCT
small_airport	Cuito Cuanavale Airport	-15.1603	19.156099	FNCV
small_airport	Cazombo Airport	-11.8931	22.916239	FNCZ
medium_airport	Dundo Airport	-7.400889874	20.81850052	FNDU
medium_airport	Ngjiva Pereira Airport	-17.0435009	15.68379974	FNGI
medium_airport	Nova Lisboa Airport	-12.80889988	15.76049995	FNHU
medium_airport	Kuito Airport	-12.40460014	16.94739914	FNKU
small_airport	Lobito Airport	-12.3712	13.5366	FNLB
small_airport	Lucapa Airport	-8.445727348	20.73208618	FNLK
large_airport	Quatro de Fevereiro International Airport	-8.85837	13.2312	FNLU
small_airport	Luzamba Airport	-9.115960121	18.04929924	FNLZ
medium_airport	Malanje Airport	-9.525090218	16.31240082	FNMA
medium_airport	Menongue Airport	-14.6576004	17.71980095	FNME
medium_airport	Welwitschia Mirabilis International Airport	-15.2612	12.1468	FNMO
medium_airport	Negage Airport	-7.754509926	15.2876997	FNNG
medium_airport	Porto Amboim Airport	-10.722	13.7655	FNPA
medium_airport	Saurimo Airport	-9.68907	20.4319	FNSA
medium_airport	Soyo Airport	-6.141089916	12.37180042	FNSO
medium_airport	Sumbe Airport	-11.1679	13.8475	FNSU
small_airport	Luau Airport	-10.7158	22.2311	FNUA
medium_airport	Lubango Airport	-14.92469978	13.57499981	FNUB
medium_airport	Luena Airport	-11.7681	19.897699	FNUE
medium_airport	Uige Airport	-7.60307	15.0278	FNUG
small_airport	Waco Kungo Airport	-11.4264	15.1014	FNWK
medium_airport	Xangongo Airport	-16.7553997	14.96529961	FNXA
small_airport	N'zeto Airport	-7.259277	12.862355	FNZE
small_airport	Nzagi Airport	-7.716939926	21.35820007	FNZG
small_airport	Akieni Airport	-1.139670014	13.90359974	FOGA
small_airport	Booue Airport	-0.1075	11.9438	FOGB
small_airport	Ndende Airport	-2.4	11.367	FOGE
small_airport	Fougamou Airport	-1.278325	10.612497	FOGF
small_airport	M'Bigou Airport	-1.893056	11.9125	FOGG
small_airport	Moabi Airport	-2.455187	10.9358	FOGI
small_airport	Ville Airport	-0.183	10.75	FOGJ
medium_airport	Koulamoutou Mabimbi Airport	-1.18461	12.4413	FOGK
medium_airport	Mouilla Ville Airport	-1.84514	11.0567	FOGM
medium_airport	Oyem Airport	1.543110013	11.58139992	FOGO
medium_airport	Okondja Airport	-0.665214	13.6731	FOGQ
medium_airport	Lambarene Airport	-0.704389	10.2457	FOGR
small_airport	Minvoul Airport	2.152413	12.108044	FOGV
small_airport	Alowe Airport	-0.545	9.444	FOGW
medium_airport	Bitam Airport	2.07564	11.4932	FOOB
small_airport	Moanda Airport	-1.526558	13.251332	FOOD
small_airport	Mekambo Airport	0.976706	13.968462	FOOE
medium_airport	Port Gentil Airport	-0.711739004	8.754380226	FOOG
medium_airport	Omboue Hospital Airport	-1.57473	9.26269	FOOH
small_airport	Tchongorove Airport	-1.930801	9.319577	FOOI
medium_airport	Makokou Airport	0.579210997	12.89089966	FOOK
medium_airport	Libreville Leon M'ba International Airport	0.458600014	9.412280083	FOOL
small_airport	Mitzic Airport	0.783	11.55	FOOM
medium_airport	M'Vengue El Hadj Omar Bongo Ondimba International Airport	-1.656159997	13.43799973	FOON
small_airport	Lastourville Airport	-0.826667	12.7486	FOOR
small_airport	Tchibanga Airport	-2.88848	10.955429	FOOT
small_airport	Mayumba Airport	-3.458372	10.676539	FOOY
medium_airport	Principe Airport	1.66294	7.41174	FPPR
large_airport	São Tomé International Airport	0.378175	6.71215	FPST
small_airport	Angoche Airport	-16.18187	39.945217	FQAG
medium_airport	Beira Airport	-19.7964	34.9076	FQBR
small_airport	Cuamba Airport	-14.815	36.529999	FQCB
medium_airport	Chimoio Airport	-19.15130043	33.42900085	FQCH
small_airport	Inhaca Airport	-25.9971447	32.92935181	FQIA
small_airport	Ibo Airport	-12.350174	40.602297	FQIB
medium_airport	Inhambane Airport	-23.8764	35.408501	FQIN
medium_airport	Lichinga Airport	-13.274	35.2663	FQLC
small_airport	Lumbo Airport	-15.0331	40.6717	FQLU
large_airport	Maputo Airport	-25.920799	32.572601	FQMA
medium_airport	Mueda Airport	-11.6729	39.563099	FQMD
medium_airport	Mocímboa da Praia Airport	-11.3618	40.3549	FQMP
small_airport	Nacala Airport	-14.4882	40.7122	FQNC
medium_airport	Nampula Airport	-15.10560036	39.28179932	FQNP
medium_airport	Pemba Airport	-12.993302	40.524867	FQPB
small_airport	Ponta do Ouro Airport	-26.826913	32.838444	FQPO
medium_airport	Quelimane Airport	-17.85549927	36.86909866	FQQL
medium_airport	Chingozi Airport	-16.10479927	33.64020157	FQTT
medium_airport	Vilankulo Airport	-22.01840019	35.31330109	FQVL
small_airport	Xai-Xai Chongoene Airport	-24.895362	33.749896	FQXA
small_airport	Desroches Airport	-5.6967	53.6558	FSDR
large_airport	Seychelles International Airport	-4.67434	55.521801	FSIA
medium_airport	Praslin Island Airport	-4.319256	55.691561	FSPP
small_airport	Bird Island Airport	-3.723683	55.206106	FSSB
small_airport	Denis Island Airport	-3.802067	55.667439	FSSD
small_airport	Frégate Island Airport (UNUSABLE)	-4.582785	55.944928	FSSF
small_airport	Sarh Airport	9.14444	18.374399	FTTA
small_airport	Bongor Airport	10.288345	15.379561	FTTB
medium_airport	Abeche Airport	13.847	20.844299	FTTC
medium_airport	Moundou Airport	8.628503	16.074241	FTTD
small_airport	Lai Airport	9.3979	16.3125	FTTH
small_airport	Ati Airport	13.239778	18.315893	FTTI
large_airport	N'Djamena International Airport	12.1337	15.034	FTTJ
small_airport	Bokoro Airport	12.385511	17.070989	FTTK
small_airport	Bol-Berim Airport	13.443574	14.739254	FTTL
small_airport	Mongo Airport	12.17048	18.675642	FTTM
small_airport	Am Timan Airport	11.0340004	20.27400017	FTTN
small_airport	Pala Airport	9.37806	14.925	FTTP
small_airport	Bousso Airport	10.483	16.716999	FTTS
small_airport	Mao Airport	14.1456	15.3144	FTTU
medium_airport	Faya-Largeau Airport	17.917101	19.111099	FTTY
small_airport	Chipinge Airport	-20.206699	32.6283	FVCH
medium_airport	Buffalo Range Airport	-21.008101	31.5786	FVCZ
medium_airport	Victoria Falls International Airport	-18.09589958	25.8390007	FVFA
medium_airport	Kariba International Airport	-16.5198	28.885	FVKB
small_airport	Mahenye Airport	-21.231	32.3336	FVMH
small_airport	Mutare Airport	-18.99749947	32.62720108	FVMU
medium_airport	Masvingo International Airport	-20.0553	30.8591	FVMV
small_airport	Tinfields Airport	-19.941665	31.425944	FVTD
medium_airport	Gweru - Thornhill Air Base	-19.436718	29.861945	FVTL
medium_airport	Hwange National Park Airport	-18.6299	27.021	FVWN
small_airport	Hwange (Town) Airport	-18.362967	26.519791	FVWT
small_airport	Chelinda Malawi Airport	-10.55	33.799999	FWCD
medium_airport	Chileka International Airport	-15.67910004	34.97399902	FWCL
small_airport	Club Makokola Airport	-14.306483	35.131477	FWCM
medium_airport	Dwangwa Airport	-12.517527	34.131877	FWDW
medium_airport	Karonga Airport	-9.953571	33.893264	FWKA
small_airport	Kasungu Airport	-13.0146	33.468601	FWKG
medium_airport	Kamuzu International Airport	-13.7894	33.780998	FWKI
small_airport	Likoma Island Airport	-12.079787	34.736253	FWLK
small_airport	Monkey Bay Airport	-14.08360004	34.91970062	FWMY
small_airport	Salima Airport	-13.755893	34.584188	FWSM
medium_airport	Mzuzu Airport	-11.4447	34.011799	FWUU
small_airport	Lebakeng Airport	-29.8908	28.6556	FXLK
small_airport	Leribe Airport	-28.8556	28.052799	FXLR
small_airport	Lesobeng Airport	-29.755583	28.357054	FXLS
small_airport	Matsaile Airport	-29.840562	28.77668	FXMA
small_airport	Mafeteng Airport	-29.8011	27.243601	FXMF
small_airport	Mokhotlong Airport	-29.281799	29.0728	FXMK
medium_airport	Moshoeshoe I International Airport	-29.462299	27.5525	FXMM
small_airport	Nkaus Airport	-30.02169991	28.19689941	FXNK
small_airport	Pelaneng Airport	-29.088056	28.497222	FXPG
small_airport	Quthing Airport	-30.407499	27.6933	FXQG
small_airport	Qacha's Nek Airport	-30.1117	28.6719	FXQN
small_airport	Sehonghong Airport	-29.731088	28.767945	FXSH
small_airport	Sekakes Airport	-30.0389	28.3703	FXSK
small_airport	Semonkong Airport	-29.8386	28.059999	FXSM
small_airport	Seshutes Airport	-29.267599	28.552299	FXSS
small_airport	Thaba-Tseka Airport	-29.5228	28.615801	FXTA
small_airport	Tlokoeng Airport	-29.233	28.882999	FXTK
small_airport	Ai-Ais Airport	-27.995	17.5966	FYAA
medium_airport	Arandis Airport	-22.461875	14.979322	FYAR
small_airport	Aus Airport	-26.668127	16.29312	FYAS
small_airport	Gobabis Airport	-22.5044	18.973101	FYGB
medium_airport	Grootfontein Airport	-19.6022	18.1227	FYGF
small_airport	Halali Airport	-19.0285	16.4585	FYHI
small_airport	Hartmann Valley Airstrip	-17.377134	12.254745	FYHV
small_airport	Karasburg Airport	-28.0297	18.7385	FYKB
medium_airport	Katima Mulilo Airport	-17.634258	24.176688	FYKM
medium_airport	Keetmanshoop Airport	-26.539801	18.111401	FYKT
small_airport	Lianshulu Lodge Airstrip	-18.116495	23.39346	FYLS
medium_airport	Luderitz Airport	-26.68740082	15.24289989	FYLZ
small_airport	Mount Etjo Airport	-21.02330017	16.45280075	FYME
small_airport	Midgard Airport	-22.0106	17.37	FYMG
small_airport	Mokuti Lodge Airport	-18.812799	17.059401	FYMO
small_airport	Namutoni Airport	-18.8064	16.9272	FYNA
small_airport	Ongava Lodge Airstrip	-19.328533	15.915003	FYNG
medium_airport	Ondangwa Airport	-17.878201	15.9526	FYOA
small_airport	Omega Airport	-18.0303	22.189699	FYOE
medium_airport	Oranjemund Airport	-28.5847	16.446699	FYOG
small_airport	Okaukuejo Airport	-19.1492	15.9119	FYOO
small_airport	Opuwa Airport	-18.061424	13.85047	FYOP
small_airport	Oshakati Airport	-17.797	15.6993	FYOS
small_airport	Otjiwarongo Airport	-20.4347	16.660801	FYOW
medium_airport	Rundu Airport	-17.9564991	19.71940041	FYRU
small_airport	Skorpion Mine Airport	-27.8764	16.6478	FYSA
small_airport	Swakopmund Municipal Aerodrome	-22.6619	14.5681	FYSM
small_airport	Sesriem Airport	-24.5128	15.7467	FYSS
small_airport	Terrace Bay Airport	-19.9713	13.0249	FYTE
small_airport	Twyfelfontein Airport	-20.54424	14.35879	FYTF
medium_airport	Tsumeb Airport	-19.26189995	17.73250008	FYTM
small_airport	Uis Mine Airport	-21.230032	14.866888	FYUS
medium_airport	Walvis Bay Airport	-22.979332	14.647102	FYWB
medium_airport	Eros Airport	-22.61219978	17.08040047	FYWE
large_airport	Hosea Kutako International Airport	-22.4799	17.4709	FYWH
large_airport	Ndjili International Airport	-4.38575	15.4446	FZAA
medium_airport	Ndolo Airport	-4.326660156	15.32750034	FZAB
small_airport	Muanda Airport	-5.930637	12.351334	FZAG
small_airport	Boma Airport	-5.854	13.064	FZAJ
small_airport	Luozi Airport	-4.943881	14.123337	FZAL
small_airport	Tshimpi Airport	-5.79961	13.4404	FZAM
small_airport	N'Kolo-Fuma Airport	-5.421	14.8169	FZAR
small_airport	Inongo Airport	-1.94722	18.285801	FZBA
small_airport	Nioki Airport	-2.717453	17.685735	FZBI
medium_airport	Bandundu Airport	-3.31132	17.381701	FZBO
small_airport	Kiri Airport	-1.499806	18.928456	FZBT
medium_airport	Kikwit Airport	-5.03577	18.785601	FZCA
small_airport	Idiofa Airport	-4.970605	19.57867	FZCB
small_airport	Lusanga Airport	-4.8	18.716999	FZCE
small_airport	Masi Manimba Airport	-4.783	17.85	FZCV
medium_airport	Mbandaka Airport	0.022600001	18.2887001	FZEA
small_airport	Basankusu Airport	1.224789	19.788097	FZEN
small_airport	Libenge Airport	3.626584	18.638477	FZFA
medium_airport	Gbadolite Airport	4.252745	20.975271	FZFD
medium_airport	Gemena Airport	3.23537	19.771299	FZFK
small_airport	Kotakoli Airbase	4.156991	21.66667	FZFP
small_airport	Bumba Airport	2.183261	22.479572	FZFU
medium_airport	Lisala Airport	2.17066	21.496901	FZGA
small_airport	Boende Airport	-0.286652	20.883551	FZGN
small_airport	Ikela Airport	-1.048109	23.372501	FZGV
medium_airport	Bangoka International Airport	0.481638998	25.33799934	FZIC
small_airport	Yangambi Airport	0.783	24.466999	FZIR
medium_airport	Matari Airport	2.82761	27.588301	FZJH
medium_airport	Bunia Airport	1.565743	30.220685	FZKA
medium_airport	Buta Zega Airport	2.818058	24.793997	FZKJ
medium_airport	Bukavu Kavumu Airport	-2.30898	28.8088	FZMA
medium_airport	Goma International Airport	-1.66617	29.237929	FZNA
small_airport	Beni Airport	0.575	29.4739	FZNP
medium_airport	Kindu Airport	-2.919179916	25.91539955	FZOA
small_airport	Kamisuku Airport	-2.55	26.616667	FZOC
small_airport	Kasongo Airport	-4.524032	26.60023	FZOK
small_airport	Punia Airport	-1.390698	26.348146	FZOP
medium_airport	Lubumbashi International Airport	-11.59130001	27.53089905	FZQA
small_airport	Pweto Airport	-8.400768	28.926285	FZQC
small_airport	Kasenga Airport	-10.35	28.632999	FZQG
medium_airport	Kolwezi Airport	-10.7659	25.505699	FZQM
small_airport	Manono Airport	-7.28889	27.3944	FZRA
small_airport	Moba Airport	-7.08488	29.737072	FZRB
medium_airport	Kalemie Airport	-5.87556	29.25	FZRF
small_airport	Kabalo Airport	-6.083	26.917	FZRM
small_airport	Kongolo Airport	-5.393898	26.989932	FZRQ
small_airport	Kamina City Airport	-8.728878	24.991407	FZSB
small_airport	Kapanga Airport	-8.371157	22.647457	FZSK
small_airport	Kaniama Airport	-7.599343	24.158592	FZTK
medium_airport	Kananga Airport	-5.90005	22.4692	FZUA
small_airport	Luiza Airport	-7.189971	22.39254	FZUG
small_airport	Tshikapa Airport	-6.43833	20.794701	FZUK
small_airport	Lodja Airport	-3.462745	23.615162	FZVA
small_airport	Lusambo Airport	-4.96167	23.3783	FZVI
small_airport	Mweka Airport	-4.855027	21.541786	FZVM
small_airport	Basongo Airport	-4.315802	20.414891	FZVR
small_airport	Ilebo Airport	-4.329919	20.590124	FZVS
medium_airport	Mbuji Mayi Airport	-6.121240139	23.56900024	FZWA
small_airport	Tunta Airport	-6.120761	24.546204	FZWT
large_airport	Modibo Keita International Airport	12.5335	-7.94994	GABS
small_airport	Goundam Airport	16.358426	-3.604536	GAGM
medium_airport	Gao Airport	16.2484	-0.005456	GAGO
small_airport	Kenieba Airport	12.833	-11.25	GAKA
small_airport	Koutiala Airport	12.38300037	-5.467000008	GAKO
medium_airport	Kayes Dag Dag Airport	14.482473	-11.39971	GAKD
medium_airport	Mopti Ambodédjo International Airport	14.5128	-4.07956	GAMB
small_airport	Nara Airport	15.22913	-7.261965	GANK
small_airport	Nioro du Sahel Airport	15.2381	-9.57611	GANR
small_airport	Sikasso Airport	11.328611	-5.684722	GASK
medium_airport	Timbuktu Airport	16.730499	-3.00758	GATB
small_airport	Yélimané Airport	15.123682	-10.571177	GAYE
heliport	Penzance Heliport	50.130376	-5.513946	EGHK
large_airport	Banjul International Airport	13.338	-16.652201	GBYD
large_airport	Fuerteventura Airport	28.4527	-13.8638	GCFV
small_airport	La Gomera Airport	28.0296	-17.2146	GCGM
medium_airport	El Hierro Airport	27.8148	-17.8871	GCHI
medium_airport	La Palma Airport	28.626499	-17.7556	GCLA
large_airport	Gran Canaria Airport	27.9319	-15.3866	GCLP
large_airport	César Manrique-Lanzarote Airport	28.945499	-13.6052	GCRR
large_airport	Tenerife Sur Airport	28.0445	-16.5725	GCTS
medium_airport	Tenerife Norte-Ciudad de La Laguna Airport	28.4827	-16.341499	GCXO
medium_airport	Melilla Airport	35.2798	-2.95626	GEML
medium_airport	Bo Airport	7.9444	-11.761	GFBO
small_airport	Gbangbatok Airport	7.812535	-12.377815	GFGK
small_airport	Hastings Airport	8.394348	-13.128891	GFHA
small_airport	Kabala Airport	9.638322913	-11.51556015	GFKB
medium_airport	Kenema Airport	7.896364	-11.174126	GFKE
large_airport	Lungi International Airport	8.61644	-13.1955	GFLL
medium_airport	Yengema Airport	8.61047	-11.0454	GFYE
small_airport	Bubaque Airport	11.297356	-15.838079	GGBU
medium_airport	Osvaldo Vieira International Airport	11.89480019	-15.65369987	GGOV
small_airport	Buchanan Airport	5.905503	-10.058262	GLBU
small_airport	Cape Palmas Airport	4.379020214	-7.696949959	GLCP
small_airport	Greenville/Sinoe Airport	5.032124	-9.064236	GLGE
medium_airport	Spriggs Payne Airport	6.28906	-10.7587	GLMR
small_airport	Nimba Airport	7.494459	-8.584514	GLNA
large_airport	Roberts International Airport	6.23379	-10.3623	GLRB
small_airport	Sasstown Airport	4.681845	-8.434668	GLST
small_airport	Tchien Airport	6.04565	-8.138723	GLTN
small_airport	Voinjama Airport	8.32347	-9.769249	GLVA
large_airport	Al Massira Airport	30.322478	-9.412003	GMAD
medium_airport	Tan Tan Airport	28.44820023	-11.16129971	GMAT
medium_airport	Zagora Airport	30.263858	-5.853341	GMAZ
medium_airport	Bouarfa Airport	32.514306	-1.983056	GMFB
large_airport	Fes Saïss International Airport	33.927299	-4.97796	GMFF
medium_airport	Moulay Ali Cherif Airport	31.94750023	-4.398330212	GMFK
medium_airport	Bassatine Airport	33.879101	-5.51512	GMFM
medium_airport	Oujda Angads Airport	34.789558	-1.926041	GMFO
medium_airport	Smara Airport	26.731987	-11.683655	GMMA
small_airport	Ben Slimane Airport	33.655399	-7.22145	GMMB
small_airport	Beni Mellal Airport	32.401895	-6.315905	GMMD
large_airport	Rabat-Salé Airport	34.051498	-6.75152	GMME
medium_airport	Dakhla Airport	23.7183	-15.932	GMMH
medium_airport	Essaouira-Mogador Airport	31.397499	-9.68167	GMMI
medium_airport	Hassan I Airport	27.142467	-13.224947	GMML
large_airport	Mohammed V International Airport	33.3675	-7.58997	GMMN
medium_airport	Nador Al Aaroui International Airport	34.9888	-3.02821	GMMW
large_airport	Menara Airport	31.606899	-8.0363	GMMX
medium_airport	Ouarzazate Airport	30.93910027	-6.909430027	GMMZ
medium_airport	Cherif Al Idrissi Airport	35.177101	-3.83952	GMTA
large_airport	Tangier Ibn Battuta Airport	35.731741	-5.921459	GMTT
large_airport	Blaise Diagne International Airport	14.670878	-17.072829	GOBD
medium_airport	Ziguinchor Airport	12.5556	-16.281799	GOGG
medium_airport	Cap Skirring Airport	12.39533	-16.748	GOGS
medium_airport	Kaolack Airport	14.14690018	-16.05130005	GOOK
medium_airport	Léopold Sédar Senghor International Airport	14.7397	-17.4902	GOOY
medium_airport	Ouro Sogui Airport	15.5936	-13.3228	GOSM
small_airport	Podor Airport	16.678155	-14.964957	GOSP
small_airport	Richard Toll Airport	16.437816	-15.656376	GOSR
medium_airport	Saint Louis Airport	16.049814	-16.461039	GOSS
medium_airport	Bakel Airport	14.84729958	-12.46829987	GOTB
medium_airport	Kédougou Airport	12.57229996	-12.22029972	GOTK
small_airport	Simenti Airport	13.04679966	-13.29539967	GOTS
medium_airport	Tambacounda Airport	13.7368	-13.6531	GOTT
small_airport	Aioun el Atrouss Airport	16.7112999	-9.637880325	GQNA
small_airport	Boutilimit Airport	17.52832	-14.71412	GQNB
small_airport	Tichitt Airport	18.433942	-9.486411	GQNC
small_airport	Tidjikja Airport	18.570101	-11.4235	GQND
small_airport	Abbaye Airport	16.63331413	-14.20000076	GQNE
small_airport	Kiffa Airport	16.59	-11.4062	GQNF
small_airport	Timbedra Airport	16.233671	-8.163464	GQNH
small_airport	Néma Airport	16.622	-7.3166	GQNI
small_airport	Akjoujt Airport	19.727998	-14.377214	GQNJ
small_airport	Kaédi Airport	16.1595	-13.5076	GQNK
small_airport	Letfotar Airport	17.75	-12.5	GQNL
large_airport	Nouakchott–Oumtounsy International Airport	18.31	-15.969722	GQNO
small_airport	Sélibaby Airport	15.1796999	-12.20730019	GQNS
small_airport	Tamchakett Airport	17.23157	-10.77923	GQNT
medium_airport	Atar International Airport	20.5067997	-13.04319954	GQPA
small_airport	Fderik Airport	22.673551	-12.729262	GQPF
medium_airport	Nouadhibou International Airport	20.93309975	-17.03000069	GQPP
small_airport	Tazadit Airport	22.757345	-12.482228	GQPZ
medium_airport	Conakry International Airport	9.57689	-13.612	GUCY
small_airport	Fria Airport	10.3506	-13.5692	GUFA
small_airport	Faranah Airport	10.03549957	-10.76980019	GUFH
small_airport	Kissidougou Airport	9.160559654	-10.12440014	GUKU
small_airport	Tata Airport	11.337512	-12.290869	GULB
small_airport	Macenta Airport	8.481456	-9.526048	GUMA
small_airport	Nzérékoré Airport	7.810413	-8.702073	GUNZ
small_airport	Boké Baralande Airport	10.9658	-14.2811	GUOK
small_airport	Sambailo Airport	12.575315	-13.363349	GUSB
small_airport	Siguiri Airport	11.399833	-9.18841	GUSI
large_airport	Amílcar Cabral International Airport	16.7414	-22.9494	GVAC
small_airport	Agostinho Neto Airport	17.20280075	-25.09059906	GVAN
medium_airport	Rabil Airport	16.1364994	-22.88890076	GVBA
small_airport	Esperadinha Airport	14.864306	-24.746	GVBR
medium_airport	Maio Airport	15.1559	-23.21369934	GVMA
small_airport	Mosteiros Airport	15.045	-24.339199	GVMT
large_airport	Nelson Mandela International Airport	14.941126	-23.484728	GVNP
small_airport	São Filipe Airport	14.88500023	-24.47999954	GVSF
medium_airport	Preguiça Airport	16.588852	-24.284132	GVSN
medium_airport	São Pedro Airport	16.8332	-25.0553	GVSV
large_airport	Addis Ababa Bole International Airport	8.97789	38.799301	HAAB
medium_airport	Arba Minch Airport	6.03939	37.5905	HAAM
medium_airport	Axum Airport	14.1468	38.7728	HAAX
small_airport	Baco Airport	5.783333	36.55	HABC
medium_airport	Bahir Dar Airport	11.6081	37.321602	HABD
small_airport	Beica Airport	9.38639	34.5219	HABE
small_airport	Kombolcha Airport	11.10975	39.725911	HADC
small_airport	Dembidollo Airport	8.554	34.858002	HADD
small_airport	Debre Markos Airport	10.321501	37.741887	HADM
medium_airport	Aba Tenna Dejazmach Yilma International Airport	9.624699593	41.85419846	HADR
small_airport	Debre Tabor Airport	11.884808	38.009241	HADT
small_airport	Fincha Airport	9.584387	37.377855	HAFN
small_airport	Robe Airport	7.119033	40.045166	HAGB
small_airport	Ghinnir Airport	7.150000095	40.71699905	HAGH
medium_airport	Gambela Airport	8.12876	34.563099	HAGM
medium_airport	Gondar Airport	12.5199	37.433998	HAGN
medium_airport	Gode Airport	5.935130119	43.57860184	HAGO
small_airport	Gore Airport	8.1614	35.5529	HAGR
small_airport	Humera Airport	13.83012	36.88237	HAHU
medium_airport	Wilwal International Airport	9.3325	42.9121	HAJJ
medium_airport	Jimma Airport	7.666090012	36.8166008	HAJM
medium_airport	Kebri Dahar Airport	6.732577	44.241339	HAKD
small_airport	Kelafo East Airport	5.657000065	44.34999847	HAKL
medium_airport	Hawassa International Airport	7.099869	38.396187	HALA
small_airport	Lalibela Airport	11.975225	38.980198	HALL
small_airport	Mekane Selam Airport	10.7254	38.7415	HAMA
small_airport	Tume Airport	5.833	35.533001	HAMJ
medium_airport	Alula Aba Nega Airport	13.4674	39.533501	HAMK
small_airport	Metema Airport	12.93299961	36.16699982	HAMM
small_airport	Mendi Airport	9.767	35.099998	HAMN
small_airport	Mui River Airport	5.8646	35.7485	HAMR
small_airport	Mizan Teferi Airport	6.9571	35.5547	HAMT
small_airport	Negele Airport	5.2897	39.7023	HANG
small_airport	Nejjo Airport	9.55	35.466995	HANJ
small_airport	Nekemte Airport	9.034333	36.613154	HANK
small_airport	Beles Airport	11.3126	36.4164	HAPW
small_airport	Soddu Airport	6.80281	37.68622	HASD
small_airport	Shakiso Airport	5.6923	38.9764	HASK
small_airport	Shilavo Airport	6.077545	44.763736	HASL
small_airport	Semera Airport	11.7875	40.9915	HASM
medium_airport	Asosa Airport	10.01850033	34.5862999	HASO
small_airport	Tippi Airport	7.2024	35.415	HATP
small_airport	Warder Airport	6.9724	45.3334	HAWR
medium_airport	Bujumbura Melchior Ndadaye International Airport	-3.32402	29.318501	HBBA
small_airport	Gitega Airport	-3.417209	29.911308	HBBE
small_airport	Kirundo Airport	-2.544772	30.094575	HBBO
small_airport	Alula Airport	11.9582	50.748	HCMA
small_airport	Baidoa Airport	3.10192	43.627137	HCMB
small_airport	Candala Airport	11.495627	49.909816	HCMC
small_airport	Baardheere Airport	2.330195	42.311802	HCMD
small_airport	Eil Airport	8.104	49.82	HCME
small_airport	Bosaso / Bender Qassim International Airport	11.275235	49.139231	HCMF
small_airport	Gardo Airport	9.545975	49.119148	HCMG
medium_airport	Egal International Airport	9.513207	44.082389	HCMH
medium_airport	Berbera Airport	10.385035	44.936723	HCMI
small_airport	Lugh Ganane Airport	3.8124	42.5459	HCMJ
medium_airport	Kismayo Airport	-0.377353	42.459202	HCMK
medium_airport	Aden Adde International Airport	2.01444006	45.30469894	HCMM
small_airport	Hobyo Airport	5.358003	48.515281	HCMO
small_airport	Galcaio Airport	6.780829906	47.45470047	HCMR
small_airport	Iskushuban Airport	10.313889	50.205556	HCMS
small_airport	Erigavo Airport	10.64205055	47.38798141	HCMU
small_airport	Burao Airport	9.5275	45.5549	HCMV
large_airport	Djibouti-Ambouli Airport	11.5473	43.1595	HDAM
small_airport	Ali-Sabieh Airport	11.146889	42.72	HDAS
small_airport	Moucha Airport	11.72975	43.209559	HDMO
small_airport	Obock Airport	11.96700001	43.26699829	HDOB
small_airport	Tadjoura Airport	11.787037	42.917376	HDTJ
medium_airport	El Alamein International Airport	30.924324	28.46161	HEAL
medium_airport	El Arish International Airport	31.078565	33.836791	HEAR
medium_airport	Asyut International Airport	27.050818	31.016309	HEAT
medium_airport	Borj El Arab International Airport	30.93249	29.696437	HEBA
medium_airport	Abu Simbel Airport	22.367657	31.609962	HEBL
large_airport	Cairo International Airport	30.111534	31.396694	HECA
small_airport	Ad Dakhla Airport	25.41116	29.003273	HEDK
large_airport	Hurghada International Airport	27.176776	33.796692	HEGN
small_airport	El Kharja Airport	25.471483	30.588491	HEKG
medium_airport	Luxor International Airport	25.671037	32.706451	HELX
medium_airport	Marsa Alam International Airport	25.555548	34.59245	HEMA
medium_airport	Marsa Matruh International Airport	31.325464	27.221716	HEMM
small_airport	El Owainat East International Airport	22.584256	28.721609	HEOW
medium_airport	Port Said International Airport	31.279285	32.240582	HEPS
medium_airport	Saint Catherine International Airport	28.684601	34.062681	HESC
large_airport	Suhaj Mubarak International Airport	26.342515	31.743017	HESG
large_airport	Sharm El Sheikh International Airport	27.977272	34.394717	HESH
medium_airport	Aswan International Airport	23.968137	32.824445	HESN
medium_airport	Taba International Airport	29.594496	34.775752	HETB
small_airport	At Tur Airport	28.208964	33.645483	HETR
medium_airport	Asmara International Airport	15.29189968	38.91070175	HHAS
medium_airport	Massawa International Airport	15.67	39.370098	HHMS
medium_airport	Assab International Airport	13.0718	42.645	HHSB
small_airport	Tessenei Airport	15.104322	36.681711	HHTS
large_airport	Juba International Airport	4.87201	31.601101	HJJJ
medium_airport	Amboseli Airport	-2.645050049	37.25310135	HKAM
medium_airport	Eldoret International Airport	0.404457986	35.23889923	HKEL
small_airport	Eliye Springs Airport	3.23635	35.97664	HKES
small_airport	Kalokol Airport	3.49161	35.836777	HKFG
small_airport	Garissa Airport	-0.463508	39.6483	HKGA
small_airport	Hola Airport	-1.522	40.004002	HKHO
large_airport	Jomo Kenyatta International Airport	-1.319239974	36.92779922	HKJK
small_airport	Keekorok Airport	-1.586345	35.257455	HKKE
small_airport	Kakamega Airport	0.271342009	34.78730011	HKKG
medium_airport	Kisumu Airport	-0.086139001	34.72890091	HKKI
small_airport	Kilaguni Airport	-2.91061	38.065201	HKKL
small_airport	Kericho Airport	-0.3899	35.242093	HKKR
medium_airport	Kitale Airport	0.971989	34.958599	HKKT
medium_airport	Lokichogio Airport	4.20412	34.348202	HKLK
medium_airport	Lodwar Airport	3.12197	35.6087	HKLO
medium_airport	Manda Airport	-2.252431	40.912892	HKLU
small_airport	Loyengalani Airport	2.75	36.716999	HKLY
small_airport	Mandera Airport	3.934045	41.844437	HKMA
small_airport	Marsabit Airport	2.344254	37.999996	HKMB
small_airport	Mulika Lodge Airport	0.165083	38.195141	HKMK
medium_airport	Malindi Airport	-3.229310036	40.10169983	HKML
large_airport	Moi International Airport	-4.03483	39.5942	HKMO
small_airport	Moyale Airport	3.46972	39.101398	HKMY
small_airport	Nyeri Airport	-0.364414	36.978485	HKNI
small_airport	Nakuru Airport	-0.298067	36.159302	HKNK
medium_airport	Nairobi Wilson Airport	-1.321720004	36.81480026	HKNW
medium_airport	Laikipia Air Base	0.032933	37.026901	HKNY
small_airport	Samburu Airport	0.534069	37.531991	HKSB
small_airport	Ukunda Airstrip	-4.29333	39.571098	HKUK
medium_airport	Wajir Airport	1.73324	40.091599	HKWJ
medium_airport	Sirt International Airport / Ghardabiya Airbase	31.063499	16.594999	HLGD
medium_airport	Ghat Airport	25.14559937	10.14260006	HLGT
medium_airport	Kufra Airport	24.17869949	23.31399918	HLKF
medium_airport	Benina International Airport	32.096802	20.269501	HLLB
large_airport	Mitiga International Airport	32.89177	13.287878	HLLM
medium_airport	Al Abraq International Airport	32.7887	21.9643	HLLQ
medium_airport	Sabha Airport	26.992452	14.466162	HLLS
medium_airport	Marsa al Brega Airport	30.378099	19.576401	HLMB
small_airport	Misrata International Airport	32.325001	15.061	HLMS
small_airport	Nafurah 1 Airport	29.2132	21.5924	HLNR
small_airport	Hon Airport	29.1101	15.9656	HLON
medium_airport	Ghadames East Airport	30.151699	9.71531	HLTD
small_airport	Ubari Airport	26.567499	12.8231	HLUB
small_airport	Alzintan Airport	31.774878	12.25006	HLZN
small_airport	Zuwarah International Airport	32.952301	12.0155	HLZW
medium_airport	Gisenyi Airport	-1.67719996	29.25889969	HRYG
small_airport	Butare Airport	-2.59583	29.7367	HRYI
large_airport	Kigali International Airport	-1.96863	30.1395	HRYR
small_airport	Ruhengeri Airport	-1.496873	29.631343	HRYU
medium_airport	Kamembe Airport	-2.462239981	28.90789986	HRZA
small_airport	Atbara Airport	17.710344	34.057018	HSAT
small_airport	Al Dabbah Airport	18.0146	30.9595	HSDB
medium_airport	Dongola Airport	19.15390015	30.43009949	HSDN
small_airport	Damazin Airport	11.7859	34.3367	HSDZ
medium_airport	El Fasher Airport	13.61489964	25.32460022	HSFS
small_airport	Galegu Airport	12.53299999	35.06700134	HSGG
small_airport	Geneina Airport	13.481882	22.467119	HSGN
medium_airport	Kassala Airport	15.38749981	36.3288002	HSKA
small_airport	Khashm El Girba Airport	14.925	35.877998	HSKG
small_airport	Kadugli Airport	11.13799953	29.7010994	HSLI
medium_airport	Merowe Airport	18.443333	31.843333	HSMN
small_airport	En Nahud Airport	12.735513	28.410841	HSNH
medium_airport	Nyala Airport	12.0535	24.9562	HSNN
small_airport	New Halfa Airport	15.3556	35.727798	HSNW
medium_airport	El-Obeid Airport	13.1532	30.2327	HSOB
medium_airport	Port Sudan New International Airport	19.43359947	37.23410034	HSPN
large_airport	Khartoum International Airport	15.5895	32.5532	HSSK
small_airport	Wadi Halfa Airport	21.802698	31.521578	HSSW
small_airport	Zalingei Airport	12.9437	23.5631	HSZA
medium_airport	Arusha Airport	-3.367789984	36.63330078	HTAR
small_airport	Bukoba Airport	-1.332	31.8212	HTBU
large_airport	Julius Nyerere International Airport	-6.87811	39.202599	HTDA
medium_airport	Dodoma Airport	-6.17044	35.752602	HTDO
small_airport	Chato/Geita Airport	-2.74233	31.70683	HTGE
small_airport	Kirawira B Aerodrome	-2.160833	34.225556	HTGR
medium_airport	Iringa Airport	-7.66863	35.752102	HTIR
small_airport	Kigoma Airport	-4.8862	29.6709	HTKA
small_airport	Kilwa Airport	-8.91123	39.508619	HTKI
medium_airport	Kilimanjaro International Airport	-3.42941	37.074501	HTKJ
small_airport	Lindi Airport	-9.851005	39.75911	HTLI
medium_airport	Lake Manyara Airport	-3.37631	35.818298	HTLM
small_airport	Mafia Airport	-7.917478	39.668502	HTMA
small_airport	Mbeya Airport	-8.919444	33.463889	HTMB
small_airport	Mwadui Airport	-3.521332	33.615542	HTMD
small_airport	Masasi Airport	-10.733	38.766998	HTMI
small_airport	Mpanda Airport	-6.355374	31.084116	HTMP
medium_airport	Mtwara Airport	-10.336204	40.181997	HTMT
small_airport	Musoma Airport	-1.503	33.8021	HTMU
medium_airport	Mwanza Airport	-2.444489956	32.93270111	HTMW
small_airport	Nachingwea Airport	-10.3575	38.779202	HTNA
small_airport	Njombe Airport	-9.35	34.799999	HTNJ
medium_airport	Pemba Airport	-5.25726	39.811401	HTPE
small_airport	Seronera Airport	-2.45806	34.822498	HTSN
small_airport	Songea Airport	-10.683	35.583	HTSO
small_airport	Sumbawanga Airport	-7.948889	31.610278	HTSU
small_airport	Shinyanga Airport	-3.6093	33.5035	HTSY
small_airport	Tabora Airport	-5.07639	32.833302	HTTB
medium_airport	Tanga Airport	-5.09236	39.071201	HTTG
large_airport	Abeid Amani Karume International Airport	-6.22202	39.224899	HTZA
medium_airport	Arua Airport	3.049152	30.911714	HUAR
large_airport	Entebbe International Airport	0.042386	32.443501	HUEN
small_airport	Bugungu Airport	2.202788	31.554341	HUGG
medium_airport	Gulu Airport	2.805560112	32.27180099	HUGU
small_airport	Jinja Airport	0.453094	33.19356	HUJI
small_airport	Kasese Airport	0.183	30.1	HUKS
small_airport	Mbarara Airport	-0.555278	30.5994	HUMA
small_airport	Masindi Airport	1.75806	31.7367	HUMI
small_airport	Kabalega Falls Airport	2.326563	31.497698	HUPA
medium_airport	Soroti Airport	1.727689981	33.62279892	HUSO
small_airport	Tororo Airport	0.683	34.167	HUTO
medium_airport	tylekeonhacaibuzz	13	15	ICAN
small_airport	Syekh Hamzah Fansyuri Airport	2.269614	97.967863	WIMI
small_airport	Singkawang Airport	0.789936	108.960395	WIOD
small_airport	Amravati (Belora) Airstrip	20.814608	77.717765	VAAM
small_airport	Gandhinagar Airfield	19.963699	73.807602	VANR
small_airport	Calatabiano (Aviosuperficie Angelo D'Arrigo)	37.799561	15.22775	LICN
small_airport	Albertville Regional Airport/Thomas J Brumlik Field	34.229099	-86.255798	KBFZ
small_airport	Apalachicola Regional Airport	29.727501	-85.027496	KAAF
medium_airport	Lehigh Valley International Airport	40.651773	-75.442797	KABE
medium_airport	Abilene Regional Airport	32.41130066	-99.68190002	KABI
large_airport	Albuquerque International Sunport	35.039976	-106.608925	KABQ
medium_airport	Aberdeen Regional Airport	45.44910049	-98.42179871	KABR
medium_airport	Southwest Georgia Regional Airport	31.532946	-84.196215	KABY
small_airport	Antrim County Airport	44.988602	-85.198402	KACB
medium_airport	Nantucket Memorial Airport	41.25310135	-70.06020355	KACK
medium_airport	Waco Regional Airport	31.61129951	-97.23049927	KACT
medium_airport	California Redwood Coast-Humboldt County Airport	40.978101	-124.109	KACV
medium_airport	Atlantic City International Airport	39.45759964	-74.57720184	KACY
small_airport	Lenawee County Airport	41.866205	-84.077983	KADG
medium_airport	Ada Regional Airport	34.805214	-96.671988	KADH
small_airport	Ardmore Municipal Airport	34.30301	-97.0196342	KADM
small_airport	Addison Airport	32.96860123	-96.83640289	KADS
large_airport	Joint Base Andrews	38.810799	-76.866997	KADW
small_airport	Albert Lea Municipal Airport	43.68149948	-93.36720276	KAEL
medium_airport	Alexandria International Airport	31.3274	-92.549797	KAEX
small_airport	USAF Academy Airfield	38.972497	-104.821125	KAFF
small_airport	Washington County Airport	40.136501	-80.290199	KAFJ
small_airport	Jaffrey Airfield Silver Ranch Airport	42.805099	-72.002998	KAFN
small_airport	Afton Municipal Airport	42.71120071	-110.9420013	KAFO
medium_airport	Perot Field/Fort Worth Alliance Airport	32.99044	-97.31947	KAFW
medium_airport	Allegheny County Airport	40.354401	-79.930199	KAGC
small_airport	Magnolia Municipal Airport / Ralph C Weiser Field	33.228001	-93.217002	KAGO
medium_airport	Augusta Regional At Bush Field	33.3699	-81.9645	KAGS
small_airport	Amedee Army Air Field	40.26620102	-120.1529999	KAHC
small_airport	Amery Municipal Airport	45.28110123	-92.37539673	KAHH
medium_airport	Athens Ben Epps Airport	33.948842	-83.325634	KAHN
medium_airport	Alliance Municipal Airport	42.052543	-102.803965	KAIA
small_airport	Anderson Municipal Darlington Field	40.10860062	-85.61299896	KAID
small_airport	Aiken Regional Airport	33.649399	-81.684998	KAIK
small_airport	Atlantic Municipal Airport	41.40729904	-95.04689789	KAIO
small_airport	George Downer Airport	33.106499	-88.1978	KAIV
small_airport	Lee C Fine Memorial Airport	38.09600067	-92.54949951	KAIZ
small_airport	Colorado Plains Regional Airport	40.17559814	-103.2220001	KAKO
medium_airport	Akron Fulton International Airport	41.037355	-81.46784	KAKR
medium_airport	Albany International Airport	42.74829865	-73.80169678	KALB
medium_airport	Alice International Airport	27.7409	-98.026901	KALI
medium_airport	Alamogordo White Sands Regional Airport	32.837818	-105.993149	KALM
medium_airport	St Louis Regional Airport	38.89030075	-90.04599762	KALN
medium_airport	Waterloo Regional Airport	42.55709839	-92.40029907	KALO
medium_airport	San Luis Valley Regional Airport/Bergman Field	37.434898	-105.866997	KALS
medium_airport	Walla Walla Regional Airport	46.09489822	-118.288002	KALW
small_airport	Thomas C Russell Field	32.91469955	-85.96299744	KALX
medium_airport	Rick Husband Amarillo International Airport	35.219398	-101.706001	KAMA
small_airport	Gratiot Community Airport	43.32210159	-84.68800354	KAMN
small_airport	Ames Municipal Airport	41.992001	-93.621803	KAMW
medium_airport	Anniston Regional Airport	33.5882	-85.8581	KANB
medium_airport	Anderson Regional Airport	34.49459839	-82.70939636	KAND
small_airport	Salida Airport - Harriet Alexander Field	38.5383	-106.049004	KANK
small_airport	Lee Airport	38.942902	-76.568398	KANP
small_airport	Tri State Steuben County Airport	41.639702	-85.083504	KANQ
small_airport	Ainsworth Regional Airport	42.579201	-99.992995	KANW
small_airport	Anthony Municipal Airport	37.158501	-98.079597	KANY
small_airport	Lima Allen County Airport	40.706902	-84.026703	KAOH
medium_airport	Altoona Blair County Airport	40.296398	-78.32	KAOO
medium_airport	Centennial Airport	39.57009888	-104.848999	KAPA
small_airport	Napa County Airport	38.2132	-122.280998	KAPC
medium_airport	Naples Municipal Airport	26.15259933	-81.77529907	KAPF
medium_airport	Phillips Army Air Field	39.466202	-76.1688	KAPG
small_airport	Mary Walker LZ Airport	38.068631	-77.319318	KAPH
medium_airport	Alpena County Regional Airport	45.0780983	-83.56030273	KAPN
small_airport	Marion County Airport - Brown Field	35.060699	-85.585297	KAPT
small_airport	Apple Valley Airport	34.57529831	-117.185997	KAPV
medium_airport	Acadiana Regional Airport	30.0378	-91.883904	KARA
small_airport	Ann Arbor Municipal Airport	42.22299957	-83.74559784	KARB
small_airport	Walnut Ridge Regional Airport	36.124667	-90.925111	KARG
small_airport	Wharton Regional Airport	29.254299	-96.154404	KARM
small_airport	Aurora Municipal Airport	41.77190018	-88.47570038	KARR
medium_airport	Watertown International Airport	43.991901	-76.021698	KART
small_airport	Lakeland Airport Noble F Lee Memorial Field	45.927898	-89.730904	KARV
small_airport	Beaufort Executive Airport	32.412201	-80.634399	KARW
medium_airport	Aspen-Pitkin County Airport (Sardy Field)	39.223202	-106.869003	KASE
small_airport	Springdale Municipal Airport	36.17639923	-94.11930084	KASG
small_airport	Nashua Airport / Boire Field	42.7817	-71.514801	KASH
small_airport	Harrison County Airport	32.52050018	-94.30780029	KASL
small_airport	Talladega Municipal Airport	33.56990051	-86.05090332	KASN
medium_airport	Astoria Regional Airport	46.15800095	-123.8789978	KAST
small_airport	John F Kennedy Memorial Airport	46.54850006	-90.91899872	KASX
small_airport	Ashley Municipal Airport	46.02389908	-99.3526001	KASY
large_airport	Hartsfield Jackson Atlanta International Airport	33.6367	-84.428101	KATL
small_airport	Artesia Municipal Airport	32.85250092	-104.4680023	KATS
medium_airport	Appleton International Airport	44.258099	-88.519096	KATW
medium_airport	Watertown Regional Airport	44.91400146	-97.15470123	KATY
medium_airport	Augusta State Airport	44.3205986	-69.79730225	KAUG
small_airport	Austin Municipal Airport	43.66500092	-92.93340302	KAUM
small_airport	Auburn Municipal Airport	38.95479965	-121.0820007	KAUN
small_airport	Auburn University Regional Airport	32.615101	-85.433998	KAUO
large_airport	Austin Bergstrom International Airport	30.197535	-97.662015	KAUS
medium_airport	Wausau Downtown Airport	44.92620087	-89.62660217	KAUW
medium_airport	Asheville Regional Airport	35.436199	-82.541801	KAVL
small_airport	Avon Park Executive Airport	27.59119987	-81.52780151	KAVO
medium_airport	Wilkes Barre Scranton International Airport	41.33850098	-75.7233963	KAVP
small_airport	Marana Regional Airport	32.409065	-111.216199	KAVQ
small_airport	Catalina Airport	33.4049	-118.416	KAVX
small_airport	West Memphis Municipal Airport	35.13510132	-90.23439789	KAWM
small_airport	Algona Municipal Airport	43.078104	-94.271836	KAXA
medium_airport	Chandler Field	45.866299	-95.394699	KAXN
small_airport	Altus Quartz Mountain Regional Airport	34.697952	-99.3385	KAXS
small_airport	Neil Armstrong Airport	40.49340057	-84.29889679	KAXV
small_airport	Angel Fire Airport	36.422001	-105.290001	KAXX
small_airport	Waycross Ware County Airport	31.24909973	-82.39550018	KAYS
medium_airport	Kalamazoo Battle Creek International Airport	42.23490143	-85.55210114	KAZO
medium_airport	Beale Air Force Base	39.136101	-121.436996	KBAB
medium_airport	Barksdale Air Force Base	32.501801	-93.662697	KBAD
medium_airport	Westfield-Barnes Regional Airport	42.157799	-72.715599	KBAF
medium_airport	Columbus Municipal Airport	39.262386	-85.895576	KBAK
small_airport	Battle Mountain Airport	40.59899902	-116.8740005	KBAM
medium_airport	New Braunfels Municipal Airport	29.7045	-98.042198	KBAZ
small_airport	Benson Municipal Airport	45.331902	-95.650597	KBBB
medium_airport	Curtis Field	31.178931	-99.324732	KBBD
medium_airport	Branson Airport	36.532082	-93.200544	KBBG
small_airport	Marlboro County Jetport - H E Avent Field Airport	34.6217	-79.734398	KBBP
small_airport	Broken Bow Municipal Airport	41.43650055	-99.64219666	KBBW
small_airport	Virginia Tech Montgomery Executive Airport	37.20759964	-80.40779877	KBCB
medium_airport	Bryce Canyon Airport	37.70640183	-112.1449966	KBCE
medium_airport	Boca Raton Airport	26.3785	-80.107697	KBCT
medium_airport	Baudette International Airport	48.72840118	-94.61219788	KBDE
small_airport	Blanding Municipal Airport	37.58330154	-109.4830017	KBDG
small_airport	Willmar Municipal Airport John L Rice Field (2006)	45.117552	-95.132259	KBDH
large_airport	Bradley International Airport	41.93851	-72.688066	KBDL
medium_airport	Igor I Sikorsky Memorial Airport	41.163502	-73.126198	KBDR
small_airport	Boulder Municipal Airport	40.039101	-105.226025	KBDU
small_airport	Beech Factory Airport	37.69449997	-97.21499634	KBEC
medium_airport	Laurence G Hanscom Field	42.470001	-71.289001	KBED
small_airport	Southwest Michigan Regional Airport	42.12860107	-86.42849731	KBEH
medium_airport	Bradford Regional Airport	41.80310059	-78.64009857	KBFD
medium_airport	Western Neb. Rgnl/William B. Heilig Airport	41.87400055	-103.5960007	KBFF
medium_airport	Boeing Field King County International Airport	47.529999	-122.302002	KBFI
medium_airport	Meadows Field	35.433601	-119.056999	KBFL
medium_airport	Mobile Downtown Airport	30.62680054	-88.06809998	KBFM
small_airport	Virgil I Grissom Municipal Airport	38.84000015	-86.44539642	KBFR
small_airport	Hutchinson County Airport	35.70090103	-101.3939972	KBGD
small_airport	Decatur County Industrial Air Park	30.9715004	-84.63739777	KBGE
medium_airport	Greater Binghamton/Edwin A Link field	42.20869827	-75.97979736	KBGM
medium_airport	Bangor International Airport	44.8074	-68.828102	KBGR
medium_airport	Hancock County-Bar Harbor Airport	44.45000076	-68.3615036	KBHB
medium_airport	Birmingham-Shuttlesworth International Airport	33.562901	-86.753502	KBHM
small_airport	Block Island State Airport	41.168446	-71.578631	KBID
small_airport	Beatrice Municipal Airport	40.3013	-96.754097	KBIE
medium_airport	Biggs Army Air Field (Fort Bliss)	31.84950066	-106.3799973	KBIF
medium_airport	Eastern Sierra Regional Airport	37.3731	-118.363998	KBIH
medium_airport	Billings Logan International Airport	45.807701	-108.542999	KBIL
medium_airport	Bismarck Municipal Airport	46.77270126	-100.7460022	KBIS
medium_airport	Keesler Air Force Base	30.41040039	-88.92440033	KBIX
medium_airport	Rocky Mountain Metropolitan Airport	39.908798	-105.116997	KBJC
medium_airport	Bemidji Regional Airport	47.50939941	-94.93370056	KBJI
small_airport	Wayne County Airport	40.87480164	-81.88829803	KBJJ
small_airport	Stephens County Airport	32.71900177	-98.89099884	KBKD
medium_airport	Baker City Municipal Airport	44.83729935	-117.8089981	KBKE
medium_airport	Buckley Space Force Base	39.701698	-104.751999	KBKF
medium_airport	Burke Lakefront Airport	41.51750183	-81.6832962	KBKL
small_airport	Blackwell Tonkawa Municipal Airport	36.745098	-97.349602	KBKN
small_airport	Allen C Perkinson Blackstone Army Air Field	37.07419968	-77.95749664	KBKT
medium_airport	Raleigh County Memorial Airport	37.7873	-81.124199	KBKW
small_airport	Brookings Regional Airport	44.304798	-96.816902	KBKX
medium_airport	Mercer County Airport	37.295799	-81.207703	KBLF
medium_airport	Blythe Airport	33.61920166	-114.7170029	KBLH
medium_airport	Bellingham International Airport	48.7928009	-122.538002	KBLI
small_airport	Monmouth Executive Airport	40.18690109	-74.12490082	KBLM
small_airport	Blue Canyon Nyack Airport	39.27500153	-120.7099991	KBLU
medium_airport	Scott AFB/Midamerica Airport	38.5452	-89.835197	KBLV
small_airport	Brigham City Regional Airport	41.552399	-112.061996	KBMC
medium_airport	Monroe County Airport	39.14599991	-86.61669922	KBMG
medium_airport	Central Illinois Regional Airport at Bloomington-Normal	40.4771	-88.915901	KBMI
small_airport	Berlin Regional Airport	44.57540131	-71.17590332	KBML
small_airport	Beaumont Municipal Airport	30.070635	-94.215746	KBMT
large_airport	Nashville International Airport	36.1245	-86.6782	KBNA
small_airport	Banning Municipal Airport	33.922548	-116.850672	KBNG
small_airport	Barnwell Regional Airport	33.25780106	-81.38829803	KBNL
medium_airport	Burns Municipal Airport	43.590463	-118.955154	KBNO
small_airport	Boone Municipal Airport	42.049599	-93.847603	KBNW
medium_airport	Boise Air Terminal/Gowen Field	43.5644	-116.223	KBOI
small_airport	Brookings Airport	42.0746	-124.290001	KBOK
large_airport	Logan International Airport	42.36197	-71.0079	KBOS
small_airport	Bartow Executive Airport	27.943399	-81.783401	KBOW
small_airport	Big Spring Mc Mahon-Wrinkle Airport	32.212601	-101.522003	KBPG
medium_airport	Miley Memorial Field	42.58509827	-110.1110001	KBPI
medium_airport	Ozark Regional Airport	36.3689003	-92.47049713	KBPK
medium_airport	Jack Brooks Regional Airport	29.9508	-94.020699	KBPT
medium_airport	Brunswick Golden Isles Airport	31.258801	-81.466499	KBQK
medium_airport	Brainerd Lakes Regional Airport	46.402861	-94.129727	KBRD
medium_airport	Southeast Iowa Regional Airport	40.78319931	-91.12550354	KBRL
medium_airport	Brownsville South Padre Island International Airport	25.90679932	-97.42590332	KBRO
small_airport	Samuels Field	37.81430054	-85.49960327	KBRY
small_airport	Skypark Airport	40.86940002	-111.927002	KBTF
medium_airport	Battle Creek Executive Airport at Kellogg Field	42.307301	-85.251503	KBTL
medium_airport	Bert Mooney Airport	45.95479965	-112.4970016	KBTM
small_airport	Britton Municipal Airport	45.81520081	-97.74310303	KBTN
small_airport	Pittsburgh/Butler Regional Airport	40.776901	-79.949699	KBTP
medium_airport	Baton Rouge Metropolitan Airport	30.533199	-91.149597	KBTR
medium_airport	Burlington International Airport	44.471901	-73.153297	KBTV
small_airport	Beatty Airport	36.86109924	-116.7870026	KBTY
small_airport	Cram Field	41.77669907	-99.14969635	KBUB
large_airport	Buffalo Niagara International Airport	42.940498	-78.732201	KBUF
small_airport	Butler Memorial Airport	38.28979874	-94.34010315	KBUM
medium_airport	Hollywood Burbank Airport	34.197703	-118.356378	KBUR
medium_airport	Beaver County Airport	40.772499	-80.391403	KBVI
small_airport	Bartlesville Municipal Airport	36.762501	-96.0112	KBVO
small_airport	Skagit Regional Airport	48.470901	-122.420998	KBVS
small_airport	Batesville Regional Airport	35.7262	-91.647301	KBVX
medium_airport	Beverly Regional Airport	42.584202	-70.916496	KBVY
small_airport	Brawley Municipal Airport	32.99290085	-115.5169983	KBWC
small_airport	Brownwood Regional Airport	31.79360008	-98.95649719	KBWD
medium_airport	Bowling Green Warren County Regional Airport	36.96450043	-86.41970062	KBWG
large_airport	Baltimore/Washington International Thurgood Marshall Airport	39.1754	-76.668297	KBWI
small_airport	Harry Stern Airport	46.24409866	-96.60739899	KBWP
small_airport	George R Carr Memorial Air Field	30.81369972	-89.86499786	KBXA
small_airport	Buckeye Municipal Airport	33.422397	-112.686317	KBXK
medium_airport	Brunswick Executive Airport	43.89220047	-69.93859863	KBXM
small_airport	Johnson County Airport	44.3811	-106.722	KBYG
medium_airport	Arkansas International Airport	35.96429825	-89.94400024	KBYH
medium_airport	Burley Municipal Airport	42.54259872	-113.7720032	KBYI
medium_airport	Bicycle Lake Army Air Field	35.2804985	-116.6299973	KBYS
small_airport	Bay City Regional Airport	28.973301	-95.863503	KBYY
medium_airport	Bozeman Yellowstone International Airport	45.7775	-111.153	KBZN
small_airport	Wexford County Airport	44.275749	-85.421534	KCAD
medium_airport	Columbia Metropolitan Airport	33.938801	-81.119499	KCAE
small_airport	Craig Moffat Airport	40.49520111	-107.5220032	KCAG
medium_airport	Akron Canton Regional Airport	40.91609955	-81.44219971	KCAK
small_airport	Clayton Municipal Airpark	36.44620132	-103.1669998	KCAO
medium_airport	Caribou Municipal Airport	46.871498	-68.017899	KCAR
small_airport	Greater Cumberland Regional Airport	39.615398	-78.760902	KCBE
small_airport	Council Bluffs Municipal Airport	41.25920105	-95.76059723	KCBF
small_airport	Shalz Field	39.42750168	-101.0469971	KCBK
medium_airport	Columbus Air Force Base	33.643799	-88.443802	KCBM
small_airport	Upland-Cable Airport	34.111599	-117.688004	KCCB
medium_airport	Buchanan Field	37.9897	-122.056999	KCCR
medium_airport	Northeast Iowa Regional Airport	43.07260132	-92.6108017	KCCY
small_airport	Caledonia County Airport	44.56909943	-72.01799774	KCDA
medium_airport	Cedar City Regional Airport	37.70100021	-113.098999	KCDC
small_airport	Harrell Field	33.62279892	-92.76339722	KCDH
small_airport	George T Lewis Airport	29.134095	-83.050783	KCDK
small_airport	Woodward Field	34.28359985	-80.56490326	KCDN
medium_airport	Chadron Municipal Airport	42.837601	-103.095001	KCDR
medium_airport	Childress Municipal Airport	34.43379974	-100.288002	KCDS
small_airport	Essex County Airport	40.87519836	-74.28140259	KCDW
small_airport	Cessna Aircraft Field	37.64860153	-97.25060272	KCEA
medium_airport	Jack Mc Namara Field Airport	41.778929	-124.236403	KCEC
small_airport	Oconee County Regional Airport	34.6719017	-82.8864975	KCEU
small_airport	Mettel Field	39.69850159	-85.12969971	KCEV
medium_airport	Bob Sikes Airport	30.77879906	-86.52210236	KCEW
small_airport	Murray-Calloway County Airport Kyle-Oakley Field	36.6646	-88.372803	KCEY
medium_airport	Cortez Municipal Airport	37.303001	-108.627998	KCEZ
small_airport	Coulter Field	30.71570015	-96.33139801	KCFD
small_airport	Tuscola Area Airport	43.458801	-83.445503	KCFS
small_airport	Greenlee County Airport	32.957039	-109.211397	KCFT
small_airport	Coffeyville Municipal Airport	37.09400177	-95.57189941	KCFV
small_airport	Cambridge Dorchester Airport	38.53929901	-76.03040314	KCGE
medium_airport	Cuyahoga County Airport	41.56510162	-81.48639679	KCGF
medium_airport	Cape Girardeau Regional Airport	37.2253	-89.570801	KCGI
small_airport	College Park Airport	38.98059845	-76.92230225	KCGS
small_airport	Casa Grande Municipal Airport	32.954899	-111.766998	KCGZ
medium_airport	Chattanooga Metropolitan Airport (Lovell Field)	35.035301	-85.203796	KCHA
small_airport	Chickasha Municipal Airport	35.09740067	-97.96769714	KCHK
medium_airport	Charlottesville Albemarle Airport	38.1385994	-78.45290375	KCHO
medium_airport	Charleston International Airport	32.898602	-80.040497	KCHS
small_airport	Chico Regional Airport	39.795595	-121.857716	KCIC
medium_airport	The Eastern Iowa Airport	41.884701	-91.7108	KCID
small_airport	Arthur N Neu Airport	42.0461998	-94.78900146	KCIN
small_airport	Cairo Regional Airport	37.064499	-89.219597	KCIR
medium_airport	Chippewa County International Airport	46.247707	-84.471379	KCIU
small_airport	Kegelman AF Aux Field	36.734348	-98.123531	KCKA
medium_airport	North Central West Virginia Airport	39.2966	-80.228104	KCKB
small_airport	Grand Marais Cook County Airport	47.8382988	-90.38289642	KCKC
small_airport	Fletcher Field	34.29970169	-90.51229858	KCKM
small_airport	Crookston Municipal Kirkwood Field	47.84170151	-96.62159729	KCKN
small_airport	Clarksville–Montgomery County Regional Airport	36.62189865	-87.41500092	KCKV
large_airport	Cleveland Hopkins International Airport	41.411701	-81.8498	KCLE
small_airport	Clintonville Municipal Airport	44.61380005	-88.73130035	KCLI
small_airport	Clinton Regional Airport	35.5383	-98.932701	KCLK
medium_airport	Easterwood Field	30.5886	-96.3638	KCLL
medium_airport	William R Fairchild International Airport	48.120201	-123.5	KCLM
small_airport	Cliff Hatfield Memorial Airport	33.13150024	-115.5210037	KCLR
small_airport	Chehalis Centralia Airport	46.676998	-122.983002	KCLS
large_airport	Charlotte Douglas International Airport	35.2140007	-80.94309998	KCLT
small_airport	Clearwater Air Park	27.97669983	-82.75869751	KCLW
large_airport	John Glenn Columbus International Airport	39.998001	-82.891899	KCMH
medium_airport	University of Illinois Willard Airport	40.039819	-88.276249	KCMI
medium_airport	Houghton County Memorial Airport	47.16839981	-88.4890976	KCMX
small_airport	Sparta Fort McCoy Airport	43.958009	-90.737886	KCMY
small_airport	Claremont Municipal Airport	43.37039948	-72.36869812	KCNH
small_airport	Blosser Municipal Airport	39.54930115	-97.65229797	KCNK
medium_airport	Cavern City Air Terminal	32.33750153	-104.2630005	KCNM
small_airport	Chino Airport	33.97470093	-117.637001	KCNO
medium_airport	Chanute Martin Johnson Airport	37.668173	-95.486727	KCNU
small_airport	TSTC Waco Airport	31.641129	-97.073335	KCNW
medium_airport	Canyonlands Regional Airport	38.755001	-109.754997	KCNY
medium_airport	Yellowstone Regional Airport	44.520199	-109.024002	KCOD
medium_airport	Coeur D'Alene Airport - Pappy Boyington Field	47.7743	-116.82	KCOE
medium_airport	Patrick Space Force Base	28.2349	-80.6101	KCOF
small_airport	Merritt Island Airport	28.34160042	-80.6855011	KCOI
small_airport	Coleman Municipal Airport	31.84110069	-99.4036026	KCOM
medium_airport	Concord Municipal Airport	43.20270157	-71.50229645	KCON
medium_airport	City of Colorado Springs Municipal Airport	38.805801	-104.700996	KCOS
small_airport	Cotulla-La Salle County Airport	28.45669937	-99.22029877	KCOT
medium_airport	Columbia Regional Airport	38.8181	-92.219597	KCOU
small_airport	Compton Woodley Airport	33.88999939	-118.2440033	KCPM
medium_airport	Casper-Natrona County International Airport	42.908001	-106.463997	KCPR
small_airport	St Louis Downtown Airport	38.5707016	-90.15619659	KCPS
small_airport	Cheraw Municipal Airport/Lynch Bellinger Field	34.712898	-79.957001	KCQW
medium_airport	Grand Strand Airport	33.81169891	-78.72389984	KCRE
medium_airport	Jacksonville Executive at Craig Airport	30.3362999	-81.51439667	KCRG
medium_airport	Corpus Christi International Airport	27.770399	-97.501198	KCRP
medium_airport	McClellan-Palomar Airport	33.1283	-117.279999	KCRQ
small_airport	C David Campbell Field Corsicana Municipal Airport	32.02809906	-96.40059662	KCRS
small_airport	Z M Jack Stell Field	33.17829895	-91.88020325	KCRT
medium_airport	Yeager Airport	38.3731	-81.593201	KCRW
small_airport	Roscoe Turner Airport	34.91500092	-88.60350037	KCRX
medium_airport	Columbus Metropolitan Airport	32.5163002	-84.93890381	KCSG
small_airport	Clinton Sherman Airport	35.33980179	-99.20050049	KCSM
small_airport	Creston Municipal Airport	41.02140045	-94.36329651	KCSQ
medium_airport	Crossville Memorial Airport Whitson Field	35.95131	-85.08499	KCSV
medium_airport	Cut Bank International Airport	48.608657	-112.378183	KCTB
small_airport	Cross City Airport	29.63549995	-83.10479736	KCTY
small_airport	Sampson County Airport	34.9756012	-78.36460114	KCTZ
medium_airport	Jim Hamilton L.B. Owens Airport	33.97050095	-80.99520111	KCUB
small_airport	Cushing Municipal Airport	35.950496	-96.772371	KCUH
large_airport	Cincinnati Northern Kentucky International Airport	39.048801	-84.667801	KCVG
small_airport	Hollister Municipal Airport	36.8932991	-121.4100037	KCVH
small_airport	Sharp County Regional Airport	36.26490021	-91.56259918	KCVK
medium_airport	Clovis Municipal Airport	34.426594	-103.078794	KCVN
medium_airport	Corvallis Municipal Airport	44.49720001	-123.2900009	KCVO
medium_airport	Cannon Air Force Base	34.382801	-103.321999	KCVS
medium_airport	Central Wisconsin Airport	44.777448	-89.670238	KCWA
small_airport	Kickapoo Downtown Airport	33.85779953	-98.49040222	KCWC
small_airport	Chennault International Airport	30.2106	-93.143204	KCWF
small_airport	Clinton Municipal Airport	41.83110046	-90.32910156	KCWI
small_airport	Calexico International Airport	32.66949844	-115.5130005	KCXL
medium_airport	Conroe-North Houston Regional Airport	30.351801	-95.414497	KCXO
small_airport	Carson Airport	39.1922	-119.734001	KCXP
small_airport	Capital City Airport	40.21709824	-76.85150146	KCXY
medium_airport	Cheyenne Regional Jerry Olson Field	41.155701	-104.811997	KCYS
small_airport	Cascade Locks State Airport	45.676599	-121.878879	KCZK
small_airport	Dimmit County Airport	28.52219963	-99.82360077	KCZT
medium_airport	Davison Army Air Field	38.71500015	-77.18099976	KDAA
medium_airport	Daytona Beach International Airport	29.179899	-81.058098	KDAB
medium_airport	Barstow Daggett Airport	34.85369873	-116.7870026	KDAG
medium_airport	Dallas Love Field	32.847099	-96.851799	KDAL
medium_airport	Danville Regional Airport	36.572899	-79.336098	KDAN
medium_airport	James M Cox Dayton International Airport	39.902401	-84.219398	KDAY
small_airport	W H 'Bud' Barron Airport	32.5644	-82.985298	KDBN
medium_airport	Dubuque Regional Airport	42.402	-90.709503	KDBQ
large_airport	Ronald Reagan Washington National Airport	38.8521	-77.037697	KDCA
small_airport	Pryor Field Regional Airport	34.65269852	-86.94539642	KDCU
medium_airport	Dodge City Regional Airport	37.76340103	-99.96559906	KDDC
medium_airport	Decatur Airport	39.83459854	-88.86569977	KDEC
small_airport	Decorah Municipal Airport	43.275501	-91.739403	KDEH
large_airport	Denver International Airport	39.86169815	-104.6729965	KDEN
small_airport	Defiance Memorial Airport	41.33750153	-84.42880249	KDFI
large_airport	Dallas Fort Worth International Airport	32.896801	-97.038002	KDFW
small_airport	Douglas Municipal Airport	31.34259987	-109.5059967	KDGL
small_airport	Converse County Airport	42.79719925	-105.3860016	KDGW
medium_airport	Dothan Regional Airport	31.32130051	-85.44960022	KDHN
medium_airport	Dalhart Municipal Airport	36.02259827	-102.5469971	KDHT
medium_airport	Dickinson Theodore Roosevelt Regional Airport	46.797533	-102.801905	KDIK
small_airport	Chautauqua County-Dunkirk Airport	42.49247	-79.273102	KDKK
small_airport	Dillon County Airport	34.44910049	-79.36859894	KDLC
medium_airport	Laughlin Air Force Base	29.359501	-100.778002	KDLF
medium_airport	Duluth International Airport	46.842098	-92.193604	KDLH
small_airport	Dillon Airport	45.25540161	-112.5530014	KDLN
medium_airport	Columbia Gorge Regional Airport	45.620979	-121.170777	KDLS
medium_airport	Davis Monthan Air Force Base	32.16650009	-110.8830032	KDMA
medium_airport	Deming Municipal Airport	32.26229858	-107.7210007	KDMN
small_airport	Sedalia Memorial Airport	38.70740128	-93.17590332	KDMO
medium_airport	Daniel Field	33.46649933	-82.03939819	KDNL
small_airport	Dalton Municipal Airport	34.72290039	-84.87020111	KDNN
small_airport	Denison Municipal Airport	41.9864006	-95.38069916	KDNS
small_airport	Vermilion Regional Airport	40.199124	-87.59663	KDNV
medium_airport	Dover Air Force Base	39.129501	-75.466003	KDOV
medium_airport	Dupage Airport	41.90779877	-88.24859619	KDPA
small_airport	Michael AAF (Dugway Proving Ground) Airport	40.197396	-112.935094	KDPG
medium_airport	Desert Rock Airport	36.6194	-116.032997	KDRA
medium_airport	Beauregard Regional Airport	30.831699	-93.339897	KDRI
small_airport	Drummond Island Airport	46.00930023	-83.74389648	KDRM
medium_airport	Durango La Plata County Airport	37.151501	-107.753998	KDRO
medium_airport	Del Rio International Airport	29.37420082	-100.927002	KDRT
medium_airport	Des Moines International Airport	41.534	-93.663101	KDSM
small_airport	Dansville Municipal Airport	42.570545	-77.713273	KDSV
small_airport	Delta Municipal Airport	39.38059998	-112.5080032	KDTA
small_airport	Detroit Lakes Airport	46.824301	-95.883322	KDTL
small_airport	Shreveport Downtown Airport	32.54019928	-93.74500275	KDTN
medium_airport	Destin Executive Airport	30.400101	-86.471497	KDTS
large_airport	Detroit Metropolitan Wayne County Airport	42.21377	-83.353786	KDTW
medium_airport	Durant Regional Airport - Eaker Field	33.939675	-96.395072	KDUA
small_airport	Halliburton Field	34.47090149	-97.9598999	KDUC
medium_airport	Bisbee Douglas International Airport	31.46899986	-109.6039963	KDUG
medium_airport	DuBois Regional Airport	41.17829895	-78.8986969	KDUJ
medium_airport	Devils Lake Regional Airport	48.115454	-98.908796	KDVL
small_airport	Davenport Municipal Airport	41.610432	-90.589693	KDVN
small_airport	Marin County Airport - Gnoss Field	38.14360046	-122.5559998	KDVO
small_airport	Slayton Municipal Airport	43.986801	-95.7826	KDVP
small_airport	Phoenix Deer Valley Airport	33.68830109	-112.0830002	KDVT
small_airport	David Wayne Hooks Memorial Airport	30.0618	-95.55280304	KDWH
medium_airport	Danbury Municipal Airport	41.371656	-73.482227	KDXR
small_airport	Doylestown Airport	40.33300018	-75.12229919	KDYL
medium_airport	Dyess Air Force Base	32.420799	-99.854599	KDYS
small_airport	Oropoi Airport	3.810904	34.360943	HKOL
small_airport	Phifer Airfield	42.0555	-104.929001	KEAN
medium_airport	Kearney Regional Airport	40.727001	-99.006798	KEAR
medium_airport	Pangborn Memorial Airport	47.398899	-120.207001	KEAT
medium_airport	Chippewa Valley Regional Airport	44.86579895	-91.48429871	KEAU
small_airport	Webster City Municipal Airport	42.436848	-93.869905	KEBS
medium_airport	Elizabeth City Regional Airport & Coast Guard Air Station	36.260601	-76.174599	KECG
medium_airport	Northwest Florida Beaches International Airport	30.357106	-85.795414	KECP
small_airport	Mondell Field	43.88379	-104.314156	KECS
small_airport	Northeastern Regional Airport	36.02769852	-76.56710052	KEDE
small_airport	Enterprise Municipal Airport	31.29969978	-85.89990234	KEDN
medium_airport	Edwards Air Force Base	34.905399	-117.884003	KEDW
medium_airport	Needles Airport	34.7663002	-114.6230011	KEED
medium_airport	Dillant Hopkins Airport	42.898399	-72.270798	KEEN
medium_airport	Ellington Airport	29.6072998	-95.15879822	KEFD
small_airport	Northeast Kingdom International Airport	44.888802	-72.229202	KEFK
small_airport	Jefferson Municipal Airport	42.009866	-94.341717	KEFW
medium_airport	Eagle County Regional Airport	39.64260101	-106.9179993	KEGE
medium_airport	Duke Field	30.65040016	-86.52290344	KEGI
small_airport	Eagle River Union Airport	45.93230057	-89.26830292	KEGV
medium_airport	Murray Field	40.803398	-124.112999	KEKA
small_airport	Elkhart Municipal Airport	41.7193985	-86.00319672	KEKM
medium_airport	Elkins-Randolph County Regional Airport	38.889759	-79.857651	KEKN
medium_airport	Elko Regional Airport	40.82490158	-115.7919998	KEKO
small_airport	Addington Field / Elizabethtown Regional Airport	37.686001	-85.925003	KEKX
small_airport	Eagle Lake Airport	29.60059929	-96.32189941	KELA
medium_airport	South Arkansas Regional Airport at Goodwin Field	33.221001	-92.813301	KELD
small_airport	Elk City Regional Business Airport	35.43080139	-99.39430237	KELK
medium_airport	Elmira Corning Regional Airport	42.15990067	-76.89160156	KELM
small_airport	Bowers Field	47.03300095	-120.5309982	KELN
medium_airport	Ely Municipal Airport	47.82450104	-91.83070374	KELO
medium_airport	El Paso International Airport	31.807199	-106.377998	KELP
medium_airport	Ely Airport Yelland Field	39.29970169	-114.8420029	KELY
small_airport	Wellsville Municipal Airport - Tarantine Field	42.109501	-77.989998	KELZ
small_airport	Kemmerer Municipal Airport	41.82410049	-110.5569992	KEMM
small_airport	Emporia Municipal Airport	38.33209991	-96.19120026	KEMP
small_airport	San Gabriel Valley Airport	34.086102	-118.035004	KEMT
medium_airport	Vance Air Force Base	36.339199	-97.916496	KEND
small_airport	Centralia Municipal Airport	38.515099	-89.091103	KENL
medium_airport	Wendover Airport	40.71870041	-114.0309982	KENV
medium_airport	Kenosha Regional Airport	42.59569931	-87.92780304	KENW
small_airport	Keokuk Municipal Airport	40.4598999	-91.42849731	KEOK
small_airport	Neosho Hugh Robinson Airport	36.810799	-94.391701	KEOS
small_airport	Ephrata Municipal Airport	47.307598	-119.515999	KEPH
small_airport	Captain Jack Thomas El Dorado Airport	37.77410126	-96.81759644	KEQA
medium_airport	Erie International Tom Ridge Field	42.083127	-80.173867	KERI
small_airport	Errol Airport	44.7925	-71.1642	KERR
small_airport	Kerrville / Kerr County Airport at Louis Schreiner Field	29.9767	-99.085701	KERV
medium_airport	Delta County Airport	45.723199	-87.088623	KESC
medium_airport	Esler Army Airfield / Esler Regional Airport	31.394266	-92.294082	KESF
small_airport	Easton Airport / Newnam Field	38.804199	-76.069	KESN
small_airport	Estherville Municipal Airport	43.407398	-94.746399	KEST
small_airport	Easton State Airport	47.25419998	-121.185997	KESW
small_airport	West Bend Municipal Airport	43.422278	-88.128966	KETB
small_airport	Eastland Municipal Airport	32.41350174	-98.80979919	KETN
small_airport	Weedon Field	31.95129967	-85.12889862	KEUF
medium_airport	Mahlon Sweet Field	44.12459946	-123.211998	KEUG
small_airport	Eveleth–Virginia Municipal Airport	47.42458	-92.499204	KEVM
medium_airport	Evansville Regional Airport	38.03699875	-87.53240204	KEVV
medium_airport	Evanston-Uinta County Airport-Burns Field	41.27479935	-111.0350037	KEVW
medium_airport	New Bedford Regional Airport	41.67610168	-70.95690155	KEWB
small_airport	Newton City-County Airport	38.05820084	-97.27449799	KEWK
medium_airport	Coastal Carolina Regional Airport	35.07300186	-77.04290009	KEWN
large_airport	Newark Liberty International Airport	40.692501	-74.168701	KEWR
medium_airport	Key West International Airport	24.556101	-81.759598	KEYW
medium_airport	Felker Army Air Field	37.1325	-76.608803	KFAF
small_airport	Farmington Regional Airport	37.761101	-90.428597	KFAM
medium_airport	Hector International Airport	46.92070007	-96.81580353	KFAR
medium_airport	Fresno Yosemite International Airport	36.776199	-119.718002	KFAT
medium_airport	Fayetteville Regional Airport - Grannis Field	34.991199	-78.880302	KFAY
medium_airport	Simmons Army Air Field	35.13180161	-78.93669891	KFBG
small_airport	Faribault Municipal Airport-Liz Wall Strohfus Field	44.32844	-93.312534	KFBL
small_airport	Fort Bridger Airport	41.39189911	-110.4069977	KFBR
small_airport	Fairbury Municipal Airport	40.18299866	-97.16929626	KFBY
small_airport	Fresno Chandler Executive Airport	36.732399	-119.82	KFCH
small_airport	Richmond Executive-Chesterfield County Airport	37.406502	-77.525002	KFCI
small_airport	Flying Cloud Airport	44.82720184	-93.45709991	KFCM
medium_airport	Butts AAF (Fort Carson) Air Field	38.67839813	-104.7570038	KFCS
small_airport	Forrest City Municipal Airport	34.94200134	-90.77500153	KFCY
small_airport	Frederick Municipal Airport	39.41759872	-77.3742981	KFDK
small_airport	Frederick Regional Airport	34.35200119	-98.98390198	KFDR
medium_airport	Findlay Airport	41.01350021	-83.66870117	KFDY
small_airport	Albertus Airport	42.24620056	-89.58200073	KFEP
small_airport	Fremont Municipal Airport	41.45024	-96.522884	KFET
small_airport	First Flight Airport	36.01819992	-75.6713028	KFFA
small_airport	Fairfield Municipal Airport	41.053024	-91.980114	KFFL
small_airport	Fergus Falls Municipal Airport - Einar Mickelson Field	46.28440094	-96.15670013	KFFM
medium_airport	Wright-Patterson Air Force Base	39.826099	-84.048302	KFFO
small_airport	Capital City Airport	38.181698	-84.906764	KFFT
small_airport	Falcon Field	33.46080017	-111.7279968	KFFZ
medium_airport	Friday Harbor Airport	48.523654	-123.024645	KFHR
medium_airport	Sierra Vista Municipal Airport / Libby Army Air Field	31.587383	-110.348225	KFHU
medium_airport	Venango Regional Airport	41.37789917	-79.86039734	KFKL
small_airport	Franklin Regional Airport	36.698101	-76.903801	KFKN
small_airport	Fond du Lac County Airport	43.77119827	-88.48840332	KFLD
medium_airport	Flagstaff Pulliam International Airport	35.1385	-111.670998	KFLG
large_airport	Fort Lauderdale Hollywood International Airport	26.072599	-80.152702	KFLL
medium_airport	Florence Regional Airport	34.1853981	-79.72389984	KFLO
small_airport	Marion County Regional Airport	36.29090118	-92.59030151	KFLP
small_airport	Sherman Army Air Field	39.36830139	-94.91470337	KFLV
small_airport	Fallon Municipal Airport	39.49909973	-118.7490005	KFLX
medium_airport	Tipton Airport	39.08539963	-76.75939941	KFME
small_airport	Cape Cod Coast Guard Air Station	41.657899	-70.52163	KFMH
medium_airport	Four Corners Regional Airport	36.741199	-108.230003	KFMN
medium_airport	Page Field	26.58659935	-81.86329651	KFMY
medium_airport	Northern Colorado Regional Airport	40.44969	-105.011272	KFNL
medium_airport	Bishop International Airport	42.9654007	-83.74359894	KFNT
medium_airport	Fort Dodge Regional Airport	42.552624	-94.191237	KFOD
medium_airport	Topeka Regional Airport	38.950901	-95.663597	KFOE
small_airport	Francis S Gabreski Airport	40.84370041	-72.63179779	KFOK
small_airport	Fillmore Municipal Airport	38.95830154	-112.362999	KFOM
medium_airport	St Lucie County International Airport	27.49510002	-80.36830139	KFPR
medium_airport	Republic Airport	40.72880173	-73.41339874	KFRG
small_airport	French Lick Municipal Airport	38.50619888	-86.63690186	KFRH
medium_airport	Marshall Army Air Field	39.053021	-96.764202	KFRI
small_airport	Fairmont Municipal Airport	43.64390183	-94.41560364	KFRM
small_airport	Front Royal Warren County Airport	38.9175	-78.253502	KFRR
medium_airport	Sioux Falls Regional Airport / Joe Foss Field	43.585463	-96.741152	KFSD
medium_airport	Henry Post Army Air Field	34.649799	-98.402199	KFSI
small_airport	Fort Scott Municipal Airport	37.79840088	-94.76940155	KFSK
medium_airport	Fort Smith Regional Airport	35.336601	-94.367401	KFSM
medium_airport	Fort Stockton Pecos County Airport	30.91570091	-102.9160004	KFST
small_airport	Fort Sumner Municipal Airport	34.48339844	-104.2170029	KFSU
small_airport	Fort Madison Municipal Airport	40.659113	-91.327763	KFSW
medium_airport	Godman Army Air Field	37.90710068	-85.9720993	KFTK
medium_airport	Fort Worth Meacham International Airport	32.819801	-97.362396	KFTW
medium_airport	Fulton County Airport Brown Field	33.77909851	-84.52140045	KFTY
small_airport	Fullerton Municipal Airport	33.87200165	-117.9800034	KFUL
small_airport	Northern Aroostook Regional Airport	47.28549957	-68.31279755	KFVE
medium_airport	Fort Wayne International Airport	40.9785	-85.195099	KFWA
medium_airport	Fort Lauderdale Executive Airport	26.19729996	-80.17070007	KFXE
small_airport	Forest City Municipal Airport	43.23469925	-93.62409973	KFXY
small_airport	Fayetteville Municipal Airport	35.05970001	-86.56400299	KFYM
medium_airport	Drake Field	36.00510025	-94.17009735	KFYV
medium_airport	Jalal-Abad Airport	40.944401	72.977798	UCFD
small_airport	Gabbs Airport	38.923173	-117.9572	KGAB
small_airport	Northeast Alabama Regional Airport	33.972599	-86.088996	KGAD
small_airport	Gage Heibeck Airport	36.295502	-99.776398	KGAG
small_airport	Montgomery County Airpark	39.168301	-77.166	KGAI
small_airport	Great Bend Municipal Airport	38.344299	-98.8592	KGBD
small_airport	Galesburg Municipal Airport	40.93799973	-90.43109894	KGBG
small_airport	Walter J. Koladza Airport	42.18420029	-73.40319824	KGBR
medium_airport	Northeast Wyoming Regional Airport	44.3489	-105.539001	KGCC
small_airport	Grant County Regional Airport / Ogilvie Field	44.404202	-118.962997	KGCD
medium_airport	Garden City Regional Airport	37.92750168	-100.723999	KGCK
medium_airport	Grand Canyon National Park Airport	35.9524	-112.147003	KGCN
small_airport	Greeneville Municipal Airport	36.195648	-82.811482	KGCY
small_airport	Gardner Municipal Airport	42.54999924	-72.01609802	KGDM
medium_airport	Dawson Community Airport	47.137658	-104.80691	KGDV
small_airport	Gladwin Zettel Memorial Airport	43.97060013	-84.47499847	KGDW
small_airport	Delaware Coastal Airport	38.689201	-75.358902	KGED
medium_airport	Spokane International Airport	47.6199	-117.533997	KGEG
small_airport	South Big Horn County Airport	44.51679993	-108.0830002	KGEY
small_airport	Pope Field	39.790715	-85.735019	KGFD
medium_airport	Grand Forks International Airport	47.949299	-97.176102	KGFK
medium_airport	Floyd Bennett Memorial Airport	43.34120178	-73.61029816	KGFL
small_airport	Georgetown County Airport	33.31169891	-79.31960297	KGGE
medium_airport	East Texas Regional Airport	32.38399887	-94.71150208	KGGG
medium_airport	Glasgow Valley County Airport Wokal Field	48.212502	-106.614998	KGGW
small_airport	Centerville Municipal Airport	35.83739853	-87.44539642	KGHM
small_airport	Idaho County Airport	45.9426	-116.123001	KGIC
small_airport	Winter Haven Regional Airport - Gilbert Field	28.062901	-81.753304	KGIF
medium_airport	Grand Junction Regional Airport	39.126663	-108.529387	KGJT
small_airport	Port Meadville Airport	41.626499	-80.214699	KGKJ
small_airport	Gatlinburg-Pigeon Forge Airport	35.85779953	-83.52870178	KGKT
medium_airport	Goodland Municipal Airport	39.370701	-101.699753	KGLD
small_airport	Gainesville Municipal Airport	33.65140152	-97.1969986	KGLE
medium_airport	Mid Delta Regional Airport	33.482899	-90.985603	KGLH
small_airport	Gaylord Regional Airport	45.01350021	-84.70359802	KGLR
medium_airport	Scholes International At Galveston Airport	29.265301	-94.860397	KGLS
small_airport	Glasgow Municipal Airport	37.03179932	-85.9536972	KGLW
medium_airport	Greenville Downtown Airport	34.847903	-82.350217	KGMU
small_airport	Gooding Municipal Airport	42.91719818	-114.7649994	KGNG
small_airport	Grants-Milan Municipal Airport	35.16730118	-107.9020004	KGNT
medium_airport	Gainesville Regional Airport	29.69009972	-82.27179718	KGNV
small_airport	Guthrie-Edmond Regional Airport	35.84980011	-97.41560364	KGOK
medium_airport	Groton New London Airport	41.330101	-72.045097	KGON
medium_airport	Glacier Park International Airport	48.3105011	-114.2559967	KGPI
medium_airport	Gulfport Biloxi International Airport	30.407301	-89.070099	KGPT
small_airport	Grand Rapids Itasca Co-Gordon Newstrom field	47.21110153	-93.50980377	KGPZ
small_airport	Galion Municipal Airport	40.7533989	-82.72380066	KGQQ
medium_airport	Austin Straubel International Airport	44.483459	-88.130805	KGRB
small_airport	Greenwood County Airport	34.248699	-82.159103	KGRD
small_airport	Greenville Airport	38.836844	-89.376525	KGRE
medium_airport	Gray Army Air Field	47.07920074	-122.5810013	KGRF
medium_airport	Central Nebraska Regional Airport	40.96749878	-98.30960083	KGRI
medium_airport	Killeen Regional Airport / Robert Gray Army Airfield	31.0672	-97.828903	KGRK
small_airport	Gordon Municipal Airport	42.80599976	-102.1750031	KGRN
medium_airport	Gerald R. Ford International Airport	42.88079834	-85.52279663	KGRR
medium_airport	Seymour Johnson Air Force Base	35.339401	-77.960602	KGSB
small_airport	Goshen Municipal Airport	41.52640152	-85.79290009	KGSH
medium_airport	Piedmont Triad International Airport	36.097801	-79.937302	KGSO
medium_airport	Greenville Spartanburg International Airport	34.895699	-82.218903	KGSP
medium_airport	Great Falls International Airport	47.48199844	-111.3710022	KGTF
small_airport	Grantsburg Municipal Airport	45.79809952	-92.66439819	KGTG
medium_airport	Golden Triangle Regional Airport	33.450298	-88.5914	KGTR
medium_airport	Gunnison Crested Butte Regional Airport	38.534672	-106.934566	KGUC
medium_airport	Gallup Municipal Airport	35.511653	-108.788166	KGUP
medium_airport	Grissom Air Reserve Base	40.648102	-86.1521	KGUS
medium_airport	Guymon Municipal Airport	36.68510056	-101.5080032	KGUY
small_airport	Gordonsville Municipal Airport	38.155998	-78.165802	KGVE
small_airport	Lee Gilmer Memorial Airport	34.27259827	-83.8302002	KGVL
small_airport	Majors Airport	33.06779861	-96.06529999	KGVT
medium_airport	Greenwood–Leflore Airport	33.495025	-90.088204	KGWO
small_airport	Glenwood Springs Municipal Airport	39.50830078	-107.310997	KGWS
small_airport	Greeley–Weld County Airport	40.43740082	-104.6330032	KGXY
small_airport	Donaldson Field Airport	34.758301	-82.376404	KGYH
medium_airport	North Texas Regional Airport Perrin Field	33.7141	-96.673698	KGYI
small_airport	Phoenix Goodyear Airport	33.42250061	-112.3759995	KGYR
small_airport	Marion County Rankin Fite Airport	34.11759949	-87.99819946	KHAB
small_airport	Half Moon Bay Airport	37.51340103	-122.5009995	KHAF
small_airport	Three Rivers Municipal Dr Haines Airport	41.959801	-85.593399	KHAI
small_airport	Butler Co Regional Airport - Hogan Field	39.36380005	-84.52200317	KHAO
medium_airport	Hattiesburg Bobby L Chain Municipal Airport	31.26479912	-89.25279999	KHBG
medium_airport	Hobart Regional Airport	34.991317	-99.051313	KHBR
small_airport	Brewster Field	40.452099	-99.336502	KHDE
medium_airport	Yampa Valley Airport	40.481201	-107.218002	KHDN
small_airport	Thompson-Robbins Airport	34.576571	-90.67616	KHEE
medium_airport	Manassas Regional Airport/Harry P. Davis Field	38.721401	-77.515404	KHEF
small_airport	Natchez–Adams County Airport / Hardy-Anders Field	31.614817	-91.297331	KHEZ
medium_airport	Hartford Brainard Airport	41.73669815	-72.6493988	KHFD
small_airport	Mackall Army Air Field	35.036087	-79.498615	KHFF
medium_airport	Hagerstown Regional Richard A Henson Field	39.708771	-77.728014	KHGR
medium_airport	Jack Northrop Field Hawthorne Municipal Airport	33.922798	-118.334999	KHHR
small_airport	Stan Stamper Municipal Airport	34.03480148	-95.54190063	KHHW
medium_airport	Range Regional Airport	47.384831	-92.836905	KHIB
small_airport	Mount Washington Regional Airport	44.36752	-71.545765	KHIE
medium_airport	Hill Air Force Base	41.12403	-111.973086	KHIF
medium_airport	Lake Havasu City International Airport	34.571098	-114.358002	KHII
medium_airport	Portland Hillsboro Airport	45.540401	-122.949997	KHIO
small_airport	Blytheville Municipal Airport	35.94039917	-89.83080292	KHKA
small_airport	Hawkins Field	32.33449936	-90.22219849	KHKS
medium_airport	Hickory Regional Airport	35.74110031	-81.38950348	KHKY
small_airport	Batesville Airport	39.342861	-85.258441	KHLB
small_airport	Hill City Municipal Airport	39.37879944	-99.83149719	KHLC
medium_airport	Wheeling Ohio County Airport	40.17499924	-80.64630127	KHLG
medium_airport	Helena Regional Airport	46.6068	-111.983002	KHLN
heliport	Hood Army Air Field	31.1387	-97.7145	KHLR
medium_airport	Holloman Air Force Base	32.852501	-106.107002	KHMN
small_airport	Hemet Ryan Airport	33.73400116	-117.0230026	KHMT
small_airport	Huntingburg Airport	38.24900055	-86.9536972	KHNB
small_airport	Henderson Executive Airport	35.97280121	-115.1340027	KHND
medium_airport	Lea County Regional Airport	32.6875	-103.217003	KHOB
medium_airport	Huron Regional Airport	44.385201	-98.2285	KHON
medium_airport	Campbell Army Airfield (Fort Campbell)	36.674154	-87.48974	KHOP
medium_airport	Memorial Field Airport	34.4788	-93.096262	KHOT
medium_airport	William P Hobby Airport	29.645399	-95.2789	KHOU
medium_airport	Westchester County Airport	41.06700134	-73.70760345	KHPN
small_airport	Hampton Municipal Airport	42.72370148	-93.2263031	KHPT
small_airport	Baytown Airport	29.78610039	-94.95269775	KHPY
medium_airport	Bowerman Airport	46.97119904	-123.9369965	KHQM
small_airport	Hermiston Municipal Airport	45.828223	-119.259024	KHRI
medium_airport	Valley International Airport	26.22850037	-97.65440369	KHRL
medium_airport	Boone County Airport	36.26150131	-93.15470123	KHRO
small_airport	Harrisburg-Raleigh Airport	37.811298	-88.550301	KHSB
small_airport	Billy Mitchell Airport	35.23279953	-75.61779785	KHSE
small_airport	Hastings Municipal Airport	40.6053009	-98.42790222	KHSI
small_airport	Ingalls Field	37.95140076	-79.83390045	KHSP
medium_airport	Homestead ARB Airport	25.48859978	-80.38359833	KHST
medium_airport	Huntsville International Carl T Jones Field	34.637199	-86.775101	KHSV
small_airport	Hawthorne Industrial Airport	38.544399	-118.634002	KHTH
small_airport	Roscommon County - Blodgett Memorial Airport	44.359798	-84.671095	KHTL
medium_airport	Tri-State Airport / Milton J. Ferguson Field	38.366699	-82.557999	KHTS
small_airport	Lawrence County Airpark	38.419082	-82.494922	KHTW
medium_airport	Redstone Army Air Field	34.67869949	-86.68479919	KHUA
medium_airport	Houlton International Airport	46.12310028	-67.792099	KHUL
small_airport	Houma Terrebonne Airport	29.56649971	-90.66040039	KHUM
medium_airport	Hutchinson Municipal Airport	38.06549835	-97.86060333	KHUT
small_airport	Hanksville Airport	38.41799927	-110.7040024	KHVE
medium_airport	Tweed New Haven Airport	41.26369858	-72.88680267	KHVN
medium_airport	Havre City County Airport	48.541387	-109.762859	KHVR
small_airport	Hartsville Regional Airport	34.40309906	-80.11920166	KHVS
small_airport	Hayward Executive Airport	37.65919876	-122.1220016	KHWD
small_airport	North Perry Airport	26.0012	-80.2407	KHWO
small_airport	Brookhaven Calabro Airport	40.821899	-72.8694	KHWV
medium_airport	Hilton Head Airport	32.2244	-80.697502	KHXD
medium_airport	Cape Cod Gateway Airport	41.6693	-70.280403	KHYA
medium_airport	Sawyer County Airport	46.02519989	-91.44429779	KHYR
medium_airport	Hays Regional Airport	38.844521	-99.273148	KHYS
small_airport	Hazleton Municipal Airport	40.98680115	-75.99490356	KHZL
medium_airport	Northeast Ohio Regional Airport	41.778	-80.695503	KHZY
medium_airport	McConnell Air Force Base	37.621899	-97.268204	KIAB
large_airport	Washington Dulles International Airport	38.9445	-77.455803	KIAD
medium_airport	Niagara Falls International Airport	43.1073	-78.946198	KIAG
large_airport	George Bush Intercontinental Houston Airport	29.9843998	-95.34140015	KIAH
small_airport	Schenck Field	40.72180176	-95.02639771	KICL
medium_airport	Wichita Eisenhower National Airport	37.649899	-97.433098	KICT
medium_airport	Idaho Falls Regional Airport	43.514599	-112.070999	KIDA
small_airport	Ida Grove Municipal Airport	42.3326	-95.444901	KIDG
small_airport	Indiana County–Jimmy Stewart Airport	40.631119	-79.101884	KIDI
small_airport	Independence Municipal Airport	37.15840149	-95.77839661	KIDP
small_airport	Pine Ridge Airport	43.020902	-102.506089	KIEN
small_airport	Iowa Falls Municipal Airport	42.47079849	-93.26999664	KIFA
medium_airport	Laughlin Bullhead International Airport	35.157398	-114.559998	KIFP
medium_airport	Kingman Airport	35.259499	-113.938004	KIGM
small_airport	Jacksonville Municipal Airport	39.774601	-90.238297	KIJX
medium_airport	Greater Kankakee Airport	41.07139969	-87.84629822	KIKK
small_airport	Skylark Field	31.08580017	-97.68650055	KILE
medium_airport	Wilmington Airport	39.678699	-75.606499	KILG
medium_airport	Wilmington International Airport	34.27059937	-77.90260315	KILM
medium_airport	Wilmington Airpark	39.42789841	-83.792099	KILN
small_airport	Imperial Municipal Airport	40.50930023	-101.6210022	KIML
small_airport	Immokalee Regional Airport	26.427933	-81.403531	KIMM
small_airport	Madison Municipal Airport	38.75889969	-85.46549988	KIMS
medium_airport	Ford Airport	45.81911	-88.114557	KIMT
large_airport	Indianapolis International Airport	39.7173	-86.294403	KIND
medium_airport	Winkler County Airport	31.77960014	-103.2009964	KINK
medium_airport	Falls International Airport	48.56620026	-93.40309906	KINL
small_airport	Creech Air Force Base	36.58720016	-115.6729965	KINS
medium_airport	Smith Reynolds Airport	36.13370132	-80.22200012	KINT
medium_airport	Winslow Lindbergh Regional Airport	35.02190018	-110.7229996	KINW
small_airport	Iowa City Municipal Airport	41.6391983	-91.54650116	KIOW
medium_airport	Imperial County Airport	32.83539	-115.574026	KIPL
medium_airport	Williamsport Regional Airport	41.242126	-76.92245	KIPT
medium_airport	Kirksville Regional Airport	40.09349823	-92.54489899	KIRK
small_airport	Kirsch Municipal Airport	41.813301	-85.439003	KIRS
medium_airport	Kissimmee Gateway Airport	28.28980064	-81.43710327	KISM
medium_airport	Kinston Regional Jetport At Stallings Field	35.33140183	-77.6088028	KISO
medium_airport	Long Island Mac Arthur Airport	40.79520035	-73.10019684	KISP
small_airport	Schoolcraft County Airport	45.974602	-86.171799	KISQ
small_airport	Alexander Field South Wood County Airport	44.36029816	-89.83899689	KISW
medium_airport	Ithaca Tompkins Regional Airport	42.49100113	-76.45839691	KITH
medium_airport	Mesa Gateway Airport	33.3078	-111.654999	KIWA
small_airport	Gogebic Iron County Airport	46.525298	-90.131578	KIWD
small_airport	Wiscasset Airport	43.96139908	-69.71260071	KIWI
small_airport	West Houston Airport	29.818199	-95.6726	KIWS
small_airport	New Century AirCenter Airport	38.830898	-94.890297	KIXD
small_airport	Inyokern Airport	35.65879822	-117.8300018	KIYK
small_airport	Santa Ynez Airport	34.60680008	-120.0759964	KIZA
small_airport	Eastern Slopes Regional Airport	43.99110031	-70.94789886	KIZG
medium_airport	Jackson Hole Airport	43.6072998	-110.737999	KJAC
medium_airport	Jackson-Medgar Wiley Evers International Airport	32.311199	-90.075897	KJAN
small_airport	Jasper County Airport Bell Field	30.8857	-94.034897	KJAS
large_airport	Jacksonville International Airport	30.492469	-81.687813	KJAX
medium_airport	Jonesboro Municipal Airport	35.83169937	-90.64640045	KJBR
medium_airport	Kimble County Airport	30.51129913	-99.7634964	KJCT
small_airport	Jordan Airport	47.3288	-106.953003	KJDN
small_airport	Jefferson City Memorial Airport	38.59120178	-92.15609741	KJEF
large_airport	John F Kennedy International Airport	40.639447	-73.779317	KJFK
medium_airport	Chautauqua County-Jamestown Airport	42.15425	-79.254008	KJHW
small_airport	Jack Edwards National Airport	30.290501	-87.671799	KJKA
medium_airport	Joplin Regional Airport	37.151798	-94.498299	KJLN
medium_airport	Jamestown Regional Airport	46.92969894	-98.67819977	KJMS
small_airport	Joliet Regional Airport	41.51779938	-88.17549896	KJOT
medium_airport	Concord-Padgett Regional Airport	35.387798	-80.709099	KJQF
small_airport	Cherokee County Airport	31.86930084	-95.2173996	KJSO
medium_airport	John Murtha Johnstown Cambria County Airport	40.31610107	-78.83390045	KJST
small_airport	Southern Wisconsin Regional Airport	42.62030029	-89.04160309	KJVL
medium_airport	Jackson County Airport/Reynolds Field	42.260509	-84.463019	KJXN
small_airport	Mesa Del Rey Airport	36.22800064	-121.1220016	KKIC
medium_airport	Southwest Washington Regional Airport	46.11800003	-122.8980026	KKLS
small_airport	Kanab Municipal Airport	37.011101	-112.530998	KKNB
medium_airport	Southeast Colorado Regional Airport	38.066407	-102.691373	KLAA
medium_airport	Purdue University Airport	40.412875	-86.939363	KLAF
medium_airport	Lakeland Linder International Airport	27.987656	-82.018776	KLAL
small_airport	Los Alamos Airport	35.87979889	-106.2689972	KLAM
medium_airport	Capital City Airport	42.77870178	-84.58740234	KLAN
medium_airport	Laramie Regional Airport	41.31209946	-105.6750031	KLAR
large_airport	Harry Reid International Airport	36.083361	-115.151817	KLAS
medium_airport	Lawton Fort Sill Regional Airport	34.567699	-98.416603	KLAW
large_airport	Los Angeles International Airport	33.942501	-118.407997	KLAX
medium_airport	Lubbock Preston Smith International Airport	33.663601	-101.822998	KLBB
medium_airport	Arnold Palmer Regional Airport	40.275902	-79.4048	KLBE
medium_airport	North Platte Regional Airport Lee Bird Field	41.12620163	-100.6839981	KLBF
medium_airport	Liberal Mid-America Regional Airport	37.0442009	-100.9599991	KLBL
medium_airport	Lumberton Regional Airport	34.610773	-79.05943	KLBT
medium_airport	Texas Gulf Coast Regional Airport	29.108601	-95.462097	KLBX
medium_airport	Lake Charles Regional Airport	30.12610054	-93.22329712	KLCH
small_airport	Laconia Municipal Airport	43.572701	-71.4189	KLCI
medium_airport	Rickenbacker International Airport	39.813801	-82.927803	KLCK
small_airport	Lake City Gateway Airport	30.181999	-82.576897	KLCQ
small_airport	Linden Airport	40.61740112	-74.24459839	KLDJ
small_airport	Mason County Airport	43.96250153	-86.40789795	KLDM
medium_airport	Lebanon Municipal Airport	43.62609863	-72.30419922	KLEB
medium_airport	Leesburg International Airport	28.82309914	-81.80870056	KLEE
small_airport	Lemmon Municipal Airport	45.91870117	-102.1060028	KLEM
small_airport	Auburn Lewiston Municipal Airport	44.04850006	-70.28350067	KLEW
medium_airport	Blue Grass Airport	38.036499	-84.605904	KLEX
medium_airport	Langley Air Force Base	37.082901	-76.360497	KLFI
medium_airport	Angelina County Airport	31.23399925	-94.75	KLFK
medium_airport	Lafayette Regional Airport	30.205299	-91.987602	KLFT
large_airport	LaGuardia Airport	40.777199	-73.872597	KLGA
medium_airport	Long Beach Airport (Daugherty Field)	33.816523	-118.149891	KLGB
small_airport	LaGrange Callaway Airport	33.008873	-85.074331	KLGC
small_airport	La Grande/Union County Airport	45.29019928	-118.0070038	KLGD
small_airport	Laguna Army Airfield	32.86000061	-114.3970032	KLGF
medium_airport	Logan-Cache Airport	41.79119873	-111.8519974	KLGU
small_airport	William T. Piper Memorial Airport	41.13560104	-77.42230225	KLHV
small_airport	MidCoast Regional Airport at Wright Army Airfield	31.891237	-81.561003	KLHW
small_airport	Triangle North Executive Airport	36.0233	-78.330299	KLHZ
small_airport	Limon Municipal Airport	39.27479935	-103.6660004	KLIC
medium_airport	Bill & Hillary Clinton National Airport/Adams Field	34.729582	-92.223728	KLIT
small_airport	Lake Placid Airport	44.26449966	-73.9618988	KLKP
small_airport	Louisa County Airport / Freeman Field	38.0098	-77.9701	KLKU
small_airport	Lake County Airport	42.16109848	-120.3990021	KLKV
small_airport	Challis Airport	44.522999	-114.218002	KLLJ
small_airport	Louisville Winston County Airport	33.14619827	-89.0625	KLMS
medium_airport	Crater Lake-Klamath Regional Airport	42.156101	-121.733002	KLMT
small_airport	Palm Beach County Park Airport	26.59300041	-80.08509827	KLNA
medium_airport	Hunt Field	42.815201	-108.730003	KLND
medium_airport	Lincoln Airport	40.85100174	-96.75920105	KLNK
small_airport	Lake County Executive Airport	41.683998	-81.389702	KLNN
small_airport	Lonesome Pine Airport	36.98749924	-82.52999878	KLNP
small_airport	Tri-County Regional Airport	43.2099	-90.181332	KLNR
medium_airport	Lancaster Airport	40.12170029	-76.2960968	KLNS
medium_airport	Derby Field	40.06639862	-118.5650024	KLOL
small_airport	Wings Field	40.13750076	-75.26509857	KLOM
small_airport	Lewis University Airport	41.6072998	-88.09619904	KLOT
medium_airport	Bowman Field	38.22800064	-85.66369629	KLOU
medium_airport	London-Corbin Airport/Magee Field	37.0821991	-84.0848999	KLOZ
small_airport	Lompoc Airport	34.66559982	-120.4680023	KLPC
small_airport	Pickens County Airport	34.81000137	-82.70290375	KLQK
medium_airport	Laredo International Airport	27.54380035	-99.46160126	KLRD
medium_airport	Little Rock Air Force Base	34.91690063	-92.14969635	KLRF
small_airport	Le Mars Municipal Airport	42.77799988	-96.1937027	KLRJ
medium_airport	Las Cruces International Airport	32.289398	-106.921997	KLRU
small_airport	Lordsburg Municipal Airport	32.33349991	-108.6920013	KLSB
medium_airport	La Crosse Regional Airport	43.879002	-91.256699	KLSE
medium_airport	Lawson Army Air Field	32.332546	-84.988003	KLSF
small_airport	Lusk Municipal Airport	42.75379944	-104.4049988	KLSK
small_airport	Los Banos Municipal Airport	37.06290054	-120.8690033	KLSN
medium_airport	Nellis Air Force Base	36.23619843	-115.0339966	KLSV
medium_airport	Altus Air Force Base	34.667099	-99.266701	KLTS
medium_airport	Luke Air Force Base	33.535	-112.383003	KLUF
medium_airport	Cincinnati Municipal Airport Lunken Field	39.102357	-84.418945	KLUK
small_airport	Hesler Noble Field	31.67259979	-89.17220306	KLUL
small_airport	Livermore Municipal Airport	37.69340134	-121.8199997	KLVK
small_airport	Brunswick Municipal Airport	36.774229	-77.793846	KLVL
medium_airport	Mission Field	45.69940186	-110.447998	KLVM
medium_airport	Las Vegas Municipal Airport	35.654202	-105.141998	KLVS
medium_airport	Greenbrier Valley Airport	37.857914	-80.400438	KLWB
small_airport	Lawrence Municipal Airport	39.01119995	-95.21659851	KLWC
small_airport	Wells Municipal Airport/Harriet Field	41.11709976	-114.9219971	KLWL
medium_airport	Lawrence Municipal Airport	42.71720123	-71.12339783	KLWM
medium_airport	Lewiston Nez Perce County Airport	46.37450027	-117.0149994	KLWS
medium_airport	Lewistown Municipal Airport	47.048429	-109.466143	KLWT
small_airport	Lawrenceville Vincennes International Airport	38.7643013	-87.60549927	KLWV
small_airport	Jim Kelly Field	40.791	-99.777298	KLXN
small_airport	Lake County Airport	39.22029877	-106.3170013	KLXV
medium_airport	Lynchburg Regional Airport - Preston Glenn Field	37.326698	-79.200401	KLYH
small_airport	Lyons-Rice County Municipal Airport	38.339481	-98.228702	KLYO
small_airport	Gwinnett County Briscoe Field	33.97809982	-83.96240234	KLZU
small_airport	Macon Downtown Airport	32.82210159	-83.56199646	KMAC
small_airport	Madera Municipal Airport	36.98860168	-120.1119995	KMAE
medium_airport	Midland International Air and Space Port	31.942499	-102.202003	KMAF
small_airport	Malden Regional Airport	36.6006012	-89.99220276	KMAW
medium_airport	Mobridge Municipal Airport	45.54650116	-100.4079971	KMBG
small_airport	Manistee County Blacker Airport	44.272707	-86.246495	KMBL
small_airport	Bruce Campbell Field	32.438702	-90.103104	KMBO
medium_airport	MBS International Airport	43.531913	-84.082275	KMBS
small_airport	Omar N Bradley Airport	39.464393	-92.428365	KMBY
medium_airport	McComb-Pike County Airport / John E Lewis Field	31.178499	-90.471901	KMCB
medium_airport	McClellan Airfield	38.667599	-121.401001	KMCC
small_airport	Mackinac Island Airport	45.86489868	-84.63729858	KMCD
medium_airport	Merced Regional Macready Field	37.284698	-120.514	KMCE
medium_airport	MacDill Air Force Base	27.8493	-82.521202	KMCF
large_airport	Kansas City International Airport	39.2976	-94.713898	KMCI
medium_airport	McCook Ben Nelson Regional Airport	40.207787	-100.592794	KMCK
medium_airport	Middle Georgia Regional Airport	32.69279861	-83.64920044	KMCN
large_airport	Orlando International Airport	28.42939949	-81.30899811	KMCO
medium_airport	Mason City Municipal Airport	43.159801	-93.329716	KMCW
small_airport	Midland Airpark	32.03649902	-102.1009979	KMDD
medium_airport	Southern Illinois Airport	37.778099	-89.251999	KMDH
small_airport	Madison Municipal Airport	44.01599884	-97.08589935	KMDS
medium_airport	Harrisburg International Airport	40.193501	-76.763397	KMDT
large_airport	Chicago Midway International Airport	41.785999	-87.752403	KMDW
small_airport	Taylor County Airport	45.10100174	-90.30329895	KMDZ
small_airport	Laurinburg Maxton Airport	34.791901	-79.365799	KMEB
medium_airport	Key Field / Meridian Regional Airport	32.3326	-88.7519	KMEI
large_airport	Memphis International Airport	35.0424	-89.9767	KMEM
medium_airport	Castle Airport	37.38050079	-120.5680008	KMER
small_airport	Minden-Tahoe Airport	39.00030136	-119.7509995	KMEV
medium_airport	Mansfield Lahm Regional Airport	40.82139969	-82.51660156	KMFD
medium_airport	McAllen Miller International Airport	26.176141	-98.237965	KMFE
small_airport	Marshfield Municipal Airport	44.63690186	-90.18930054	KMFI
medium_airport	Rogue Valley International Medford Airport	42.37419891	-122.8730011	KMFR
small_airport	Accomack County Airport	37.64690018	-75.76110077	KMFV
small_airport	Michigan City Municipal Airport	41.70330048	-86.82119751	KMGC
medium_airport	Dobbins Air Reserve Base	33.915401	-84.516296	KMGE
small_airport	Orange County Airport	41.50999832	-74.26460266	KMGJ
medium_airport	Montgomery Regional (Dannelly Field) Airport	32.300598	-86.393997	KMGM
small_airport	Moultrie Municipal Airport	31.0848999	-83.80329895	KMGR
medium_airport	Morgantown Municipal Airport Walter L. (Bill) Hart Field	39.643305	-79.917598	KMGW
small_airport	Dayton-Wright Brothers Airport	39.5890007	-84.22489929	KMGY
small_airport	Mitchell Municipal Airport	43.77479935	-98.03859711	KMHE
medium_airport	Manhattan Regional Airport	39.14099884	-96.67079926	KMHK
small_airport	Marshall Memorial Municipal Airport	39.09579849	-93.20290375	KMHL
medium_airport	Sacramento Mather Airport	38.554744	-121.297989	KMHR
medium_airport	Manchester-Boston Regional Airport	42.932598	-71.435699	KMHT
small_airport	Mojave Airport	35.05939865	-118.1520004	KMHV
large_airport	Miami International Airport	25.79319954	-80.29060364	KMIA
medium_airport	Minot Air Force Base	48.4156	-101.358002	KMIB
small_airport	Crystal Airport	45.062	-93.353897	KMIC
medium_airport	Delaware County Johnson Field	40.242298	-85.395897	KMIE
small_airport	Miami Municipal Airport	36.909199	-94.887497	KMIO
small_airport	Shafter Airport - Minter Field	35.507401	-119.192002	KMIT
medium_airport	Millville Municipal Airport	39.367802	-75.072197	KMIV
small_airport	Marshalltown Municipal Airport	42.112701	-92.917801	KMIW
small_airport	Jackson Municipal Airport	43.650002	-94.986504	KMJQ
small_airport	Ocean County Airport	39.92750168	-74.29239655	KMJX
medium_airport	Charles B. Wheeler Downtown Airport	39.123199	-94.592796	KMKC
large_airport	General Mitchell International Airport	42.947201	-87.896599	KMKE
medium_airport	Muskegon County Airport	43.169498	-86.238197	KMKG
medium_airport	McKellar-Sipes Regional Airport	35.599899	-88.915604	KMKL
small_airport	Muskogee-Davis Regional Airport	35.656502	-95.366699	KMKO
small_airport	Mankato Regional Airport	44.224781	-93.919128	KMKT
small_airport	Marco Island Executive Airport	25.995001	-81.672501	KMKY
medium_airport	Melbourne Orlando International Airport	28.1028	-80.645302	KMLB
medium_airport	Mc Alester Regional Airport	34.882401	-95.783501	KMLC
small_airport	Malad City Airport	42.166599	-112.296997	KMLD
small_airport	Millard Airport	41.195877	-96.112107	KMLE
small_airport	Milford Municipal-Ben and Judy Briscoe Field	38.426601	-113.012001	KMLF
medium_airport	Quad City International Airport	41.448502	-90.5075	KMLI
small_airport	Baldwin County Regional Airport	33.154202	-83.240701	KMLJ
medium_airport	Miles City Airport - Frank Wiley Field	46.427268	-105.885372	KMLS
small_airport	Millinocket Municipal Airport	45.6478	-68.6856	KMLT
medium_airport	Monroe Regional Airport	32.510899	-92.037697	KMLU
small_airport	Mammoth Yosemite Airport	37.625381	-118.84306	KMMH
small_airport	McMinn County Airport	35.39730072	-84.56259918	KMMI
small_airport	Southwest Minnesota Regional Airport - Marshall/Ryan Field	44.45050049	-95.82189941	KMML
small_airport	Selfs Airport	34.231499	-90.289597	KMMS
medium_airport	Mc Entire Joint National Guard Base	33.92079926	-80.80130005	KMMT
medium_airport	Morristown Municipal Airport	40.799062	-74.414949	KMMU
small_airport	Menominee–Marinette Twin County Airport	45.126701	-87.638397	KMNM
small_airport	Marion Municipal Airport	40.61619949	-83.06349945	KMNN
medium_airport	Mobile Regional Airport	30.6912	-88.242798	KMOB
medium_airport	Modesto City Co-Harry Sham Field	37.625801	-120.954002	KMOD
small_airport	Mount Pleasant Municipal Airport	43.6217	-84.737503	KMOP
small_airport	Morristown Regional Airport	36.179401	-83.375504	KMOR
medium_airport	Minot International Airport	48.25939941	-101.2799988	KMOT
small_airport	Morris Municipal Airport Charlie Schmidt Field	45.566002	-95.967201	KMOX
small_airport	Mariposa Yosemite Airport	37.51089859	-120.0400009	KMPI
small_airport	Petit Jean Park Airport	35.138901	-92.909202	KMPJ
small_airport	Pocono Mountains Municipal Airport	41.136025	-75.379572	KMPO
small_airport	Mc Pherson Airport	38.352402	-97.691299	KMPR
medium_airport	Edward F Knapp State Airport	44.20349884	-72.56230164	KMPV
small_airport	Mount Pleasant Municipal Airport	40.94660187	-91.51110077	KMPZ
small_airport	Macomb Municipal Airport	40.52009964	-90.65239716	KMQB
small_airport	Dare County Regional Airport	35.91879	-75.695662	KMQI
small_airport	Chester County G O Carlson Airport	39.97900009	-75.8655014	KMQS
small_airport	Telfair Wheeler Airport	32.095798	-82.879997	KMQW
medium_airport	Smyrna Airport	36.00899887	-86.52010345	KMQY
medium_airport	Eastern WV Regional Airport/Shepherd Field	39.40190125	-77.98459625	KMRB
small_airport	Maury County Airport	35.55410004	-87.17890167	KMRC
small_airport	Marfa Municipal Airport	30.369593	-104.015893	KMRF
small_airport	Foothills Regional Airport	35.820202	-81.611397	KMRN
medium_airport	Monterey Peninsula Airport	36.5870018	-121.8430023	KMRY
medium_airport	Northwest Alabama Regional Airport	34.745123	-87.612981	KMSL
medium_airport	Dane County Regional Truax Field	43.1399	-89.337502	KMSN
medium_airport	Missoula International Airport	46.91630173	-114.0910034	KMSO
large_airport	Minneapolis–Saint Paul International Airport / Wold–Chamberlain Field	44.880081	-93.221741	KMSP
medium_airport	Massena International Airport Richards Field	44.936157	-74.844304	KMSS
small_airport	Sullivan County International Airport	41.701596	-74.794997	KMSV
large_airport	Louis Armstrong New Orleans International Airport	29.993401	-90.258003	KMSY
medium_airport	Selfridge Air National Guard Base Airport	42.613463	-82.836919	KMTC
medium_airport	The Florida Keys Marathon Airport	24.726101	-81.051399	KMTH
medium_airport	Montrose Regional Airport	38.5098	-107.893997	KMTJ
medium_airport	Martin State Airport	39.325699	-76.413803	KMTN
small_airport	Coles County Memorial Airport	39.477901	-88.279198	KMTO
small_airport	Montauk Airport	41.0765	-71.920797	KMTP
small_airport	Manitowoc County Airport	44.127116	-87.681983	KMTW
medium_airport	Muir Army Air Field (Fort Indiantown Gap) Airport	40.435214	-76.568661	KMUI
small_airport	Spence Airport	31.141569	-83.703718	KMUL
medium_airport	Mountain Home Air Force Base	43.043598	-115.872002	KMUO
small_airport	Muscatine Municipal Airport	41.367803	-91.148201	KMUT
small_airport	Monroe County Aeroplex Airport	31.458	-87.350996	KMVC
small_airport	Montevideo Chippewa County Airport	44.969101	-95.710297	KMVE
small_airport	Morrisville-Stowe State Airport	44.534599	-72.613998	KMVL
small_airport	Mount Vernon Outland Airport	38.322774	-88.859257	KMVN
small_airport	Martha's Vineyard Airport	41.39310074	-70.61430359	KMVY
medium_airport	Veterans Airport of Southern Illinois	37.751208	-89.016568	KMWA
small_airport	Lawrence J Timmerman Airport	43.110401	-88.034401	KMWC
medium_airport	Grant County International Airport	47.20769882	-119.3199997	KMWH
small_airport	Mineral Wells Regional Airport	32.781601	-98.060204	KMWL
small_airport	Windom Municipal Airport	43.913399	-95.109398	KMWM
small_airport	Middletown Regional Airport	39.530998	-84.395302	KMWO
small_airport	Manila Municipal Airport	35.894402	-90.154602	KMXA
medium_airport	Maxwell Air Force Base	32.3829	-86.365799	KMXF
small_airport	Monticello Regional Airport	42.220402	-91.1633	KMXO
small_airport	Montgomery-Gibbs Executive Airport	32.8157	-117.139999	KMYF
medium_airport	McCall Municipal Airport	44.888837	-116.101112	KMYL
medium_airport	Myrtle Beach International Airport	33.679699	-78.928299	KMYR
medium_airport	Yuba County Airport	39.09780121	-121.5699997	KMYV
small_airport	Pinal Airpark	32.51060104	-111.3280029	KMZJ
small_airport	Marion Municipal Airport	40.48989868	-85.67970276	KMZZ
medium_airport	New Orleans NAS JRB/Alvin Callender Field	29.82530022	-90.03500366	KNBG
small_airport	Naval Outlying Field Barin	30.38909912	-87.63529968	KNBJ
small_airport	Dahlgren Naval Surface Warfare Center Airport	38.3325	-77.037201	KNDY
medium_airport	Lakehurst Maxfield Field Airport	40.03329849	-74.353302	KNEL
small_airport	Whitehouse Naval Outlying Field	30.35390091	-81.87190247	KNEN
medium_airport	Lakefront Airport	30.04240036	-90.02829742	KNEW
medium_airport	Fallon Naval Air Station	39.41659927	-118.7009964	KNFL
medium_airport	NAS Fort Worth JRB / Carswell Field	32.769199	-97.441498	KNFW
medium_airport	Naval Air Station Corpus Christi Truax Field	27.6926	-97.2911	KNGP
medium_airport	Norfolk Naval Station (Chambers Field)	36.937599	-76.289299	KNGU
small_airport	Cabaniss Field Naval Outlying Landing Field	27.704426	-97.440578	KNGW
medium_airport	Patuxent River Naval Air Station (Trapnell Field)	38.285999	-76.411797	KNHK
medium_airport	Jacksonville Naval Air Station (Towers Field)	30.2358	-81.680603	KNIP
medium_airport	El Centro NAF Airport (Vraciu Field)	32.829201	-115.671996	KNJK
medium_airport	Miramar Marine Corps Air Station - Mitscher Field	32.86840057	-117.1429977	KNKX
medium_airport	Lemoore Naval Air Station (Reeves Field) Airport	36.33300018	-119.9520035	KNLC
medium_airport	Naval Air Station Pensacola Forrest Sherman Field	30.352699	-87.318604	KNPA
medium_airport	Millington-Memphis Airport	35.356701	-89.8703	KNQA
medium_airport	Kingsville Naval Air Station	27.50720024	-97.80970001	KNQI
medium_airport	Naval Air Station Key West/Boca Chica Field	24.57579994	-81.68890381	KNQX
medium_airport	Naval Station Mayport / Admiral David L McDonald Field	30.3911	-81.424698	KNRB
small_airport	Naval Outlying Field Imperial Beach (Ream Field)	32.5667	-117.116997	KNRS
medium_airport	Whiting Field Naval Air Station - North	30.7241993	-87.02189636	KNSE
medium_airport	Point Mugu Naval Air Station (Naval Base Ventura Co)	34.12030029	-119.1210022	KNTD
medium_airport	Oceana Naval Air Station	36.820702	-76.033501	KNTU
medium_airport	Moffett Federal Airfield	37.4161	-122.049004	KNUQ
medium_airport	Whidbey Island Naval Air Station (Ault Field)	48.351799	-122.655998	KNUW
small_airport	Nevada Municipal Airport	37.8521	-94.304901	KNVD
medium_airport	Quantico Marine Corps Airfield / Turner Field	38.501701	-77.305298	KNYG
medium_airport	Yuma International Airport / Marine Corps Air Station Yuma	32.650938	-114.609375	KNYL
medium_airport	North Island Naval Air Station-Halsey Field	32.69919968	-117.2149963	KNZY
medium_airport	Albert J Ellis Airport	34.829201	-77.612099	KOAJ
large_airport	San Francisco Bay Oakland International Airport	37.720085	-122.221184	KOAK
small_airport	Marina Municipal Airport	36.68190002	-121.762001	KOAR
small_airport	Okeechobee County Airport	27.26280022	-80.84980011	KOBE
small_airport	Ocala International Airport - Jim Taylor Field	29.17259979	-82.22419739	KOCF
small_airport	A L Mangham Jr. Regional Airport	31.57799911	-94.70950317	KOCH
small_airport	Warren Field	35.57049942	-77.04979706	KOCW
small_airport	L O Simenstad Municipal Airport	45.31000137	-92.69190216	KOEO
medium_airport	Offutt Air Force Base	41.119307	-95.90851	KOFF
medium_airport	Karl Stefan Memorial Airport	41.98550034	-97.43509674	KOFK
small_airport	Ogallala Municipal Airport Searle Field	41.119499	-101.769997	KOGA
medium_airport	Orangeburg Municipal Airport	33.45679855	-80.85949707	KOGB
medium_airport	Ogden Hinckley Airport	41.19589996	-112.012001	KOGD
medium_airport	Ogdensburg International Airport	44.6819	-75.4655	KOGS
small_airport	Lt Warren Eaton Airport	42.5666008	-75.52410126	KOIC
small_airport	Johnson County Executive Airport	38.84759903	-94.73760223	KOJC
small_airport	Oceanside Municipal Airport	33.217947	-117.351683	KOKB
large_airport	Will Rogers World Airport	35.393388	-97.598248	KOKC
small_airport	AJ Eisenberg Airport	48.25149918	-122.6740036	KOKH
small_airport	Kokomo Municipal Airport	40.52819824	-86.05899811	KOKK
small_airport	Okmulgee Regional Airport	35.66809845	-95.94869995	KOKM
small_airport	Garden County Airport/King Rhiley Field	41.401001	-102.355003	KOKS
small_airport	Winchester Regional Airport	39.14350128	-78.14440155	KOKV
small_airport	Dewitt Field - Old Town Municipal Airport	44.952801	-68.674301	KOLD
small_airport	Cattaraugus County-Olean Airport	42.241199	-78.371399	KOLE
medium_airport	L M Clayton Airport	48.094501	-105.574997	KOLF
medium_airport	Olympia Regional Airport	46.969399	-122.903	KOLM
medium_airport	Nogales International Airport	31.4177	-110.848	KOLS
medium_airport	Columbus Municipal Airport	41.448145	-97.340174	KOLU
small_airport	Olive Branch Airport	34.97869873	-89.78690338	KOLV
small_airport	Olney Noble Airport	38.721802	-88.176399	KOLY
large_airport	Eppley Airfield	41.3032	-95.894096	KOMA
small_airport	Omak Airport	48.46440125	-119.5179977	KOMK
small_airport	Winona Municipal Airport Max Conrad Field	44.077202	-91.708298	KONA
small_airport	O'Neill Municipal Airport–John L Baker Field	42.468916	-98.686989	KONL
small_airport	Socorro Municipal Airport	34.022499	-106.903	KONM
medium_airport	Ontario Municipal Airport	44.0198	-117.013289	KONO
medium_airport	Newport Municipal Airport	44.580399	-124.057999	KONP
large_airport	Ontario International Airport	34.056	-117.600998	KONT
small_airport	Olney Municipal Airport	33.350899	-98.819199	KONY
small_airport	Oskaloosa Municipal Airport	41.2262	-92.493896	KOOA
medium_airport	Miami-Opa Locka Executive Airport	25.907	-80.278397	KOPF
small_airport	St Landry Parish Ahart Field	30.558399	-92.099403	KOPL
medium_airport	Quonset State Airport	41.5970993	-71.41210175	KOQU
large_airport	Chicago O'Hare International Airport	41.9786	-87.9048	KORD
large_airport	Norfolk International Airport	36.895341	-76.201	KORF
medium_airport	Worcester Regional Airport	42.2673	-71.875702	KORH
small_airport	Orlando Executive Airport	28.5455	-81.332901	KORL
medium_airport	Orcas Island Airport	48.708199	-122.910004	KORS
small_airport	Mount Pleasant Regional Airport	33.095501	-94.961502	KOSA
small_airport	Oscoda Wurtsmith Airport	44.451599	-83.394096	KOSC
medium_airport	Wittman Regional Airport	43.9844017	-88.55699921	KOSH
medium_airport	The Ohio State University Airport - Don Scott Field	40.0798	-83.072998	KOSU
small_airport	Kosciusko Attala County Airport	33.090302	-89.542	KOSX
small_airport	Worthington Municipal Airport	43.65477	-95.577364	KOTG
medium_airport	Southwest Oregon Regional Airport	43.417099	-124.2460022	KOTH
medium_airport	Ottumwa Regional Airport	41.106368	-92.449837	KOTM
small_airport	University of Oklahoma Westheimer Airport	35.2456	-97.472099	KOUN
small_airport	Oroville Municipal Airport	39.4878006	-121.6220016	KOVE
small_airport	Owatonna Degner Regional Airport	44.123402	-93.260597	KOWA
medium_airport	Owensboro Daviess County Airport	37.74010086	-87.16680145	KOWB
medium_airport	Norwood Memorial Airport	42.19049835	-71.17289734	KOWD
small_airport	Central Maine/Norridgewock Airport	44.7155	-69.866501	KOWK
small_airport	Ocean City Municipal Airport	38.3103981	-75.12400055	KOXB
small_airport	Waterbury Oxford Airport	41.47859955	-73.1352005	KOXC
small_airport	Miami University Airport	39.50230026	-84.78440094	KOXD
medium_airport	Oxnard Airport	34.20080185	-119.2070007	KOXR
small_airport	St Marys Municipal Airport	41.41249847	-78.50260162	KOYM
small_airport	Ozona Municipal Airport	30.73530006	-101.2030029	KOZA
medium_airport	Cairns AAF (Fort Rucker) Air Field	31.27569962	-85.71340179	KOZR
medium_airport	Seattle Paine Field International Airport	47.9063	-122.281998	KPAE
medium_airport	Barkley Regional Airport	37.06079865	-88.77380371	KPAH
medium_airport	Tyndall Air Force Base	30.069599	-85.575401	KPAM
small_airport	Payson Airport	34.25680161	-111.3389969	KPAN
medium_airport	Palo Alto Airport	37.461102	-122.114998	KPAO
medium_airport	Pine Bluff Regional Airport, Grider Field	34.174121	-91.935643	KPBF
medium_airport	Plattsburgh International Airport	44.65090179	-73.4681015	KPBG
large_airport	Palm Beach International Airport	26.683201	-80.095596	KPBI
small_airport	Pike County Airport Hatcher Field	37.560795	-82.570051	KPBX
small_airport	Prairie Du Chien Municipal Airport	43.01929855	-91.123703	KPDC
medium_airport	DeKalb Peachtree Airport	33.87633	-84.30213	KPDK
medium_airport	Eastern Oregon Regional Airport at Pendleton	45.695099	-118.841003	KPDT
large_airport	Portland International Airport	45.588699	-122.598	KPDX
small_airport	Pecos Municipal Airport	31.38240051	-103.5110016	KPEQ
small_airport	Pacific City State Airport	45.199799	-123.961998	KPFC
medium_airport	Page Municipal Airport	36.924234	-111.447716	KPGA
medium_airport	Punta Gorda Airport	26.9202	-81.990501	KPGD
small_airport	Kirk Field	36.06290054	-90.50779724	KPGR
medium_airport	Pitt-Greenville Airport	35.635535	-77.384262	KPGV
small_airport	Harry Clever Field	40.47090149	-81.41970062	KPHD
medium_airport	Newport News Williamsburg International Airport	37.131901	-76.492996	KPHF
small_airport	Robert F Swinnie Airport	33.4516983	-79.52619934	KPHH
small_airport	Palm Beach County Glades Airport	26.78499985	-80.69339752	KPHK
large_airport	Philadelphia International Airport	39.871899	-75.241096	KPHL
small_airport	St Clair County International Airport	42.9109993	-82.52890015	KPHN
small_airport	Philip Airport	44.048527	-101.600933	KPHP
small_airport	Henry County Airport	36.33819962	-88.38289642	KPHT
large_airport	Phoenix Sky Harbor International Airport	33.435302	-112.005905	KPHX
medium_airport	General Wayne A. Downing Peoria International Airport	40.6642	-89.693298	KPIA
medium_airport	Hattiesburg Laurel Regional Airport	31.4671	-89.337097	KPIB
medium_airport	St. Petersburg Clearwater International Airport	27.9102	-82.687401	KPIE
medium_airport	Pocatello Regional Airport	42.90980148	-112.5960007	KPIH
small_airport	Harris County Airport	32.84069824	-84.88240051	KPIM
medium_airport	Pierre Regional Airport	44.38270187	-100.2860031	KPIR
large_airport	Pittsburgh International Airport	40.491501	-80.232903	KPIT
medium_airport	Mid Ohio Valley Regional Airport	39.3451	-81.439201	KPKB
small_airport	Park Rapids Municipal Airport Konshok Field	46.9006	-95.073095	KPKD
small_airport	Park Falls Municipal Airport	45.95500183	-90.42440033	KPKF
small_airport	M. Graham Clark Downtown Airport	36.62590027	-93.22889709	KPLK
medium_airport	Pellston Regional Airport of Emmet County Airport	45.57089996	-84.79669952	KPLN
small_airport	St Clair County Airport	33.55879974	-86.24909973	KPLR
small_airport	Pembina Municipal Airport	48.94250107	-97.24079895	KPMB
medium_airport	Palmdale Regional Airport / USAF Plant 42 Airport	34.629398	-118.084999	KPMD
small_airport	Greater Portsmouth Regional Airport	38.84049988	-82.84729767	KPMH
small_airport	Pompano Beach Airpark	26.24710083	-80.11109924	KPMP
medium_airport	Ralph Wenz Field	42.79550171	-109.8069992	KPNA
medium_airport	Ponca City Regional Airport	36.73199844	-97.09980011	KPNC
medium_airport	Northeast Philadelphia Airport	40.082406	-75.010614	KPNE
small_airport	Princeton Municipal Airport	45.20069885	-67.56439972	KPNN
medium_airport	Pensacola International Airport	30.4734	-87.1866	KPNS
medium_airport	Pope Field	35.170898	-79.014503	KPOB
small_airport	Brackett Field	34.09159851	-117.7819977	KPOC
medium_airport	Polk Army Air Field	31.0447998	-93.1917038	KPOE
small_airport	Poplar Bluff Municipal Airport	36.773899	-90.324898	KPOF
small_airport	Pocahontas Municipal Airport	42.742802	-94.647301	KPOH
medium_airport	Dutchess County Airport	41.62659836	-73.88420105	KPOU
small_airport	Powell Municipal Airport	44.86719894	-108.7929993	KPOY
small_airport	Perry Lefors Field	35.61299896	-100.9960022	KPPA
small_airport	Tri-City Airport	37.32989883	-95.5062027	KPPF
small_airport	La Porte Municipal Airport	41.57249832	-86.73449707	KPPO
medium_airport	Presque Isle International Airport	46.688999	-68.0448	KPQI
small_airport	Trent Lott International Airport	30.46279907	-88.52919769	KPQL
medium_airport	Paso Robles Municipal Airport	35.67290115	-120.6269989	KPRB
medium_airport	Prescott International Airport - Ernest A. Love Field	34.654499	-112.419998	KPRC
small_airport	Perry Municipal Airport	41.82799911	-94.15989685	KPRO
medium_airport	Cox Field	33.63660049	-95.45079803	KPRX
small_airport	Mid-State Regional Airport	40.884399	-78.087303	KPSB
medium_airport	Tri Cities Airport	46.264702	-119.119003	KPSC
small_airport	Pittsfield Municipal Airport	42.4268	-73.2929	KPSF
small_airport	New River Valley Airport	37.13729858	-80.67849731	KPSK
medium_airport	Portsmouth International at Pease Airport	43.07789993	-70.82330322	KPSM
small_airport	Palestine Municipal Airport	31.77969933	-95.70629883	KPSN
small_airport	Stevens Field	37.28630066	-107.0559998	KPSO
medium_airport	Palm Springs International Airport	33.8297	-116.507004	KPSP
small_airport	Palacios Municipal Airport	28.72750092	-96.25099945	KPSX
small_airport	Dinwiddie County Airport	37.18379974	-77.50740051	KPTB
medium_airport	Oakland County International Airport	42.66550064	-83.42009735	KPTK
small_airport	Harry P Williams Memorial Airport	29.70949936	-91.33899689	KPTN
small_airport	Atkinson Municipal Airport	37.449501	-94.731102	KPTS
small_airport	Pratt Regional Airport	37.70159912	-98.74690247	KPTT
small_airport	Porterville Municipal Airport	36.02959824	-119.0630035	KPTV
small_airport	Heritage Field	40.239601	-75.556702	KPTW
medium_airport	Pueblo Memorial Airport	38.289101	-104.497002	KPUB
small_airport	Carbon County Regional Airport / Buck Davis Field	39.613899	-110.751	KPUC
medium_airport	Pullman-Moscow Regional Airport	46.741601	-117.11163	KPUW
small_airport	Provincetown Municipal Airport	42.07189941	-70.2213974	KPVC
large_airport	Theodore Francis Green State Airport	41.725038	-71.425668	KPVD
small_airport	Placerville Airport	38.7242012	-120.7529984	KPVF
small_airport	Hampton Roads Executive Airport	36.780391	-76.44881	KPVG
medium_airport	Provo-Utah Lake International Airport	40.2192	-111.723	KPVU
small_airport	Hale County Airport	34.168098	-101.717003	KPVW
small_airport	Wiley Post Airport	35.53419876	-97.64710236	KPWA
small_airport	Sher-Wood Airport	48.79029846	-104.5339966	KPWD
large_airport	Portland International Jetport	43.646198	-70.309303	KPWM
medium_airport	Bremerton National Airport	47.49020004	-122.7649994	KPWT
small_airport	Plymouth Municipal Airport	41.909	-70.728798	KPYM
small_airport	John H Batten Airport	42.76060104	-87.81520081	KRAC
medium_airport	Riverside Municipal Airport	33.9519	-117.445	KRAL
medium_airport	Rapid City Regional Airport	44.04529953	-103.0569992	KRAP
small_airport	Dallas Executive Airport	32.68090057	-96.86820221	KRBD
small_airport	Roseburg Regional Airport	43.23880005	-123.3560028	KRBG
medium_airport	Red Bluff Municipal Airport	40.15069962	-122.2519989	KRBL
small_airport	Lowcountry Regional Airport	32.92100143	-80.64060211	KRBW
medium_airport	Ellsworth Air Force Base	44.14500046	-103.1039963	KRCA
small_airport	H H Coffield Regional Airport	30.63159943	-96.98970032	KRCK
small_airport	Fulton County Airport	41.06560135	-86.18170166	KRCR
small_airport	Nartron Field	43.90000153	-85.51670074	KRCT
medium_airport	Redding Municipal Airport	40.50899887	-122.2929993	KRDD
medium_airport	Reading Regional Airport (Carl A Spaatz Field)	40.378502	-75.965202	KRDG
medium_airport	Roberts Field	44.254101	-121.150002	KRDM
medium_airport	Grand Forks Air Force Base	47.96110153	-97.40119934	KRDR
large_airport	Raleigh Durham International Airport	35.877602	-78.787498	KRDU
small_airport	Rome State Airport	42.57770157	-117.8850021	KREO
medium_airport	Chicago Rockford International Airport	42.1954	-89.097198	KRFD
small_airport	Rooke Field	28.2936	-97.322998	KRFG
medium_airport	Rhinelander Oneida County Airport	45.63119888	-89.46749878	KRHI
small_airport	Reid-Hillview Airport of Santa Clara County	37.332901	-121.8190002	KRHV
large_airport	Richmond International Airport	37.505199	-77.319702	KRIC
small_airport	Richmond Municipal Airport	39.757198	-84.842796	KRID
small_airport	Richfield Municipal Airport	38.734068	-112.101603	KRIF
medium_airport	Garfield County Regional Airport	39.526299	-107.726997	KRIL
small_airport	Flabob Airport	33.9897	-117.411003	KRIR
medium_airport	March Air Reserve Base	33.880699	-117.259003	KRIV
medium_airport	Central Wyoming Regional Airport	43.064201	-108.459999	KRIW
medium_airport	Knox County Regional Airport	44.060101	-69.099197	KRKD
small_airport	Aransas County Airport	28.08679962	-97.04460144	KRKP
small_airport	Robert S Kerr Airport	35.021599	-94.6213	KRKR
medium_airport	Southwest Wyoming Regional Airport	41.5942	-109.065001	KRKS
small_airport	Rockwood Municipal Airport	35.92229843	-84.68969727	KRKW
small_airport	Richland Airport	46.305599	-119.304001	KRLD
medium_airport	Griffiss International Airport	43.23379898	-75.40699768	KRME
medium_airport	Richard B Russell Airport	34.3506012	-85.15799713	KRMG
small_airport	Stafford Regional Airport	38.398102	-77.455498	KRMN
small_airport	Warren County Memorial Airport	35.69869995	-85.84380341	KRNC
medium_airport	Randolph Air Force Base	29.529699	-98.2789	KRND
medium_airport	New Richmond Regional Airport	45.1483	-92.538101	KRNH
large_airport	Reno Tahoe International Airport	39.4991	-119.767998	KRNO
small_airport	Renton Municipal Airport	47.49309921	-122.2160034	KRNT
medium_airport	Roanoke–Blacksburg Regional Airport	37.3255	-79.975403	KROA
medium_airport	Frederick Douglass Greater Rochester International Airport	43.1189	-77.672401	KROC
small_airport	Rogers Municipal Airport-Carter Field	36.37229919	-94.10690308	KROG
medium_airport	Roswell Air Center Airport	33.301601	-104.530998	KROW
small_airport	Roseau Municipal Rudy Billberg Field	48.855999	-95.696999	KROX
small_airport	Rice Lake Regional Airport - Carl's Field	45.423024	-91.773127	KRPD
small_airport	Roundup Airport	46.475095	-108.541497	KRPX
small_airport	Roben Hood Airport	43.72259903	-85.50409698	KRQB
small_airport	Merrill Municipal Airport	45.19889832	-89.71289825	KRRL
small_airport	Warroad International Memorial Airport	48.94139862	-95.3483963	KRRT
medium_airport	Russell Municipal Airport	38.87210083	-98.8117981	KRSL
small_airport	Ruston Regional Airport	32.514187	-92.588517	KRSN
medium_airport	Rochester International Airport	43.908298	-92.5	KRST
large_airport	Southwest Florida International Airport	26.53619957	-81.75520325	KRSW
small_airport	Raton Municipal Airport / Crews Field	36.741501	-104.501999	KRTN
small_airport	Mid-Carolina Regional Airport	35.645901	-80.520302	KRUQ
medium_airport	Rutland - Southern Vermont Regional Airport	43.5294	-72.9496	KRUT
small_airport	Mifflin County Airport	40.67739868	-77.62680054	KRVL
medium_airport	Tulsa Riverside Airport	36.0396	-95.984596	KRVS
medium_airport	Redwood Falls Municipal Airport	44.547199	-95.082298	KRWF
medium_airport	Rocky Mount Wilson Regional Airport	35.8563	-77.891899	KRWI
medium_airport	Rawlins Municipal Airport/Harvey Field	41.80559921	-107.1999969	KRWL
small_airport	Rexburg Madison County Airport	43.8339	-111.805002	KRXE
small_airport	Jasper County Airport	40.94789886	-87.18260193	KRZL
small_airport	Shively Field	41.444901	-106.823997	KSAA
medium_airport	Sacramento Executive Airport	38.51250076	-121.4929962	KSAC
small_airport	Safford Regional Airport	32.85480118	-109.6350021	KSAD
medium_airport	Santa Fe Municipal Airport	35.6171	-106.088997	KSAF
large_airport	San Diego International Airport	32.73360062	-117.1900024	KSAN
small_airport	Sparta Community Airport - Hunter Field	38.148899	-89.6987	KSAR
small_airport	Salton Sea Airport	33.24140167	-115.9520035	KSAS
large_airport	San Antonio International Airport	29.533701	-98.469803	KSAT
large_airport	Savannah Hilton Head International Airport	32.127602	-81.202103	KSAV
medium_airport	Marquette/Sawyer International Airport	46.3536	-87.395401	KSAW
medium_airport	Santa Barbara Municipal Airport	34.426201	-119.839996	KSBA
medium_airport	San Bernardino International Airport	34.095402	-117.235001	KSBD
small_airport	Sheboygan County Memorial Airport	43.76959991	-87.85140228	KSBM
medium_airport	South Bend Regional Airport	41.708698	-86.317299	KSBN
medium_airport	San Luis County Regional Airport	35.23680115	-120.6419983	KSBP
small_airport	Steamboat Springs Bob Adams Field	40.5163002	-106.8659973	KSBS
small_airport	Shelby Airport	48.54069901	-111.8710022	KSBX
medium_airport	Salisbury Ocean City Wicomico Regional Airport	38.34049988	-75.51029968	KSBY
small_airport	Scribner State Airport	41.610298	-96.629898	KSCB
medium_airport	Schenectady County Airport	42.85250092	-73.92890167	KSCH
medium_airport	Stockton Metropolitan Airport	37.893279	-121.238079	KSCK
large_airport	Louisville Muhammad Ali International Airport	38.1744	-85.736	KSDF
small_airport	Scottsdale Airport	33.6228981	-111.9110031	KSDL
medium_airport	Brown Field Municipal Airport	32.572639	-116.980019	KSDM
medium_airport	Sidney - Richland Regional Airport	47.705141	-104.194422	KSDY
large_airport	Seattle–Tacoma International Airport	47.447943	-122.310276	KSEA
small_airport	Gillespie Field	32.82619858	-116.9720001	KSEE
small_airport	Sebring Regional Airport	27.45639992	-81.3423996	KSEF
small_airport	Penn Valley Airport	40.8205986	-76.86389923	KSEG
small_airport	Craig Field	32.34389877	-86.9878006	KSEM
small_airport	Stephenville Clark Regional Airport	32.215302	-98.177696	KSEP
small_airport	Freeman Municipal Airport	38.92359924	-85.90740204	KSER
small_airport	Sedona Airport	34.84859848	-111.788002	KSEZ
large_airport	Orlando Sanford International Airport	28.77759933	-81.23750305	KSFB
medium_airport	Felts Field	47.682899	-117.321925	KSFF
small_airport	Sanford Seacoast Regional Airport	43.39390182	-70.70800018	KSFM
large_airport	San Francisco International Airport	37.619806	-122.374821	KSFO
small_airport	North Central State Airport	41.92079926	-71.49140167	KSFZ
medium_airport	Springfield Branson National Airport	37.245701	-93.388603	KSGF
medium_airport	Springfield-Beckley Municipal Airport	39.84030151	-83.84020233	KSGH
medium_airport	Northeast Florida Regional Airport	29.9592	-81.339798	KSGJ
medium_airport	Sugar Land Regional Airport	29.62229919	-95.65650177	KSGR
small_airport	Stuttgart Municipal Airport / Carl Humphrey Field	34.599499	-91.574997	KSGT
medium_airport	St George Regional Airport	37.036389	-113.510306	KSGU
medium_airport	Shenandoah Valley Regional Airport	38.263802	-78.8964	KSHD
small_airport	Sanderson Field	47.23360062	-123.1480026	KSHN
medium_airport	Sheridan County Airport	44.76919937	-106.9800034	KSHR
medium_airport	Shreveport Regional Airport	32.446602	-93.8256	KSHV
small_airport	Sikeston Memorial Municipal Airport	36.89889908	-89.5617981	KSIK
small_airport	Sullivan County Airport	39.1147	-87.448303	KSIV
small_airport	Siskiyou County Airport	41.781399	-122.468002	KSIY
large_airport	Norman Y. Mineta San Jose International Airport	37.362452	-121.929188	KSJC
small_airport	St Johns Industrial Air Park	34.51860046	-109.3789978	KSJN
medium_airport	San Angelo Regional Mathis Field	31.35770035	-100.4960022	KSJT
medium_airport	Fairchild Air Force Base	47.615101	-117.655998	KSKA
medium_airport	Lackland Air Force Base	29.38419914	-98.58110046	KSKF
medium_airport	Taos Regional Airport	36.452494	-105.67749	KSKX
small_airport	Storm Lake Municipal Airport	42.59730148	-95.24069977	KSLB
large_airport	Salt Lake City International Airport	40.78886	-111.979866	KSLC
medium_airport	Salem-Willamette Valley Airport/McNary Field	44.9095	-123.002998	KSLE
small_airport	Smith Field	36.191898	-94.489998	KSLG
medium_airport	Adirondack Regional Airport	44.38691	-74.204629	KSLK
medium_airport	Salina Municipal Airport	38.79100037	-97.65219879	KSLN
small_airport	Salem–Leckrone Airport	38.642899	-88.964203	KSLO
small_airport	Sulphur Springs Municipal Airport	33.15980148	-95.62110138	KSLR
small_airport	Smith Field	41.14339828	-85.15280151	KSMD
medium_airport	Lake Cumberland Regional Airport	37.05339813	-84.61589813	KSME
large_airport	Sacramento International Airport	38.6954	-121.591003	KSMF
medium_airport	Lemhi County Airport	45.122233	-113.88196	KSMN
medium_airport	Santa Monica Municipal Airport	34.0158	-118.450996	KSMO
small_airport	Sumter Airport	33.99499893	-80.36129761	KSMS
medium_airport	Santa Maria Public Airport Captain G Allan Hancock Field	34.898899	-120.457001	KSMX
large_airport	John Wayne Orange County International Airport	33.675701	-117.867996	KSNA
small_airport	Winston Field	32.690212	-100.948918	KSNK
small_airport	Shawnee Regional Airport	35.35789871	-96.94280243	KSNL
medium_airport	Salinas Municipal Airport	36.66279984	-121.6060028	KSNS
medium_airport	Sidney Municipal Airport Lloyd W Carr Field	41.101299	-102.985001	KSNY
small_airport	Moore County Airport	35.237184	-79.389381	KSOP
medium_airport	Show Low Regional Airport	34.264062	-110.007091	KSOW
small_airport	Spartanburg Downtown Memorial Airport	34.91569901	-81.95649719	KSPA
small_airport	Black Hills Airport-Clyde Ice Field	44.4803009	-103.7829971	KSPF
small_airport	Albert Whitted Airport	27.7651	-82.626999	KSPG
medium_airport	Abraham Lincoln Capital Airport	39.844101	-89.677902	KSPI
medium_airport	Wichita Falls Municipal Airport / Sheppard Air Force Base	33.9888	-98.491898	KSPS
small_airport	Spencer Municipal Airport	43.16550064	-95.20279694	KSPW
small_airport	Whiteside County Airport - Joseph H Bittorf Field	41.742175	-89.673629	KSQI
medium_airport	San Carlos Airport	37.51313	-122.250838	KSQL
small_airport	Searcy Municipal Airport	35.210602	-91.737503	KSRC
large_airport	Sarasota Bradenton International Airport	27.394631	-82.554359	KSRQ
medium_airport	Sierra Blanca Regional Airport	33.462799	-105.535004	KSRR
medium_airport	Shaw Air Force Base	33.972698	-80.470596	KSSC
medium_airport	Stinson Municipal Airport	29.33699989	-98.47109985	KSSF
medium_airport	St Simons Island Airport	31.1518	-81.391296	KSSI
medium_airport	Saint Cloud Regional Airport	45.5466	-94.059898	KSTC
small_airport	Stevens Point Municipal Airport	44.54520035	-89.53029633	KSTE
medium_airport	Rosecrans Memorial Airport	39.77190018	-94.90969849	KSTJ
small_airport	Sterling Municipal Airport	40.613497	-103.263833	KSTK
large_airport	St. Louis Lambert International Airport	38.748697	-90.370003	KSTL
medium_airport	Saint Paul Downtown Holman Field	44.93479	-93.060036	KSTP
medium_airport	Charles M. Schulz Sonoma County Airport	38.50899887	-122.8130035	KSTS
small_airport	Witham Field	27.18169975	-80.22109985	KSUA
small_airport	Stroud Municipal Airport	35.78960037	-96.65570068	KSUD
small_airport	Door County Cherryland Airport	44.84370041	-87.42150116	KSUE
medium_airport	Friedman Memorial Airport	43.50439835	-114.2959976	KSUN
medium_airport	Spirit of St Louis Airport	38.662102	-90.652	KSUS
medium_airport	Travis Air Force Base	38.262699	-121.927002	KSUU
small_airport	Richard I Bong Memorial Airport	46.688612	-92.095041	KSUW
medium_airport	Sioux Gateway Airport / Brigadier General Bud Day Field	42.397605	-96.382237	KSUX
medium_airport	Grant County Airport	32.636701	-108.154736	KSVC
small_airport	Susanville Municipal Airport	40.375702	-120.572998	KSVE
small_airport	Statesville Regional Airport	35.765301	-80.953903	KSVH
medium_airport	Hunter Army Air Field	32.00999832	-81.14569855	KSVN
medium_airport	New York Stewart International Airport	41.504101	-74.104797	KSWF
medium_airport	Stillwater Regional Airport	36.162132	-97.085581	KSWO
small_airport	Avenger Field	32.4673996	-100.4670029	KSWW
small_airport	Bomar Field Shelbyville Municipal Airport	35.56010056	-86.44249725	KSYI
small_airport	Stanton Airfield	44.475579	-93.016756	KSYN
large_airport	Syracuse Hancock International Airport	43.11119843	-76.10630035	KSYR
small_airport	Sylvester Airport	31.55850029	-83.89569855	KSYV
medium_airport	Whiteman Air Force Base	38.730301	-93.547897	KSZL
small_airport	Santa Cruz Island Airport	34.06007	-119.915229	KSZN
small_airport	Santa Paula Airport	34.34719849	-119.060997	KSZP
small_airport	Perry Stokes Airport	37.25939941	-104.3410034	KTAD
medium_airport	Waynesville-St. Robert Regional Airport-Forney Field	37.7416	-92.140701	KTBN
small_airport	Statesboro Bulloch County Airport	32.48270035	-81.73690033	KTBR
medium_airport	Tucumcari Municipal Airport	35.18280029	-103.6029968	KTCC
medium_airport	Tuscaloosa National Airport	33.2206	-87.611397	KTCL
medium_airport	McChord Air Force Base	47.137699	-122.475998	KTCM
medium_airport	Truth or Consequences Municipal Airport	33.2369	-107.272003	KTCS
small_airport	Ed Carlson Memorial Field South Lewis County Airport	46.47719955	-122.8059998	KTDO
small_airport	Tradewind Airport	35.16989899	-101.8259964	KTDW
small_airport	Toledo Executive Airport	41.56489944	-83.4822998	KTDZ
medium_airport	Teterboro Airport	40.850101	-74.060799	KTEB
medium_airport	Telluride Regional Airport	37.9538	-107.907997	KTEX
small_airport	Tullahoma Regional Airport William Northern Field	35.3801	-86.246399	KTHA
small_airport	Thompson Falls Airport	47.57350159	-115.2809982	KTHM
small_airport	York Airport	39.917	-76.873001	KTHV
medium_airport	Tinker Air Force Base	35.4147	-97.386597	KTIK
medium_airport	Tacoma Narrows Airport	47.267407	-122.577295	KTIW
medium_airport	Space Coast Regional Airport	28.51479912	-80.79920197	KTIX
small_airport	Kennett Memorial Airport	36.22589874	-90.03659821	KTKX
medium_airport	Tallahassee Regional Airport	30.3965	-84.350304	KTLH
small_airport	Mefford Field	36.15629959	-119.3259964	KTLR
small_airport	Henry Tift Myers Airport	31.42900085	-83.4885025	KTMA
medium_airport	Miami Executive Airport	25.6479	-80.4328	KTMB
small_airport	Tillamook Airport	45.41820145	-123.814003	KTMK
small_airport	Twentynine Palms Airport	34.133901	-115.947347	KTNP
small_airport	Dade Collier Training and Transition Airport	25.86179924	-80.89700317	KTNT
small_airport	Newton Municipal Airport	41.6744	-93.021698	KTNU
small_airport	Tonopah Test Range Airport	37.79880142	-116.7809982	KTNX
small_airport	Zamperini Field	33.80339813	-118.3399963	KTOA
small_airport	Toccoa Airport - R.G. Letourneau Field	34.5938	-83.295799	KTOC
medium_airport	Troy Municipal Airport at N Kenneth Campbell Field	31.860399	-86.012101	KTOI
medium_airport	Eugene F. Kranz Toledo Express Airport	41.5868	-83.8078	KTOL
medium_airport	Philip Billard Municipal Airport	39.069899	-95.622606	KTOP
small_airport	Torrington Municipal Airport	42.0644989	-104.1529999	KTOR
large_airport	Tampa International Airport	27.9755	-82.533203	KTPA
small_airport	Peter O Knight Airport	27.91559982	-82.44930267	KTPF
medium_airport	Tonopah Airport	38.06019974	-117.086998	KTPH
medium_airport	Draughon Miller Central Texas Regional Airport	31.1525	-97.407799	KTPL
medium_airport	Tri-Cities Regional TN/VA Airport	36.475201	-82.407401	KTRI
medium_airport	Truckee Tahoe Airport	39.318628	-120.140562	KTRK
small_airport	Terrell Municipal Airport	32.709202	-96.267403	KTRL
medium_airport	Jacqueline Cochran Regional Airport	33.62670135	-116.1600037	KTRM
small_airport	Trenton Municipal Airport	40.0835	-93.590599	KTRX
small_airport	Tehachapi Municipal Airport	35.13499832	-118.439003	KTSP
medium_airport	Portland Troutdale Airport	45.54940033	-122.401001	KTTD
medium_airport	Trenton Mercer Airport	40.276699	-74.813499	KTTN
large_airport	Tulsa International Airport	36.19839859	-95.88809967	KTUL
medium_airport	Tupelo Regional Airport	34.26810074	-88.76989746	KTUP
medium_airport	Tucson International Airport / Morris Air National Guard Base	32.115004	-110.938053	KTUS
medium_airport	Cherry Capital Airport	44.74140167	-85.5821991	KTVC
medium_airport	Thief River Falls Regional Airport	48.065701	-96.184998	KTVF
small_airport	Thomasville Regional Airport	30.90159988	-83.88130188	KTVI
medium_airport	Lake Tahoe Airport	38.89390182	-119.9950027	KTVL
medium_airport	Joslin Field Magic Valley Regional Airport	42.4818	-114.487999	KTWF
medium_airport	Texarkana Regional Airport (Webb Field)	33.453701	-93.990997	KTXK
small_airport	Taylor Airport	34.45280075	-110.1149979	KTYL
medium_airport	Tyler Pounds Regional Airport	32.35409927	-95.40239716	KTYR
medium_airport	McGhee Tyson Airport	35.811001	-83.994003	KTYS
medium_airport	South Valley Regional Airport	40.619499	-111.992996	KSVR
small_airport	Columbus Lowndes County Airport	33.4654007	-88.38030243	KUBS
small_airport	Everett-Stewart Regional Airport	36.38180161	-88.98539734	KUCY
small_airport	Bermuda Dunes Airport	33.748492	-116.275027	KUDD
small_airport	Waukesha County Airport	43.04100037	-88.23709869	KUES
small_airport	Waukegan National Airport	42.42219925	-87.86789703	KUGN
small_airport	Quillayute Airport	47.93659973	-124.5630035	KUIL
medium_airport	Quincy Regional Airport Baldwin Field	39.942699	-91.194603	KUIN
small_airport	Wilkes County Airport	36.22280121	-81.09829712	KUKF
medium_airport	Ukiah Municipal Airport	39.125999	-123.200996	KUKI
small_airport	Quakertown Airport	40.4352	-75.381897	KUKT
small_airport	New Ulm Municipal Airport	44.31959915	-94.50229645	KULM
small_airport	Ohio University Airport	39.211839	-82.22949	KUNI
small_airport	Dodge County Airport	43.42660141	-88.70320129	KUNU
medium_airport	State College Regional Airport	40.849374	-77.84852	KUNV
small_airport	Franklin County Airport	35.204754	-85.899052	KUOS
medium_airport	University Oxford Airport	34.38430023	-89.53679657	KUOX
small_airport	Tunica Municipal Airport	34.68505	-90.347757	KUTA
medium_airport	Huntsville Regional Airport	30.74690056	-95.58719635	KUTS
small_airport	Newport State Airport	41.532398	-71.281502	KUUU
small_airport	Garner Field	29.2112999	-99.74359894	KUVA
small_airport	Rock Hill - York County Airport	34.9878006	-81.05719757	KUZA
medium_airport	Moody Air Force Base	30.96780014	-83.19300079	KVAD
small_airport	South Jersey Regional Airport	39.942902	-74.845703	KVAY
medium_airport	Vandenberg Space Force Base	34.737301	-120.584	KVBG
small_airport	Bentonville Municipal-Louise M Thaden Field	36.345699	-94.219299	KVBT
medium_airport	Victoria Regional Airport	28.8526001	-96.91850281	KVCT
small_airport	Southern California Logistics Airport	34.59749985	-117.3830032	KVCV
small_airport	Vidalia Regional Airport	32.19269943	-82.37120056	KVDI
medium_airport	Vernal Regional Airport	40.436214	-109.511661	KVEL
medium_airport	North Las Vegas Metropolitan International Airport	36.210701	-115.194	KVGT
small_airport	Culberson County Airport	31.05780029	-104.7839966	KVHN
small_airport	Rolla National Airport	38.127399	-91.769501	KVIH
medium_airport	Visalia Municipal Airport	36.318699	-119.392998	KVIS
small_airport	Virginia Highlands Airport	36.687099	-82.033302	KVJI
small_airport	Vicksburg Municipal Airport	32.23929977	-90.92839813	KVKS
small_airport	Vandalia Municipal Airport	38.991501	-89.166199	KVLA
medium_airport	Valdosta Regional Airport	30.78249931	-83.27670288	KVLD
small_airport	Venice Municipal Airport	27.070541	-82.440815	KVNC
medium_airport	Van Nuys Airport	34.20980072	-118.4899979	KVNY
medium_airport	Volk Field	43.93899918	-90.25340271	KVOK
medium_airport	Destin-Fort Walton Beach Airport	30.4832	-86.525398	KVPS
medium_airport	Porter County Municipal Airport	41.45399857	-87.00710297	KVPZ
medium_airport	Cecil Airport	30.2187	-81.876701	KVQQ
medium_airport	Vero Beach Regional Airport	27.6556	-80.417901	KVRB
small_airport	Hartness State Airport	43.343601	-72.517303	KVSF
medium_airport	Miller Field	42.856211	-100.549192	KVTN
small_airport	Illinois Valley Regional Airport Walter A Duncan Field	41.351898	-89.153099	KVYS
small_airport	Wallops Flight Facility Airport	37.940813	-75.462255	KWAL
small_airport	Greene County Airport	39.90112	-80.130733	KWAY
small_airport	Wilkes Barre Wyoming Valley Airport	41.29719925	-75.85119629	KWBW
small_airport	Enid Woodring Regional Airport	36.37919998	-97.79109955	KWDG
small_airport	Barrow County Airport	33.98289871	-83.66739655	KWDR
small_airport	Parker County Airport	32.7463	-97.682404	KWEA
small_airport	Whiteman Airport	34.2593	-118.413002	KWHP
medium_airport	General William J Fox Airfield	34.7411	-118.219002	KWJF
small_airport	Strother Field	37.168598	-97.037598	KWLD
small_airport	Willows Glenn County Airport	39.51639938	-122.2180023	KWLW
medium_airport	Winnemucca Municipal Airport	40.89659882	-117.8059998	KWMC
medium_airport	Robins Air Force Base	32.640099	-83.591904	KWRB
medium_airport	Mc Guire Air Force Base	40.0155983	-74.59169769	KWRI
medium_airport	Worland Municipal Airport	43.965698	-107.950996	KWRL
medium_airport	Westerly State Airport	41.349602	-71.803398	KWST
small_airport	Watsonville Municipal Airport	36.93569946	-121.7900009	KWVI
small_airport	Waterville Robert Lafleur Airport	44.53319931	-69.67549896	KWVL
medium_airport	Cape May County Airport	39.00849915	-74.90830231	KWWD
medium_airport	West Woodward Airport	36.438	-99.5226667	KWWR
medium_airport	Yellowstone Airport	44.6884	-111.117996	KWYS
medium_airport	Northwest Arkansas National Airport	36.281898	-94.306801	KXNA
medium_airport	Williston Basin International Airport	48.258387	-103.748797	KXWA
medium_airport	Yakima Air Terminal McAllister Field	46.56819916	-120.5439987	KYKM
medium_airport	Chan Gurney Municipal Airport	42.91669846	-97.3859024	KYKN
medium_airport	Youngstown Warren Regional Airport	41.26070023	-80.67910004	KYNG
small_airport	Zephyrhills Municipal Airport	28.228201	-82.155899	KZPH
medium_airport	Zanesville Municipal Airport	39.94440079	-81.89209747	KZZV
large_airport	Tirana International Airport Mother Teresa	41.4147	19.7206	LATI
small_airport	Alfa-Metal Airfield	42.948664	25.358928	LBAM
large_airport	Burgas Airport	42.569917	27.515173	LBBG
medium_airport	Gorna Oryahovitsa Airport	43.151402	25.7129	LBGO
medium_airport	Plovdiv International Airport	42.067799	24.8508	LBPD
small_airport	Ruse Airport	43.694801	26.0567	LBRS
large_airport	Sofia Airport	42.696357	23.417671	LBSF
small_airport	Stara Zagora Airport	42.3766667	25.655	LBSZ
large_airport	Varna Airport	43.232101	27.8251	LBWN
medium_airport	Nicosia (Lefkoşa) Ercan International Airport	35.152337	33.506584	LCEN
medium_airport	Lefkoniko Airport / Geçitkale Air Base	35.23591	33.720088	LCGK
large_airport	Larnaca International Airport	34.875099	33.624901	LCLK
medium_airport	Paphos International Airport	34.717999	32.485699	LCPH
medium_airport	RAF Akrotiri	34.590401	32.9879	LCRA
medium_airport	Dubrovnik Ruđer Bošković Airport	42.562247	18.265543	LDDU
small_airport	Lošinj Airport	44.566985	14.393883	LDLO
medium_airport	Osijek Airport	45.462355	18.811278	LDOS
medium_airport	Pula Airport	44.893501	13.9222	LDPL
medium_airport	Rijeka Airport	45.2169	14.5703	LDRI
medium_airport	Brač Airport	43.284454	16.678362	LDSB
medium_airport	Split Airport	43.538898	16.298	LDSP
large_airport	Zagreb Franjo Tuđman International Airport	45.742901	16.0688	LDZA
medium_airport	Zadar Airport	44.094988	15.354879	LDZD
medium_airport	Albacete Airport / Los Llanos Air Base	38.948502	-1.86352	LEAB
large_airport	Alicante-Elche Miguel Hernández Airport	38.2822	-0.558156	LEAL
medium_airport	Almería Airport	36.843899	-2.3701	LEAM
medium_airport	Asturias Airport	43.563599	-6.03462	LEAS
medium_airport	Córdoba Airport	37.841999	-4.84888	LEBA
medium_airport	Bilbao Airport	43.301102	-2.91061	LEBB
medium_airport	Burgos Airport	42.357601	-3.62076	LEBG
large_airport	Josep Tarradellas Barcelona-El Prat Airport	41.2971	2.07846	LEBL
medium_airport	Badajoz Airport	38.8913	-6.82133	LEBZ
medium_airport	Castellón-Costa Azahar Airport	40.213889	0.073333	LECH
medium_airport	A Coruña Airport	43.302101	-8.37726	LECO
medium_airport	Lleida-Alguaire Airport	41.728185	0.535023	LEDA
medium_airport	Girona-Costa Brava Airport	41.904639	2.761774	LEGE
medium_airport	F.G.L. Airport Granada-Jaén Airport	37.188702	-3.77736	LEGR
small_airport	Huesca-Pirineos Airport	42.076099	-0.316667	LEHC
large_airport	Ibiza Airport	38.872898	1.37312	LEIB
medium_airport	Jerez Airport	36.744598	-6.06011	LEJR
medium_airport	San Javier Airport	37.775002	-0.812389	LELC
medium_airport	León Int'l Airport	42.589001	-5.65556	LELN
large_airport	Adolfo Suárez Madrid–Barajas Airport	40.471926	-3.56264	LEMD
large_airport	Málaga-Costa del Sol Airport	36.6749	-4.49911	LEMG
medium_airport	Menorca Airport	39.862598	4.21865	LEMH
medium_airport	Región de Murcia International Airport	37.803	-1.125	LEMI
medium_airport	Moron Air Base	37.17490005	-5.615940094	LEMO
large_airport	Palma de Mallorca Airport	39.551701	2.73881	LEPA
medium_airport	Pamplona Airport	42.77	-1.64633	LEPP
medium_airport	Ciudad Real International Airport	38.856479	-3.969944	LERL
small_airport	Aeródromo de Herrera de Pisuerga	42.5923	-4.2902	LERP
medium_airport	Reus Airport	41.1474	1.16717	LERS
medium_airport	Rota Naval Station Airport	36.64519882	-6.349460125	LERT
medium_airport	Salamanca Airport	40.952099	-5.50199	LESA
small_airport	Son Bonet Airfield	39.5989	2.70278	LESB
small_airport	Sant Lluis Airfield	39.861878	4.251739	LESL
medium_airport	San Sebastián Airport	43.356499	-1.79061	LESO
large_airport	Santiago-Rosalía de Castro Airport	42.896301	-8.41514	LEST
small_airport	Pirineus - la Seu d'Urgel Airport	42.3386	1.40917	LESU
medium_airport	Teruel Airport	40.410269	-1.217366	LETL
medium_airport	Madrid–Torrejón Airport / Torrejón Air Base	40.487875	-3.456808	LETO
medium_airport	Valencia Airport	39.4893	-0.481625	LEVC
medium_airport	Valladolid Airport	41.7061	-4.85194	LEVD
medium_airport	Vitoria Airport	42.882801	-2.72447	LEVT
medium_airport	Vigo Airport	42.2318	-8.62677	LEVX
medium_airport	Seve Ballesteros-Santander Airport	43.427101	-3.82001	LEXJ
medium_airport	Zaragoza Airport	41.666199	-1.04155	LEZG
medium_airport	Sevilla Airport	37.417999	-5.89311	LEZL
small_airport	Dieppe-Saint-Aubin Airport	49.884662	1.08101	LFAB
medium_airport	Calais-Dunkerque Airport	50.962101	1.95476	LFAC
small_airport	Albert-Picardie Airport	49.970049	2.693939	LFAQ
medium_airport	Le Touquet-Côte d'Opale Airport	50.518284	1.621656	LFAT
medium_airport	Agen-La Garenne Airport	44.174171	0.59309	LFBA
large_airport	Bordeaux-Mérignac Airport	44.8283	-0.715556	LFBD
medium_airport	Bergerac Dordogne Périgord Airport	44.825298	0.518611	LFBE
medium_airport	Cognac-Châteaubernard (BA 709) Air Base	45.658298	-0.3175	LFBG
medium_airport	La Rochelle-Île de Ré Airport	46.179199	-1.19528	LFBH
medium_airport	Poitiers-Biard Airport	46.5877	0.306666	LFBI
medium_airport	Montluçon-Guéret Airport	46.222599	2.36396	LFBK
medium_airport	Limoges Airport	45.862801	1.17944	LFBL
medium_airport	Niort - Marais Poitevin Airport	46.313477	-0.394529	LFBN
large_airport	Toulouse-Blagnac Airport	43.629101	1.36382	LFBO
medium_airport	Pau Pyrénées Airport	43.380001	-0.418611	LFBP
medium_airport	Tarbes-Lourdes-Pyrénées Airport	43.178699	-0.006439	LFBT
medium_airport	Angoulême-Brie-Champniers Airport	45.729198	0.221456	LFBU
medium_airport	Périgueux-Bassillac Airport	45.198101	0.815556	LFBX
medium_airport	Biarritz-Anglet-Bayonne Airport	43.468333	-1.531111	LFBZ
medium_airport	Aérodrome de Cahors-Lalbenque	44.351398	1.47528	LFCC
medium_airport	Albi-Le Séquestre Airport	43.913898	2.11306	LFCI
medium_airport	Castres-Mazamet Airport	43.556301	2.28918	LFCK
small_airport	Aérodrome de Graulhet-Montdragon	43.771099	2.01083	LFCQ
medium_airport	Rodez–Aveyron Airport	44.407902	2.48267	LFCR
medium_airport	Royan-Médis Airport	45.628101	-0.9725	LFCY
small_airport	Aérodrome de Gaillac - Lisle-sur-Tarn	43.8839	1.87556	LFDG
medium_airport	Rochefort-Saint-Agnant (BA 721) Airport	45.887798	-0.983056	LFDN
small_airport	Île d'Yeu Airport	46.717641	-2.392544	LFEY
medium_airport	Colmar-Houssen Airport	48.109901	7.35901	LFGA
medium_airport	Dole-Jura Airport	47.038955	5.427589	LFGJ
small_airport	Megève Altiport	45.823005	6.649406	LFHM
medium_airport	Aubenas-South Ardèche Airport	44.544367	4.372194	LFHO
small_airport	Le Puy-Loudes Airfield	45.0807	3.76289	LFHP
small_airport	Bourg-Ceyzériat Airfield	46.200901	5.29203	LFHS
small_airport	L'Alpe d'Huez - Henri Giraud Altiport	45.087399	6.083604	LFHU
small_airport	Moulins-Montbeugny Airfield	46.534599	3.42372	LFHY
medium_airport	Metz-Nancy-Lorraine Airport	48.982101	6.25132	LFJL
medium_airport	Angers-Loire Airport	47.560299	-0.312222	LFJR
medium_airport	Bastia-Poretta Airport	42.55270004	9.483730316	LFKB
medium_airport	Calvi-Sainte-Catherine Airport	42.524444	8.793056	LFKC
medium_airport	Figari Sud-Corse Airport	41.500599	9.09778	LFKF
medium_airport	Ajaccio-Napoléon Bonaparte Airport	41.92359924	8.802920341	LFKJ
small_airport	Propriano Airport	41.660599	8.88975	LFKO
medium_airport	Solenzara (BA 126) Air Base	41.9244	9.406	LFKS
small_airport	Méribel Altiport	45.407505	6.577597	LFKX
medium_airport	Auxerre-Branches Airport	47.850201	3.49711	LFLA
medium_airport	Chambéry Savoie Mont Blanc Airport	45.6381	5.88023	LFLB
medium_airport	Clermont-Ferrand Auvergne Airport	45.786701	3.16917	LFLC
medium_airport	Bourges Airport	47.060158	2.369633	LFLD
small_airport	Courchevel Altiport	45.397531	6.63498	LFLJ
large_airport	Lyon Saint-Exupéry Airport	45.725996	5.090139	LFLL
medium_airport	Saint-Yan Airport	46.414019	4.014177	LFLN
medium_airport	Roanne-Renaison Airport	46.053818	3.999023	LFLO
medium_airport	Annecy Haute-Savoie Mont Blanc Airport	45.928947	6.0987	LFLP
medium_airport	Grenoble Alpes Isère Airport	45.3629	5.32937	LFLS
medium_airport	Valence-Chabeuil Airport	44.9216	4.9699	LFLU
medium_airport	Vichy-Charmeil Airport	46.16969	3.403637	LFLV
medium_airport	Aurillac Airport	44.89139938	2.421940088	LFLW
medium_airport	Châteauroux-Déols Marcel Dassault Airport	46.860221	1.728326	LFLX
medium_airport	Lyon Bron Airport	45.727947	4.943991	LFLY
small_airport	Aix-Les Milles Airfield	43.506294	5.366426	LFMA
medium_airport	Cannes-Mandelieu Airport	43.547998	6.955176	LFMD
medium_airport	Saint-Étienne-Bouthéon Airport	45.5406	4.29639	LFMH
medium_airport	Istres-Le Tubé Air Base	43.522701	4.92384	LFMI
medium_airport	Carcassonne Airport	43.216	2.30632	LFMK
large_airport	Marseille Provence Airport	43.438088	5.2125	LFML
large_airport	Nice-Côte d'Azur Airport	43.658401	7.21587	LFMN
medium_airport	Perpignan-Rivesaltes (Llabanère) Airport	42.740398	2.87067	LFMP
medium_airport	Le Castellet Airport	43.252499	5.78519	LFMQ
small_airport	Barcelonnette - Saint-Pons Airfield	44.387198	6.608831	LFMR
medium_airport	Montpellier-Méditerranée Airport	43.576199	3.96301	LFMT
medium_airport	Béziers-Vias Airport	43.323502	3.3539	LFMU
medium_airport	Avignon-Caumont Airport	43.907299	4.90183	LFMV
small_airport	Gap-Tallard Airfield	44.455002	6.03778	LFNA
medium_airport	Mende-Brenoux Airfield	44.502102	3.53282	LFNB
small_airport	Mont-Dauphin Saint-Crépin Airfield	44.701698	6.60028	LFNC
medium_airport	Paris-Beauvais Airport	49.454399	2.11278	LFOB
medium_airport	Évreux-Fauville (BA 105) Air Base	49.028702	1.21986	LFOE
medium_airport	Le Havre-Octeville Airport	49.534038	0.088406	LFOH
medium_airport	Abbeville-Buigny Baie de Somme Airfield	50.143501	1.831891	LFOI
medium_airport	Châlons-Vatry Airport	48.77333	4.20611	LFOK
small_airport	Les Sables-d'Olonne Talmont Airport	46.476898	-1.72278	LFOO
medium_airport	Rouen Vallée de Seine Airport	49.384887	1.179142	LFOP
medium_airport	Tours Val de Loire Airport	47.432201	0.727606	LFOT
small_airport	Cholet Le Pontreau Airfield	47.0821	-0.877064	LFOU
medium_airport	Laval-Entrammes Airport	48.032208	-0.743999	LFOV
small_airport	Orléans–Saint-Denis-de-l'Hôtel Airport	47.897758	2.164478	LFOZ
medium_airport	Creil Air Base	49.253502	2.51914	LFPC
small_airport	Beynes Thiverval Airfield	48.843165	1.906279	LFPF
large_airport	Charles de Gaulle International Airport	49.012798	2.55	LFPG
small_airport	Coulommiers-Voisins Aerodrome	48.839602	3.008653	LFPK
small_airport	Lognes Emerainville Airfield	48.821028	2.625967	LFPL
medium_airport	Toussus-le-Noble Airport	48.7519	2.10619	LFPN
large_airport	Paris-Orly Airport	48.72333	2.37944	LFPO
small_airport	Chavenay-Villepreux Airfield	48.842323	1.9805	LFPX
medium_airport	Nevers-Fourchambault Airport	47.002913	3.113114	LFQG
medium_airport	Lille Airport	50.563332	3.086886	LFQQ
medium_airport	Merville-Calonne Airport	50.618401	2.64224	LFQT
medium_airport	Charleville-Mézières Ardennes-Etienne Riché Airfield	49.783901	4.64708	LFQV
medium_airport	Brest Bretagne Airport	48.447899	-4.41854	LFRB
medium_airport	Cherbourg-Maupertus Airport	49.650101	-1.47028	LFRC
medium_airport	Dinard-Pleurtuit-Saint-Malo Airport	48.5877	-2.07996	LFRD
medium_airport	La Baule-Escoublac Airport	47.289398	-2.34639	LFRE
medium_airport	Granville Airport	48.883099	-1.56417	LFRF
medium_airport	Deauville-Normandie Airport	49.365237	0.154481	LFRG
medium_airport	Lorient South Brittany (Bretagne Sud) Airport	47.760601	-3.44	LFRH
medium_airport	La Roche-sur-Yon Airport	46.7019	-1.37863	LFRI
medium_airport	Landivisiau Air Base	48.5303	-4.15164	LFRJ
medium_airport	Caen-Carpiquet Airport	49.17678	-0.454883	LFRK
medium_airport	Le Mans-Arnage Airport	47.948604	0.201702	LFRM
medium_airport	Rennes-Saint-Jacques Airport	48.0695	-1.73479	LFRN
medium_airport	Lannion-Côte de Granit Airport	48.754398	-3.47166	LFRO
medium_airport	Quimper-Cornouaille Airport	47.973031	-4.169655	LFRQ
medium_airport	Nantes Atlantique Airport	47.153198	-1.61073	LFRS
medium_airport	Saint-Brieuc-Armor Airport	48.538628	-2.853518	LFRT
medium_airport	Morlaix-Ploujean Airport	48.60319901	-3.815779924	LFRU
medium_airport	Vannes-Meucon Airport	47.723301	-2.71856	LFRV
medium_airport	Saint-Nazaire-Montoir Airport	47.31142	-2.152634	LFRZ
large_airport	EuroAirport Basel-Mulhouse-Freiburg	47.60068	7.521117	LFSB
medium_airport	Dijon-Bourgogne Airport	47.268902	5.09	LFSD
medium_airport	Épinal-Mirecourt Airport	48.325001	6.06998	LFSG
medium_airport	Brive-Souillac	45.039722	1.485556	LFSL
medium_airport	Nancy-Essey Airport	48.692101	6.23046	LFSN
medium_airport	Strasbourg Airport	48.53829956	7.628230095	LFST
medium_airport	Toulon-Hyères Airport	43.097301	6.14603	LFTH
medium_airport	Nîmes-Arles-Camargue Airport	43.757401	4.41635	LFTW
small_airport	La Môle-Saint-Tropez Airport	43.205399	6.482	LFTZ
small_airport	Miquelon Airport	47.095501	-56.380299	LFVM
medium_airport	St Pierre Airport	46.76290131	-56.17309952	LFVP
medium_airport	Andravida Air Base	37.9207	21.292601	LGAD
medium_airport	Alexandroupoli Democritus Airport	40.8559	25.956301	LGAL
large_airport	Athens Eleftherios Venizelos International Airport	37.936401	23.9445	LGAV
medium_airport	Nea Anchialos National Airport	39.219601	22.7943	LGBL
medium_airport	Chios Island National Airport	38.34320068	26.1406002	LGHI
small_airport	Ikaria Airport	37.68270111	26.3470993	LGIK
medium_airport	Ioannina King Pyrrhus National Airport	39.6964	20.8225	LGIO
large_airport	Heraklion International Nikos Kazantzakis Airport	35.339699	25.1803	LGIR
small_airport	Kastoria National Airport Aristotle	40.446301	21.2822	LGKA
small_airport	Kithira Airport	36.27429962	23.0170002	LGKC
medium_airport	Kefallinia Airport	38.12009811	20.50049973	LGKF
small_airport	Kastelorizo Airport	36.141701	29.576401	LGKJ
medium_airport	Kalamata Airport	37.06829834	22.02549934	LGKL
medium_airport	Kos Airport	36.794523	27.09115	LGKO
medium_airport	Karpathos Airport	35.421398	27.146	LGKP
medium_airport	Corfu Ioannis Kapodistrias International Airport	39.601898	19.911699	LGKR
small_airport	Kasos Airport	35.42139816	26.90999985	LGKS
medium_airport	Kavala Alexander the Great International Airport	40.9133	24.6192	LGKV
small_airport	Kalymnos Airport	36.9632988	26.94059944	LGKY
medium_airport	Kozani National Airport Filippos	40.286098	21.840799	LGKZ
small_airport	Leros Airport	37.184898	26.800301	LGLE
small_airport	Limnos Airport	39.917099	25.23629951	LGLM
small_airport	Larissa Air Base	39.650253	22.4655	LGLR
medium_airport	Mykonos Island National Airport	37.435101	25.348101	LGMK
small_airport	Milos Airport	36.696899	24.4769	LGML
medium_airport	Mytilene International Airport	39.057272	26.598887	LGMT
small_airport	Naxos Island National Airport	37.0811	25.368099	LGNX
small_airport	Paros National Airport	37.020495	25.113195	LGPA
small_airport	Astypalaia Airport	36.57989883	26.37579918	LGPL
medium_airport	Aktion National Airport	38.925499	20.765301	LGPZ
medium_airport	Diagoras Airport	36.405399	28.086201	LGRP
medium_airport	Patras Araxos Agamemnon Airport	38.1511	21.4256	LGRX
medium_airport	Chania International Airport	35.5317	24.1497	LGSA
medium_airport	Skiathos Island National Airport	39.177101	23.5037	LGSK
medium_airport	Samos Airport	37.689999	26.911699	LGSM
small_airport	Syros Airport	37.42279816	24.95089912	LGSO
small_airport	Sparti Airfield	36.9739	22.5263	LGSP
medium_airport	Santorini Airport	36.39920044	25.47929955	LGSR
medium_airport	Sitia Airport	35.21609879	26.10129929	LGST
small_airport	Skiros Airport	38.96760178	24.48719978	LGSY
large_airport	Thessaloniki Macedonia International Airport	40.51928	22.970009	LGTS
medium_airport	Zakynthos International Airport Dionysios Solomos	37.7509	20.8843	LGZA
large_airport	Budapest Liszt Ferenc International Airport	47.43018	19.262393	LHBP
medium_airport	Debrecen International Airport	47.488899	21.615299	LHDC
medium_airport	Pécs-Pogány Airport	45.988891	18.242044	LHPP
medium_airport	Hévíz–Balaton Airport	46.686391	17.159084	LHSM
small_airport	Zalaegerszeg Andráshida Airfield	46.884701	16.7889	LHZA
small_airport	Zalakaros Airfield	46.5539	17.15118	LHZK
small_airport	L'Aquila–Preturo Airport	42.379902	13.3092	LIAP
medium_airport	Crotone Sant'Anna Pythagoras Airport	38.9972	17.0802	LIBC
large_airport	Bari Karol Wojtyła International Airport	41.138901	16.760599	LIBD
medium_airport	Foggia Gino Lisa Airport	41.433596	15.534566	LIBF
medium_airport	Taranto-Grottaglie Marcello Arlotta Airport	40.517502	17.4032	LIBG
medium_airport	Lecce Galatina Air Base / Galatina Fortunato Cesari Airport	40.239201	18.133301	LIBN
medium_airport	Abruzzo Airport	42.431702	14.1811	LIBP
large_airport	Brindisi Airport	40.6576	17.947001	LIBR
medium_airport	Lamezia Terme Sant'Eufemia International Airport	38.905197	16.243762	LICA
medium_airport	Comiso Airport	36.99583	14.60889	LICB
large_airport	Catania-Fontanarossa Airport	37.466801	15.0664	LICC
medium_airport	Lampedusa Airport	35.497898	12.6181	LICD
medium_airport	Pantelleria Airport	36.816502	11.9689	LICG
large_airport	Falcone–Borsellino Airport	38.175999	13.091	LICJ
medium_airport	Reggio Calabria Airport	38.071201	15.6516	LICR
medium_airport	Vincenzo Florio Airport Trapani-Birgi	37.9114	12.488	LICT
medium_airport	Sigonella Navy Air Base	37.401699	14.9224	LICZ
small_airport	Belluno Arturo dell'Oro Airport	46.166549	12.250389	LIDB
small_airport	Ravenna Airport	44.364291	12.224996	LIDR
medium_airport	Alghero-Fertilia Airport	40.632099	8.29077	LIEA
medium_airport	Decimomannu Air Base	39.354198	8.97248	LIED
large_airport	Cagliari Elmas Airport	39.251499	9.05428	LIEE
medium_airport	Olbia Costa Smeralda Airport	40.898701	9.51763	LIEO
small_airport	Oristano-Fenosu Airport	39.895308	8.642661	LIER
medium_airport	Tortolì Airport	39.9188	9.68298	LIET
medium_airport	Vercelli Airfield	45.309935	8.417931	LILI
medium_airport	Varese-Venegono Airport	45.742199	8.888233	LILN
large_airport	Milan Malpensa International Airport	45.6306	8.72811	LIMC
large_airport	Milan Bergamo Airport / Antonio Locatelli Air Base	45.670725	9.709223	LIME
large_airport	Turin Airport	45.200802	7.64963	LIMF
medium_airport	Riviera Villanova d'Albenga International Airport	44.050598	8.12743	LIMG
large_airport	Genoa Cristoforo Colombo Airport	44.412039	8.840732	LIMJ
medium_airport	Milano Linate Airport	45.445099	9.27674	LIML
medium_airport	Parma Airport	44.826351	10.29705	LIMP
medium_airport	Aosta Corrado Gex Airport	45.738552	7.3683	LIMW
medium_airport	Cuneo International Airport	44.547001	7.62322	LIMZ
medium_airport	Aviano Air Base	46.031898	12.596503	LIPA
medium_airport	Bolzano Airport	46.460201	11.3264	LIPB
small_airport	Udine-Campoformido Air Base	46.0308	13.18225	LIPD
large_airport	Bologna Guglielmo Marconi Airport	44.5354	11.2887	LIPE
medium_airport	Treviso Antonio Canova Airport	45.648399	12.1944	LIPH
medium_airport	Forlì Luigi Ridolfi Airport	44.194801	12.0701	LIPK
medium_airport	Brescia Gabriele d'Annunzio Airport	45.428902	10.3306	LIPO
medium_airport	Trieste–Friuli Venezia Giulia Airport	45.827499	13.4722	LIPQ
medium_airport	Federico Fellini International Airport	44.020302	12.6117	LIPR
large_airport	Verona Villafranca Valerio Catullo Airport	45.394955	10.887303	LIPX
medium_airport	Marche Airport	43.616299	13.3623	LIPY
large_airport	Venice Marco Polo Airport	45.505299	12.3519	LIPZ
small_airport	Lucca-Tassignano Airport	43.825825	10.577928	LIQL
medium_airport	Siena-Ampugnano Airport	43.256302	11.255	LIQS
medium_airport	Ciampino–G. B. Pastine International Airport	41.7994	12.5949	LIRA
large_airport	Rome–Fiumicino Leonardo da Vinci International Airport	41.804532	12.251998	LIRF
medium_airport	Salerno Costa d'Amalfi Airport	40.620399	14.9113	LIRI
medium_airport	Marina di Campo Airport	42.760871	10.239811	LIRJ
large_airport	Naples International Airport	40.886002	14.2908	LIRN
large_airport	Pisa International Airport	43.683899	10.3927	LIRP
large_airport	Florence Airport, Peretola	43.808558	11.202822	LIRQ
medium_airport	Grosseto Corrado Baccarini Air Base / Grosseto Airport	42.759701	11.0719	LIRS
medium_airport	Perugia San Francesco d'Assisi – Umbria International Airport	43.095901	12.5132	LIRZ
large_airport	Ljubljana Jože Pučnik Airport	46.223701	14.4576	LJLJ
medium_airport	Maribor Edvard Rusjan Airport	46.4799	15.6861	LJMB
medium_airport	Portorož Airport	45.47201	13.615951	LJPZ
small_airport	Břeclav Airfield	48.790439	16.892531	LKBA
small_airport	Benešov Airfield	49.740799	14.6447	LKBE
small_airport	Bohuňovice Airfield	49.670601	17.295	LKBO
small_airport	Broumov Airfield	50.561901	16.3428	LKBR
small_airport	Bubovice Airfield	49.9744	14.1781	LKBU
small_airport	Cheb Airfield	50.066101	12.4117	LKCB
small_airport	Česká Lípa Airfield	50.7094	14.5667	LKCE
small_airport	Chomutov Airfield	50.468899	13.4681	LKCH
small_airport	Medlánky Airfield	49.236698	16.555	LKCM
small_airport	Chrudim Airfield	49.936401	15.7806	LKCR
small_airport	České Budějovice South Bohemian Airport	48.9464	14.4275	LKCS
small_airport	Chotěboř Airfield	49.685799	15.6761	LKCT
medium_airport	Čáslav Air Base	49.939701	15.3818	LKCV
medium_airport	Kunovice Airport	49.0294	17.439699	LKKU
medium_airport	Karlovy Vary Airport	50.202999	12.915	LKKV
medium_airport	Ostrava Leos Janáček Airport	49.696301	18.111099	LKMT
small_airport	Olomouc Airport	49.587712	17.209275	LKOL
medium_airport	Pardubice Airport	50.01340103	15.73859978	LKPD
medium_airport	Přerov Air Base	49.4258	17.404699	LKPO
large_airport	Václav Havel Airport Prague	50.100874	14.259911	LKPR
medium_airport	Brno-Tuřany Airport	49.15129852	16.69440079	LKTB
small_airport	Točná Airfield	49.985435	14.426465	LKTC
medium_airport	Vodochody Airport	50.216599	14.3958	LKVO
small_airport	Zábřeh Dolní Benešov Airfield	49.928258	18.075557	LKZA
large_airport	Ben Gurion International Airport	32.011398	34.8867	LLBG
small_airport	Beersheba (Teyman) Airport	31.28700066	34.72299957	LLBS
large_airport	Ramon International Airport	29.727009	35.014116	LLER
small_airport	Ein Yahav Airfield	30.62170029	35.20330048	LLEY
medium_airport	Haifa International Airport	32.80939865	35.04309845	LLHA
medium_airport	Rosh Pina Airport	32.980999	35.571899	LLIB
small_airport	Kiryat Shmona Airport	33.216275	35.59622	LLKS
small_airport	Mitzpe Ramon Airfield	30.65060043	34.80690002	LLMR
medium_airport	Bar Yehuda Airfield	31.328199	35.388599	LLMZ
medium_airport	Nevatim Air Base	31.20829964	35.01229858	LLNV
small_airport	Ovda Airport	29.9403	34.935799	LLOV
small_airport	Yotvata Airfield	29.901111	35.0675	LLYT
large_airport	Malta International Airport	35.857498	14.4775	LMML
small_airport	Ottenschlag Airfield	48.41856	15.215294	LOAA
small_airport	Dobersberg Airfield	48.922113	15.296826	LOAB
small_airport	Völtendorf Airfield	48.160081	15.58677	LOAD
small_airport	Krems/Langenlois Airfield	48.446155	15.635011	LOAG
heliport	Wiener Neustadt Hospital Heliport	47.8159	16.24713	LOAI
medium_airport	Wiener Neustadt East Airport	47.8433	16.260099	LOAN
heliport	Waidhofen an der Ybbs Hospital Helipad	47.952692	14.788011	LOAP
small_airport	Hohenems-Dornbirn Airfield	47.384477	9.699776	LOIH
heliport	Dornbirn City Hospital Heliport	47.406315	9.740058	LOJD
heliport	RK-1 Heliport	46.740944	13.664802	LOMR
medium_airport	Graz Airport	46.9911	15.4396	LOWG
medium_airport	Innsbruck Airport	47.260201	11.344	LOWI
medium_airport	Klagenfurt Airport	46.642502	14.3377	LOWK
medium_airport	Linz-Hörsching Airport / Vogler Air Base	48.2332	14.1875	LOWL
medium_airport	Salzburg Airport	47.793301	13.0043	LOWS
large_airport	Vienna International Airport	48.110298	16.5697	LOWW
medium_airport	Santa Maria Airport	36.97140121	-25.17060089	LPAZ
medium_airport	Bragança Airport	41.8578	-6.70713	LPBG
medium_airport	Beja Airport / Airbase	38.078899	-7.9324	LPBJ
medium_airport	Braga Municipal Aerodrome	41.58710098	-8.445139885	LPBR
small_airport	Aerodromo de Chaves	41.722356	-7.463064	LPCH
medium_airport	Aerodromo Municipal de Coimbra	40.158758	-8.470815	LPCO
small_airport	Corvo Airport	39.671501	-31.1136	LPCR
medium_airport	Cascais Airport	38.724998	-9.35523	LPCS
medium_airport	Flores Airport	39.45529938	-31.13139915	LPFL
large_airport	Faro Airport	37.01440048	-7.965909958	LPFR
medium_airport	Graciosa Airport	39.09220123	-28.02980042	LPGR
medium_airport	Horta Airport	38.51990128	-28.71590042	LPHR
medium_airport	Lajes Airport	38.761799	-27.090799	LPLA
large_airport	Madeira International Airport Cristiano Ronaldo	32.697899	-16.7745	LPMA
large_airport	João Paulo II Airport	37.74119949	-25.69790077	LPPD
medium_airport	Pico Airport	38.554298	-28.441299	LPPI
medium_airport	Portimão Airport	37.1493	-8.58396	LPPM
large_airport	Francisco de Sá Carneiro Airport	41.24810028	-8.681389809	LPPR
medium_airport	Porto Santo Airport	33.07339859	-16.35000038	LPPS
large_airport	Lisbon Humberto Delgado Airport	38.7813	-9.13592	LPPT
medium_airport	São Jorge Airport	38.665501	-28.1758	LPSJ
medium_airport	Vila Real Airport	41.2743	-7.72047	LPVR
medium_airport	Aerodromo Goncalves Lobato (Viseu Airport)	40.725498	-7.88899	LPVZ
medium_airport	Banja Luka International Airport	44.941399	17.297501	LQBK
medium_airport	Mostar International Airport	43.28290176	17.84589958	LQMO
large_airport	Sarajevo International Airport	43.8246	18.331499	LQSA
medium_airport	Tuzla International Airport	44.458698	18.7248	LQTZ
medium_airport	Arad International Airport	46.176601	21.261999	LRAR
medium_airport	Bacău George Enescu International  Airport	46.5219	26.910299	LRBC
medium_airport	Maramureș International Airport	47.658444	23.464445	LRBM
medium_airport	Bucharest Băneasa Aurel Vlaicu International Airport	44.503201	26.1021	LRBS
medium_airport	Brașov-Ghimbav International Airport	45.70558	25.522871	LRBV
medium_airport	Mihail Kogălniceanu International Airport	44.362202	28.4883	LRCK
medium_airport	Cluj Avram Iancu International Airport	46.787425	23.684292	LRCL
medium_airport	Caransebeş Airport	45.420142	22.252507	LRCS
medium_airport	Craiova International Airport	44.3181	23.888599	LRCV
medium_airport	Iaşi Airport	47.180278	27.620833	LRIA
medium_airport	Oradea International Airport	47.02529907	21.90250015	LROD
large_airport	Bucharest Henri Coandă International Airport	44.572127	26.103396	LROP
medium_airport	Sibiu International Airport	45.785841	24.086666	LRSB
medium_airport	Satu Mare International Airport	47.7033	22.8857	LRSM
medium_airport	Suceava Stefan cel Mare Airport	47.6875	26.35409927	LRSV
medium_airport	Tulcea Danube Delta Airport	45.0625	28.7143	LRTC
medium_airport	Târgu Mureş Transilvania International Airport	46.467701	24.4125	LRTM
medium_airport	Timişoara Traian Vuia Airport	45.809898	21.3379	LRTR
small_airport	Bex Airfield	46.258301	6.98639	LSGB
medium_airport	Les Eplatures Airport	47.08390045	6.792840004	LSGC
small_airport	Ecuvillens Airfield	46.755279	7.075746	LSGE
large_airport	Geneva Cointrin International Airport	46.238098	6.10895	LSGG
small_airport	Saanen Airfield	46.486525	7.248359	LSGK
small_airport	Lausanne-Blécherette Airfield	46.5453	6.61667	LSGL
small_airport	Neuchâtel Airfield	46.957371	6.864574	LSGN
small_airport	La Côte Airfield	46.406399	6.25806	LSGP
small_airport	Reichenbach Air Base	46.613602	7.67778	LSGR
medium_airport	Sion Airport	46.219166	7.326944	LSGS
small_airport	La Gruyère  Airfield	46.5942	7.09444	LSGT
small_airport	Yverdon-les-Bains Airfield	46.761902	6.61333	LSGY
medium_airport	Alpnach Air Base	46.943901	8.28417	LSMA
medium_airport	Dübendorf Air Base	47.398602	8.64823	LSMD
medium_airport	Emmen Air Base	47.092444	8.305184	LSME
medium_airport	Payerne Air Base	46.8432	6.91506	LSMP
small_airport	Amlikon Airfield	47.573983	9.047785	LSPA
small_airport	Kägiswil Airfield	46.908298	8.25417	LSPG
small_airport	Winterthur Airfield	47.514999	8.77194	LSPH
small_airport	Langenthal Airfield	47.18281	7.741191	LSPL
small_airport	Ambri Airport	46.512501	8.68978	LSPM
small_airport	Triengen Airfield	47.2267	8.07806	LSPN
small_airport	Münster Airfield	46.480301	8.26333	LSPU
small_airport	Wangen-Lachen Airfield	47.204835	8.867346	LSPV
small_airport	Raron Airfield	46.30449	7.819085	LSTA
small_airport	Môtiers Airfield	46.916698	6.615	LSTO
small_airport	Sankt Stephan Airfield	46.497398	7.41257	LSTS
small_airport	Zweisimmen Airfield	46.551713	7.381012	LSTZ
small_airport	Clariden-Hüfifirn Mountain Landing Site	46.821944	8.880277	LSVD
small_airport	Petersgrat Mountain Landing Site	46.468889	7.828333	LSVP
small_airport	Vorabgletscher Mountain Landing Site	46.878333	9.151944	LSVV
small_airport	Limmerenfirn Mountain Landing Site	46.810556	8.967778	LSYI
small_airport	Kanderfirn Mountain Landing Site	46.485833	7.828333	LSYK
small_airport	Rosa Blanche Mountain Landing Site	46.060833	7.354722	LSYR
small_airport	Glacier du Trient Mountain Landing Site	45.9883	7.0425	LSYX
medium_airport	Lugano Airport	46.004299	8.91058	LSZA
medium_airport	Bern Airport	46.912868	7.498512	LSZB
small_airport	Buochs Airport	46.974444	8.396944	LSZC
small_airport	Bad Ragaz Airfield	47.014904	9.481815	LSZE
small_airport	Birrfeld Airfield	47.4436	8.23361	LSZF
medium_airport	Grenchen Airfield	47.181599	7.41719	LSZG
large_airport	Zürich Airport	47.458056	8.548056	LSZH
small_airport	Fricktal-Schupfart Airfield	47.5089	7.95	LSZI
small_airport	Speck-Fehraltorf Airfield	47.3764	8.7575	LSZK
small_airport	Locarno Airport	46.160801	8.87861	LSZL
small_airport	Mollis Airfield	47.078353	9.064662	LSZM
small_airport	Hausen am Albis Airfield	47.238602	8.51556	LSZN
small_airport	Luzern-Beromünster Airfield	47.188993	8.204556	LSZO
small_airport	Bressaucourt Airfield	47.392677	7.028648	LSZQ
medium_airport	Sankt Gallen Altenrhein Airport	47.485001	9.56077	LSZR
medium_airport	Samedan Airport	46.5341	9.88411	LSZS
small_airport	Lommis Airfield	47.524399	9.00306	LSZT
small_airport	Buttwil Airfield	47.264702	8.3025	LSZU
small_airport	Thun Airfield	46.756401	7.60056	LSZW
small_airport	Schänis Airfield	47.1717	9.03944	LSZX
large_airport	Esenboğa International Airport	40.128101	32.995098	LTAC
medium_airport	Etimesgut Air Base	39.94979858	32.68859863	LTAD
medium_airport	Adana Şakirpaşa Airport	36.982201	35.280399	LTAF
medium_airport	İncirlik Air Base	37.002102	35.4259	LTAG
medium_airport	Afyon Air Base	38.726398	30.601101	LTAH
large_airport	Antalya International Airport	36.898701	30.800501	LTAI
medium_airport	Gaziantep International Airport	36.947201	37.478699	LTAJ
medium_airport	Kastamonu Airport	41.314201	33.795799	LTAL
medium_airport	Konya Airport	37.979	32.561901	LTAN
small_airport	Amasya Merzifon Airport	40.829399	35.521999	LTAP
small_airport	Sivas Nuri Demirağ Airport	39.813801	36.9035	LTAR
medium_airport	Zonguldak Çaycuma Airport	41.506401	32.0886	LTAS
medium_airport	Malatya Erhaç Airport	38.43529892	38.0909996	LTAT
medium_airport	Kayseri Erkilet Airport	38.770401	35.49539948	LTAU
medium_airport	Tokat Airport	40.32472	36.39056	LTAW
medium_airport	Çardak Airport	37.78559875	29.70129967	LTAY
small_airport	Nevşehir Kapadokya Airport	38.7719	34.5345	LTAZ
medium_airport	İstanbul Atatürk Airport	40.971913	28.823714	LTBA
small_airport	Aydın Çıldır Airport	37.815389	27.887566	LTBD
small_airport	Bursa Yunuseli Airport	40.233243	29.005583	LTBE
medium_airport	Balıkesir Airport	39.619301	27.926001	LTBF
medium_airport	Bandırma Airport	40.318001	27.977699	LTBG
medium_airport	Çanakkale Airport	40.13769913	26.42679977	LTBH
medium_airport	Eskişehir Air Base	39.7841	30.5821	LTBI
large_airport	Adnan Menderes International Airport	38.2924	27.157	LTBJ
medium_airport	Uşak Airport	38.681499	29.471701	LTBO
medium_airport	Cengiz Topel Airport	40.735001	30.0833	LTBQ
medium_airport	Bursa Yenişehir Airport	40.255199	29.562599	LTBR
large_airport	Dalaman International Airport	36.71310043	28.79249954	LTBS
medium_airport	Tekirdağ Çorlu Airport	41.13819885	27.91909981	LTBU
small_airport	Bodrum-Imsık Airport	37.140099	27.669701	LTBV
medium_airport	Anadolu Airport	39.809898	30.5194	LTBY
small_airport	Zafer Airport	39.113079	30.128111	LTBZ
medium_airport	Elazığ Airport	38.597974	39.28348	LTCA
medium_airport	Ordu–Giresun Airport	40.966872	38.085995	LTCB
medium_airport	Diyarbakır Airport	37.893902	40.201	LTCC
medium_airport	Erzincan Airport	39.71020126	39.52700043	LTCD
medium_airport	Erzurum International Airport	39.956501	41.1702	LTCE
medium_airport	Kars Airport	40.56219864	43.11500168	LTCF
medium_airport	Trabzon International Airport	40.995098	39.7897	LTCG
medium_airport	Van Ferit Melen Airport	38.46820068	43.33229828	LTCI
medium_airport	Batman Airport	37.92900085	41.11660004	LTCJ
medium_airport	Muş Airport	38.74779892	41.66120148	LTCK
medium_airport	Siirt Airport	37.97890091	41.8404007	LTCL
medium_airport	Sinop Airport	42.018313	35.071774	LTCM
medium_airport	Kahramanmaraş Airport	37.53882599	36.95352173	LTCN
medium_airport	Ağrı Airport	39.655642	43.025742	LTCO
medium_airport	Adıyaman Airport	37.7314	38.468899	LTCP
medium_airport	Mardin Airport	37.22330093	40.63169861	LTCR
medium_airport	Şanlıurfa GAP Airport	37.445663	38.895592	LTCS
medium_airport	Iğdır Airport	39.976627	43.876648	LTCT
small_airport	Bingöl Airport	38.860131	40.594489	LTCU
medium_airport	Şırnak Şerafettin Elçi Airport	37.3647	42.0582	LTCV
medium_airport	Hakkari Yüksekova Airport	37.5497	44.2381	LTCW
medium_airport	Hatay Airport	36.362778	36.282223	LTDA
large_airport	Çukurova International Airport	36.890908	35.070522	LTDB
small_airport	Selçuk Efes Airport	37.950699	27.329	LTFB
medium_airport	Süleyman Demirel International Airport	37.8554	30.368401	LTFC
medium_airport	Balıkesir Koca Seyit Airport	39.5546	27.0138	LTFD
large_airport	Milas Bodrum International Airport	37.250599	27.664301	LTFE
medium_airport	Gazipaşa-Alanya Airport	36.299217	32.300598	LTFG
medium_airport	Samsun-Çarşamba Airport	41.253988	36.567546	LTFH
large_airport	Istanbul Sabiha Gökçen International Airport	40.898602	29.3092	LTFJ
small_airport	Gökçeada Airport	40.204498	25.883302	LTFK
large_airport	İstanbul Airport	41.261297	28.741951	LTFM
medium_airport	Rize–Artvin Airport	41.179766	40.848802	LTFO
medium_airport	Bălți International Airport	47.837666	27.781108	LUBL
medium_airport	Chişinău International Airport	46.9277	28.931	LUKK
medium_airport	Ohrid St. Paul the Apostle Airport	41.18	20.7423	LWOH
large_airport	Skopje International Airport	41.958087	21.622581	LWSK
small_airport	Suchevo Recreational Airfield	41.759745	22.147781	LWST
large_airport	Gibraltar Airport	36.151199	-5.34966	LXGB
large_airport	Belgrade Nikola Tesla Airport	44.818401	20.309099	LYBE
small_airport	Berane Airport	42.8390007	19.86199951	LYBR
medium_airport	Batajnica Air Base	44.935299	20.2575	LYBT
medium_airport	Morava Airport	43.817519	20.586662	LYKV
medium_airport	Niš Constantine the Great Airport	43.337009	21.85451	LYNI
large_airport	Podgorica Airport / Podgorica Golubovci Airbase	42.359402	19.2519	LYPG
medium_airport	Tivat Airport	42.40470123	18.72330093	LYTV
medium_airport	Ponikve Airport	43.898899	19.697701	LYUZ
small_airport	Bidovce Airfield	48.743192	21.448285	LZBD
large_airport	M. R. Štefánik Airport	48.1702	17.2127	LZIB
medium_airport	Košice International Airport	48.663101	21.2411	LZKZ
small_airport	Lučenec Airfield	48.339401	19.7358	LZLU
small_airport	Martin Airfield	49.0653	18.9508	LZMA
medium_airport	Malacky/Kuchyňa Air Base	48.402	17.118401	LZMC
medium_airport	Piešťany Airport	48.62519836	17.82839966	LZPP
small_airport	Prešov Air Base	49.02970123	21.31559944	LZPW
medium_airport	Sliač Airport	48.63779831	19.13409996	LZSL
medium_airport	Poprad-Tatry Airport	49.073601	20.2411	LZTT
medium_airport	Žilina-Dolný Hričov Airport	49.233292	18.613386	LZZI
medium_airport	JAGS McCartney International Airport	21.4445	-71.142303	MBGT
small_airport	Middle Caicos Airport	21.82602	-71.8025	MBMC
medium_airport	North Caicos Airport	21.916094	-71.942954	MBNC
small_airport	Pine Cay Airport	21.874661	-72.090573	MBPI
large_airport	Providenciales International Airport	21.773697	-72.268321	MBPV
medium_airport	South Caicos Airport	21.515699	-71.528503	MBSC
small_airport	Salt Cay Airport	21.33300018	-71.19999695	MBSY
small_airport	Arroyo Barril Airport	19.198524	-69.429815	MDAB
medium_airport	Maria Montez International Airport	18.25149918	-71.12039948	MDBH
medium_airport	Cabo Rojo Airport	17.92900085	-71.64479828	MDCR
medium_airport	Samaná El Catey International Airport	19.269259	-69.737405	MDCY
small_airport	Constanza - Expedición 14 de Junio National Airport	18.907499	-70.721901	MDCZ
medium_airport	La Isabela International Airport	18.57250023	-69.98560333	MDJB
large_airport	Casa De Campo International Airport	18.452222	-68.911111	MDLR
large_airport	Punta Cana International Airport	18.5674	-68.363403	MDPC
medium_airport	Gregorio Luperon International Airport	19.7579	-70.57	MDPP
large_airport	Las Américas International Airport	18.42970085	-69.66889954	MDSD
medium_airport	Cibao International Airport	19.40609932	-70.60469818	MDST
medium_airport	Coban Airport	15.469	-90.4067	MGCB
small_airport	Carmelita Airport	17.461201	-90.053703	MGCR
small_airport	Coatepeque Airport	14.6942	-91.8825	MGCT
large_airport	La Aurora Airport	14.5833	-90.527496	MGGT
small_airport	Huehuetenango Airport	15.316667	-91.505556	MGHT
medium_airport	Puerto Barrios Airport	15.7309	-88.583801	MGPB
small_airport	Playa Grande Airport	15.9975	-90.741699	MGPG
small_airport	Poptún Airport	16.32579994	-89.41609955	MGPP
small_airport	Quiché Airport	15.0122	-91.150597	MGQC
small_airport	Quezaltenango Airport	14.8656	-91.501999	MGQZ
medium_airport	Rubelsanto Airport	15.992	-90.445297	MGRB
small_airport	Las Vegas Airport	15.668363	-88.961763	MGRD
medium_airport	Retalhuleu Airport	14.521431	-91.697001	MGRT
medium_airport	San José Airport	13.9362	-90.8358	MGSJ
small_airport	Ahuas Airport	15.4722	-84.352203	MHAH
small_airport	Coyoles Airport	15.445556	-86.675278	MHCS
small_airport	El Arrayán Airport	15.505556	-86.574722	MHEA
small_airport	El Aguacate Airport	14.875	-85.776108	MHGE
small_airport	Iriona Airport	15.93916702	-85.13722229	MHIR
small_airport	Jutigalpa airport	14.65260029	-86.22029877	MHJU
medium_airport	Goloson International Airport	15.7425	-86.852997	MHLC
small_airport	La Esperanza Airport	14.291111	-88.175003	MHLE
medium_airport	Ramón Villeda Morales International Airport	15.4526	-87.923599	MHLM
medium_airport	La Laguna Airport	16.4454	-85.906601	MHNJ
small_airport	Palacios Airport	15.955	-84.941391	MHPC
small_airport	Puerto Lempira Airport	15.2622	-83.781197	MHPL
medium_airport	Juan Manuel Gálvez International Airport	16.316799	-86.523003	MHRO
medium_airport	Tela Airport	15.7759	-87.4758	MHTE
medium_airport	Toncontín International Airport	14.0609	-87.217201	MHTG
medium_airport	Trujillo Airport	15.926599	-85.938573	MHTJ
small_airport	Sulaco Airport	14.90719986	-87.26339722	MHUL
small_airport	Utila Airport	16.1131	-86.880302	MHUT
small_airport	Yoro Airport	15.1275	-87.135	MHYR
medium_airport	Ian Fleming International Airport	18.404079	-76.969754	MKBS
large_airport	Norman Manley International Airport	17.93569946	-76.78749847	MKJP
medium_airport	Sangster International Airport	18.5037	-77.913399	MKJS
medium_airport	Ken Jones Airport	18.19879913	-76.53450012	MKKJ
small_airport	Negril Airport	18.341712	-78.334164	MKNG
medium_airport	Tinson Pen Airport	17.98859978	-76.82379913	MKTP
medium_airport	General Juan N. Álvarez International Airport	16.757126	-99.753113	MMAA
medium_airport	Del Norte International Airport	25.865601	-100.237	MMAN
medium_airport	Jesús Terán Peredo International Airport	21.699589	-102.318372	MMAS
medium_airport	Bahías de Huatulco International Airport	15.774909	-96.260319	MMBT
small_airport	Cananea National Airport	31.06615	-110.097878	MMCA
medium_airport	General Mariano Matamoros International Airport	18.833922	-99.261818	MMCB
small_airport	Ciudad Acuña New International Airport	29.333662	-101.100555	MMCC
medium_airport	Ciudad del Carmen International Airport	18.65369987	-91.7990036	MMCE
small_airport	Aeropuerto Municipal de Nuevo Casas Grandes	30.3974	-107.875	MMCG
medium_airport	Bachigualato Federal International Airport	24.76504	-107.475228	MMCL
medium_airport	Chetumal International Airport	18.504985	-88.328018	MMCM
medium_airport	Ciudad Obregón International Airport	27.39259911	-109.8330002	MMCN
small_airport	San Antonio Copalar Airport	16.176701	-92.050598	MMCO
medium_airport	Ingeniero Alberto Acuña Ongay International Airport	19.81679916	-90.50029755	MMCP
medium_airport	Abraham González International Airport	31.63610077	-106.4290009	MMCS
small_airport	Chichén Itzá International Airport	20.6413	-88.446198	MMCT
medium_airport	General Roberto Fierro Villalobos International Airport	28.7029	-105.964996	MMCU
medium_airport	General Pedro Jose Mendez International Airport	23.70330048	-98.95649719	MMCV
medium_airport	Captain Rogelio Castillo National Airport	20.545998	-100.886539	MMCY
large_airport	Cozumel International Airport	20.514922	-86.928538	MMCZ
small_airport	Ciudad Mante Los Huastecas National Airport	22.738957	-99.018516	MMDM
large_airport	General Guadalupe Victoria International Airport	24.125468	-104.527938	MMDO
medium_airport	Amado Nervo National Airport	21.419833	-104.842472	MMEP
small_airport	Ensenada International Airport / El Ciprés Air Base	31.795175	-116.60265	MMES
large_airport	Guadalajara International Airport	20.523342	-103.310108	MMGL
medium_airport	General José María Yáñez International Airport	27.96899986	-110.9250031	MMGM
small_airport	Guerrero Negro Airport	28.0261	-114.024002	MMGR
small_airport	Tehuacán National Airport	18.49722	-97.42011	MMHC
medium_airport	General Ignacio P. Garcia International Airport	29.093527	-111.049891	MMHO
medium_airport	Licenciado Miguel de la Madrid International Airport	19.277	-103.577002	MMIA
small_airport	Isla Mujeres National Airport	21.245962	-86.740365	MMIM
medium_airport	Plan De Guadalupe International Airport	25.544145	-100.930195	MMIO
medium_airport	General Antonio Cárdenas Rodríguez National Airport / Ixtepec Air Base	16.445961	-95.093708	MMIT
medium_airport	El Lencero Airport	19.475107	-96.797008	MMJA
small_airport	Jorge Jiménez Cantú National Airport	19.574155	-99.291183	MMJC
medium_airport	Lázaro Cárdenas Airport	18.001672	-102.220316	MMLC
medium_airport	Valle del Fuerte International Airport	25.685447	-109.081055	MMLM
medium_airport	Del Bajío International Airport	20.992695	-101.480284	MMLO
medium_airport	Manuel Márquez de León International Airport	24.072701	-110.362	MMLP
medium_airport	Loreto International Airport	25.98920059	-111.3479996	MMLT
medium_airport	General Servando Canales International Airport	25.76989937	-97.52529907	MMMA
large_airport	Manuel Crescencio Rejón International Airport	20.930485	-89.645462	MMMD
small_airport	Mulege Airport	26.905347	-111.970725	MMMG
medium_airport	General Rodolfo Sánchez Taboada International Airport	32.630629	-115.242805	MMML
medium_airport	General Francisco J. Mujica International Airport	19.849899	-101.025002	MMMM
medium_airport	Minatitlán/Coatzacoalcos International Airport	18.103399	-94.580704	MMMT
medium_airport	Monclova International Airport	26.9557	-101.470001	MMMV
large_airport	Benito Juárez International Airport	19.435137	-99.071328	MMMX
large_airport	Monterrey International Airport	25.778521	-100.106989	MMMY
large_airport	General Rafael Buelna International Airport	23.161474	-106.264572	MMMZ
small_airport	Nogales International Airport	31.225756	-110.976934	MMNG
medium_airport	Quetzalcóatl International Airport	27.443899	-99.570503	MMNL
medium_airport	Xoxocotlán International Airport	17.000814	-96.72197	MMOX
medium_airport	El Tajín National Airport	20.60269928	-97.46080017	MMPA
medium_airport	Hermanos Serdán International Airport	19.158465	-98.371582	MMPB
small_airport	Mar de Cortés International Airport	31.351987	-113.305177	MMPE
medium_airport	Piedras Negras International Airport	28.627873	-100.53524	MMPG
small_airport	Punta Colorada Airport	23.575011	-109.535826	MMPL
medium_airport	Uruapan - Licenciado y General Ignacio Lopez Rayon International Airport	19.3967	-102.039001	MMPN
small_airport	Palenque International Airport	17.533153	-92.015484	MMPQ
large_airport	Puerto Vallarta International Airport	20.679913	-105.254391	MMPR
medium_airport	Puerto Escondido International Airport	15.876808	-97.0891	MMPS
medium_airport	Querétaro Intercontinental Airport	20.6173	-100.185997	MMQT
medium_airport	General Lucio Blanco International Airport	26.0089	-98.2285	MMRX
large_airport	Los Cabos International Airport	23.151919	-109.720731	MMSD
small_airport	San Felipe International Airport	30.93006	-114.808459	MMSF
large_airport	General Felipe Ángeles International Airport	19.7357	-99.0257	MMSM
medium_airport	Ponciano Arriaga International Airport	22.25429916	-100.9309998	MMSP
small_airport	Estación Aeronaval de Salina Cruz	16.212601	-95.201599	MMSZ
medium_airport	Francisco Sarabia Tinoco International Airport	25.5683	-103.411003	MMTC
medium_airport	Angel Albino Corzo International Airport	16.56360054	-93.02249908	MMTG
large_airport	General Abelardo L. Rodriguez International Airport	32.541043	-116.969976	MMTJ
medium_airport	Felipe Carrillo Puerto International Airport	20.172098	-87.660272	MMTL
medium_airport	General Francisco Javier Mina International Airport	22.29640007	-97.86589813	MMTM
small_airport	Tamuín National Airport	22.0383	-98.806502	MMTN
medium_airport	Adolfo López Mateos International Airport	19.3369	-99.56583	MMTO
medium_airport	Tapachula International Airport	14.794549	-92.369871	MMTP
small_airport	Base Aeronaval de Tulum	20.227301	-87.438203	MMTU
large_airport	Cancún International Airport	21.039444	-86.874304	MMUN
medium_airport	Carlos Rovirosa Pérez International Airport	17.997	-92.817398	MMVA
medium_airport	General Heriberto Jara International Airport	19.14590073	-96.18730164	MMVR
medium_airport	General Leobardo C. Ruiz International Airport	22.8971	-102.686996	MMZC
medium_airport	Ixtapa-Zihuatanejo International Airport	17.601771	-101.460629	MMZH
small_airport	Zamora Airport	20.045	-102.276001	MMZM
medium_airport	Playa de Oro International Airport	19.1448	-104.558998	MMZO
medium_airport	Bluefields Airport	11.991	-83.774101	MNBL
small_airport	San Pedro Airport	14.031524	-84.624311	MNBZ
small_airport	Costa Esmeralda Airport	11.427542	-86.033361	MNCE
small_airport	Corn Island Airport	12.174785	-83.059445	MNCI
medium_airport	Augusto C. Sandino (Managua) International Airport	12.14150047	-86.16819763	MNMG
medium_airport	Puerto Cabezas Airport	14.0472002	-83.38670349	MNPC
small_airport	Rosita Airport	13.88969994	-84.4088974	MNRT
small_airport	San Carlos Airport	11.13556	-84.768727	MNSC
small_airport	Siuna	13.727222	-84.777779	MNSI
small_airport	Waspam Airport	14.7392	-83.969398	MNWP
medium_airport	Bocas del Toro International Airport	9.34085	-82.250801	MPBO
medium_airport	Alonso Valderrama Airport	7.98784	-80.409837	MPCE
medium_airport	Changuinola Captain Manuel Niño International Airport	9.458962	-82.515062	MPCH
medium_airport	Enrique Malek International Airport	8.391	-82.434998	MPDA
medium_airport	Enrique Adolfo Jimenez Airport	9.35664	-79.867401	MPEJ
small_airport	Jaqué Airport	7.51778	-78.157204	MPJE
medium_airport	Marcos A. Gelabert International Airport	8.97334	-79.555603	MPMG
small_airport	Puerto Obaldía Airport	8.668813	-77.417399	MPOA
medium_airport	Ruben Cantu Airport	8.085599899	-80.94529724	MPSA
small_airport	Scarlett Martinez International Airport	8.375880241	-80.12789917	MPSM
large_airport	Tocumen International Airport	9.07136	-79.383499	MPTO
small_airport	El Porvenir Airport	9.559212	-78.946631	MPVR
small_airport	Wannukandi Airport	9.273476	-78.139848	MPWN
small_airport	La Fortuna Arenal Airport	10.469311	-84.579073	MRAN
medium_airport	Buenos Aires Airport	9.163949	-83.330171	MRBA
medium_airport	Barra del Colorado Airport	10.7687	-83.585602	MRBC
small_airport	Barra del Tortuguero	10.569	-83.5149	MRBT
medium_airport	Coto 47 Airport	8.60156	-82.968754	MRCC
small_airport	Chacarita Airport	9.98141	-84.772697	MRCH
small_airport	Playa Samara/Carrillo Airport	9.87051	-85.4814	MRCR
small_airport	Drake Bay Airport	8.71889019	-83.64170074	MRDK
medium_airport	Golfito Airport	8.65401	-83.182198	MRGF
medium_airport	Guapiles Airport	10.21720028	-83.79699707	MRGP
small_airport	Islita Airport	9.85611	-85.370796	MRIA
large_airport	Guanacaste Airport	10.5933	-85.544403	MRLB
medium_airport	Los Chiles Airport	11.0353	-84.7061	MRLC
medium_airport	Limon International Airport	9.957960129	-83.02200317	MRLM
small_airport	Mojica Airport	10.4307003	-85.17459869	MRMJ
small_airport	Guanacaste Airport	10.1394	-85.445801	MRNC
medium_airport	Nosara Airport	9.976490021	-85.65299988	MRNS
large_airport	Juan Santamaría International Airport	9.99386	-84.208801	MROC
medium_airport	Puerto Jimenez Airport	8.533329964	-83.30000305	MRPJ
medium_airport	Palmar Sur Airport	8.95103	-83.468597	MRPM
medium_airport	Tobías Bolaños International Airport	9.95705	-84.139801	MRPV
medium_airport	Quepos Managua Airport	9.44316	-84.129799	MRQP
small_airport	Rio Frio / Progreso Airport	10.32740021	-83.88760376	MRRF
small_airport	San Isidro del General Airport	9.348676	-83.712301	MRSI
small_airport	San Vito de Java Airport	8.826971	-82.958922	MRSV
small_airport	Tamarindo Airport	10.3135004	-85.81549835	MRTM
small_airport	Tambor Airport	9.739307	-85.016199	MRTR
medium_airport	Upala Airport	10.8922	-85.016197	MRUP
large_airport	Monseñor Óscar Arnulfo Romero International Airport	13.4409	-89.055702	MSLP
medium_airport	Ilopango International Airport	13.6995	-89.119904	MSSS
medium_airport	Antoine-Simon International Airport	18.271099	-73.7883	MTCA
medium_airport	Cap Haitien International Airport	19.726734	-72.199576	MTCH
medium_airport	Jacmel Airport	18.2411	-72.518501	MTJA
medium_airport	Jérémie Airport	18.663099	-74.170303	MTJE
large_airport	Toussaint Louverture International Airport	18.580023	-72.292596	MTPP
medium_airport	Port-de-Paix Airport	19.934045	-72.84801	MTPX
medium_airport	Gustavo Rizo Airport	20.36529922	-74.5062027	MUBA
small_airport	Las Brujas Airport	22.6213	-79.147202	MUBR
medium_airport	Carlos Manuel de Cespedes Airport	20.3964	-76.621399	MUBY
medium_airport	Máximo Gómez Airport	22.0271	-78.789597	MUCA
medium_airport	Jardines Del Rey Airport	22.46100044	-78.32839966	MUCC
medium_airport	Jaime Gonzalez Airport	22.14999962	-80.41419983	MUCF
medium_airport	Vilo Acuña International Airport	21.61650085	-81.54599762	MUCL
medium_airport	Ignacio Agramonte International Airport	21.42029953	-77.84750366	MUCM
medium_airport	Antonio Maceo International Airport	19.96980095	-75.83540344	MUCU
medium_airport	Leeward Point Field	19.9065	-75.2071	MUGM
medium_airport	Mariana Grajales Airport	20.0853	-75.158302	MUGT
large_airport	José Martí International Airport	22.98920059	-82.40910339	MUHA
medium_airport	Frank Pais International Airport	20.78560066	-76.31510162	MUHG
medium_airport	Kawama Airport	23.124001	-81.301598	MUKW
medium_airport	La Coloma Airport	22.3361	-83.641899	MULM
medium_airport	Orestes Acosta Airport	20.65390015	-74.92220306	MUMO
medium_airport	Sierra Maestra International Airport	20.288605	-77.087545	MUMZ
medium_airport	Rafael Cabrera Airport	21.83469963	-82.78379822	MUNG
medium_airport	Playa Baracoa Airport	23.032801	-82.579399	MUPB
medium_airport	Abel Santamaria Airport	22.492201	-79.943604	MUSC
medium_airport	San Julián Air Base	22.100525	-84.157376	MUSJ
medium_airport	Siguanea Airport	21.6425	-82.955101	MUSN
small_airport	Sancti Spiritus Airport	21.9704	-79.442703	MUSS
medium_airport	Alberto Delgado Airport	21.7883	-79.9972	MUTD
large_airport	Juan Gualberto Gomez International Airport	23.034401	-81.435303	MUVR
medium_airport	Hermanos Ameijeiras Airport	20.9876	-76.935799	MUVT
small_airport	Chintheche Aerodrome	-11.8353	34.16446	FWCC
medium_airport	Charles Kirkconnell International Airport	19.687	-79.882797	MWCB
medium_airport	Edward Bodden Little Cayman Airfield	19.660161	-80.088826	MWCL
large_airport	Owen Roberts International Airport	19.292801	-81.357697	MWCR
medium_airport	Clarence A. Bain Airport	24.287701	-77.684601	MYAB
medium_airport	Andros Town Airport	24.697901	-77.795601	MYAF
medium_airport	Congo Town Airport	24.158701	-77.589798	MYAK
medium_airport	Leonard M Thompson International Airport	26.510711	-77.084262	MYAM
medium_airport	San Andros Airport	25.05380058	-78.0490036	MYAN
medium_airport	Spring Point Airport	22.441799	-73.970901	MYAP
medium_airport	Treasure Cay Airport	26.74530029	-77.39129639	MYAT
small_airport	Walkers Cay Airport	27.259656	-78.400455	MYAW
medium_airport	Chub Cay Airport	25.417101	-77.880898	MYBC
medium_airport	Great Harbour Cay Airport	25.7383	-77.840103	MYBG
medium_airport	South Bimini Airport	25.69989967	-79.26470184	MYBS
medium_airport	Arthur's Town Airport	24.6294	-75.673797	MYCA
medium_airport	New Bight Airport	24.3153	-75.452301	MYCB
small_airport	Cat Cay Airport	25.554425	-79.275404	MYCC
medium_airport	Colonel Hill Airport	22.7456	-74.182404	MYCI
small_airport	Pitts Town Airport	22.8297	-74.3461	MYCP
medium_airport	Exuma International Airport	23.562599	-75.877998	MYEF
medium_airport	North Eleuthera Airport	25.47489929	-76.6835022	MYEH
medium_airport	Governor's Harbour Airport	25.2847	-76.331001	MYEM
medium_airport	Normans Cay Airport	24.594299	-76.820198	MYEN
medium_airport	Rock Sound Airport	24.89507873	-76.17688179	MYER
medium_airport	Staniel Cay Airport	24.1691	-76.439102	MYES
medium_airport	Grand Bahama International Airport	26.55870056	-78.69560242	MYGF
small_airport	West End Airport	26.685301	-78.974998	MYGW
medium_airport	Inagua Airport	20.975	-73.666901	MYIG
medium_airport	Deadman's Cay Airport	23.17900085	-75.09359741	MYLD
medium_airport	Stella Maris Airport	23.582317	-75.268621	MYLS
medium_airport	Mayaguana Airport	22.379499	-73.013494	MYMM
large_airport	Lynden Pindling International Airport	25.039	-77.466202	MYNN
medium_airport	Duncan Town Airport	22.181801	-75.7295	MYRD
small_airport	Rum Cay International Airport	23.68344	-74.836302	MYRP
medium_airport	San Salvador Airport	24.063299	-74.524002	MYSM
large_airport	Philip S. W. Goldson International Airport	17.539951	-88.303556	MZBZ
medium_airport	Placencia Airport	16.536957	-88.361511	MZPL
small_airport	Rehoboth (Oanob Resort) Airport	-23.313496	17.042046	FYRH
small_airport	Khorixas Airport	-20.366192	15.059298	FYKX
small_airport	Aitutaki Airport	-18.8309	-159.764008	NCAI
small_airport	Enua Airport	-19.96780014	-158.1190033	NCAT
small_airport	Mangaia Island Airport	-21.895987	-157.906662	NCMG
small_airport	Manihiki Island Airport	-10.3767004	-161.0019989	NCMH
small_airport	Mauke Airport	-20.13610077	-157.3450012	NCMK
small_airport	Mitiaro Island Airport	-19.842501	-157.703003	NCMR
small_airport	Pukapuka Island Airport	-10.9145	-165.8393	NCPK
small_airport	Tongareva Airport	-9.01437	-158.03241	NCPY
medium_airport	Rarotonga International Airport	-21.2027	-159.806	NCRG
small_airport	Cicia Airport	-17.74329948	-179.3419952	NFCI
seaplane_base	Castaway Island Seaplane Base	-17.7358	177.129	NFCS
medium_airport	Nadi International Airport	-17.7553997	177.4429932	NFFN
small_airport	Malolo Lailai Island Airport	-17.778448	177.196996	NFFO
small_airport	Rabi Island Airport	-16.5337	179.9757	NFFR
small_airport	Vunisea Airport	-19.05809975	178.1569977	NFKD
small_airport	Mana Island Airport	-17.672844	177.0985	NFMA
small_airport	Moala Airport	-18.56669998	179.951004	NFMO
medium_airport	Nausori International Airport	-18.04330063	178.5590057	NFNA
small_airport	Levuka Airfield	-17.71109962	178.7590027	NFNB
small_airport	Nanuku Airport	-18.2553	178.0492	NFND
small_airport	Ngau Airport	-18.11560059	179.3399963	NFNG
small_airport	Laucala Island Airport	-16.7481	-179.667007	NFNH
small_airport	Lakeba Island Airport	-18.19919968	-178.8170013	NFNK
medium_airport	Labasa Airport	-16.4667	179.339996	NFNL
small_airport	Matei Airport	-16.690599	-179.876999	NFNM
small_airport	Koro Island Airport	-17.3458004	179.4219971	NFNO
small_airport	Rotuma Airport	-12.48250008	177.0709991	NFNR
small_airport	Savusavu Airport	-16.803394	179.340587	NFNS
small_airport	Wakaya Island Airport	-17.61700058	179.0169983	NFNW
small_airport	Ono-i-Lau Airport	-20.6589	-178.7411	NFOL
small_airport	Yasawa Island Airport	-16.7589	177.544998	NFSW
small_airport	Kaufana Airport	-21.37829971	-174.9579926	NFTE
medium_airport	Fua'amotu International Airport	-21.24119949	-175.1499939	NFTF
medium_airport	Lifuka Island Airport	-19.77700043	-174.3410034	NFTL
small_airport	Mata'aho Airport	-15.570603	-175.631283	NFTO
small_airport	Kuini Lavenia Airport	-15.977297	-173.791089	NFTP
medium_airport	Vava'u International Airport	-18.58530045	-173.9620056	NFTV
small_airport	Vanua Balavu Airport	-17.2689991	-178.9759979	NFVB
small_airport	Vatulele Airport	-18.51250076	177.6390076	NFVL
small_airport	Abaiang Airport	1.79861	173.041	NGAB
small_airport	Beru Airport	-1.35472	176.007004	NGBR
medium_airport	Funafuti International Airport	-8.525	179.195999	NGFU
small_airport	Kuria Airport	0.218611	173.442001	NGKT
small_airport	Maiana Airport	1.00361	173.031006	NGMA
small_airport	Marakei Airport	2.05861	173.270996	NGMK
small_airport	Makin Island Airport	3.37444	172.992004	NGMN
small_airport	Nikunau Airport	-1.314440012	176.4100037	NGNU
small_airport	Onotoa Airport	-1.79611	175.526001	NGON
medium_airport	Bonriki International Airport	1.38164	173.147003	NGTA
small_airport	Abemama Airport	0.490759	173.830287	NGTB
medium_airport	Tabiteuea North Airport	-1.22447	174.776001	NGTE
small_airport	Tamana Island Airport	-2.48583	175.970001	NGTM
small_airport	Nonouti Airport	-0.639722	174.427994	NGTO
small_airport	Arorae Island Airport	-2.616233	176.802209	NGTR
small_airport	Tabiteuea South Airport	-1.47444	175.063995	NGTS
small_airport	Butaritari Airport	3.08583	172.811005	NGTU
small_airport	Aranuka Airport	0.185278	173.636993	NGUK
small_airport	Las Lajas Airport	12.15303	-85.90848	MNLL
medium_airport	Niue International Airport	-19.07903099	-169.9255981	NIUE
heliport	Air Operations Control Station Nieuw Milligen Heliport	52.236685	5.749192	EHMC
small_airport	Pointe Vele Airport	-14.311565	-178.066492	NLWF
medium_airport	Hihifo Airport	-13.23830032	-176.1990051	NLWW
small_airport	Ofu Airport	-14.1844	-169.669998	NSAS
small_airport	Asau Airport	-13.505132	-172.627888	NSAU
medium_airport	Faleolo International Airport	-13.82999992	-172.0079956	NSFA
small_airport	Fagali'i Airport	-13.849167	-171.739866	NSFI
small_airport	Fitiuta Airport	-14.216131	-169.423771	NSFQ
small_airport	Maota Airport	-13.7423	-172.257996	NSMA
medium_airport	Pago Pago International Airport	-14.331	-170.710007	NSTU
large_airport	Faa'a International Airport	-17.553699	-149.606995	NTAA
small_airport	Rimatara Airport	-22.63725	-152.8059	NTAM
medium_airport	Rurutu Airport	-22.4340992	-151.3609924	NTAR
medium_airport	Tubuai Airport	-23.36540031	-149.5240021	NTAT
small_airport	Raivavae Airport	-23.885201	-147.662003	NTAV
medium_airport	Anaa Airport	-17.3526	-145.509995	NTGA
medium_airport	Fangatau Airport	-15.820044	-140.888071	NTGB
medium_airport	Tikehau Airport	-15.1196003	-148.2310028	NTGC
small_airport	Apataki Airport	-15.5736	-146.414993	NTGD
medium_airport	Reao Airport	-18.46652	-136.43855	NTGE
medium_airport	Fakarava Airport	-16.05410004	-145.6569977	NTGF
small_airport	Hikueru Airport	-17.548297	-142.612037	NTGH
medium_airport	Manihi Airport	-14.4368	-146.0700073	NTGI
medium_airport	Totegegie Airport	-23.07990074	-134.8899994	NTGJ
medium_airport	Kaukura Airport	-15.6633	-146.884995	NTGK
medium_airport	Makemo Airport	-16.5839	-143.658005	NTGM
small_airport	Napuka Island Airport	-14.177397	-141.266112	NTGN
small_airport	Tatakoto Airport	-17.355226	-138.44734	NTGO
small_airport	Puka Puka Airport	-14.80955	-138.812621	NTGP
small_airport	Pukaruha Airport	-18.295726	-137.016291	NTGQ
medium_airport	Takapoto Airport	-14.70950031	-145.2460022	NTGT
medium_airport	Arutua Airport	-15.2482996	-146.6170044	NTGU
medium_airport	Mataiva Airport	-14.86810017	-148.7169952	NTGV
small_airport	Nukutavake Airport	-19.284613	-138.768367	NTGW
small_airport	Tureia Airport	-20.784262	-138.56796	NTGY
medium_airport	Ahe Airport	-14.42809963	-146.2570038	NTHE
small_airport	Kauehi Airport	-15.780622	-145.128443	NTKA
small_airport	Faaite Airport	-16.68657	-145.329394	NTKF
small_airport	Fakahina Airport	-15.992259	-140.164246	NTKH
small_airport	Aratika Nord Airport	-15.485673	-145.464778	NTKK
small_airport	Takume Airport	-15.857434	-142.266469	NTKM
small_airport	Naiu Airport	-16.119296	-146.368768	NTKN
small_airport	Raroia Airport	-16.050485	-142.476568	NTKO
medium_airport	Takaroa Airport	-14.45580006	-145.0249939	NTKR
small_airport	Katiu Airport	-16.339681	-144.407966	NTKT
medium_airport	Nuku Hiva Airport	-8.7956	-140.229004	NTMD
medium_airport	Hiva Oa-Atuona Airport	-9.768790245	-139.0110016	NTMN
small_airport	Ua Pou Airport	-9.35167	-140.078003	NTMP
small_airport	Ua Huka Airport	-8.936228	-139.554062	NTMU
medium_airport	Bora Bora Airport	-16.44440079	-151.7510071	NTTB
small_airport	Tetiaroa Airport	-17.015095	-149.589372	NTTE
medium_airport	Rangiroa Airport	-14.95429993	-147.6609955	NTTG
medium_airport	Huahine-Fare Airport	-16.687084	-151.021593	NTTH
medium_airport	Moorea Temae Airport	-17.48979	-149.761777	NTTM
medium_airport	Hao Airport	-18.0748	-140.945999	NTTO
medium_airport	Maupiti Airport	-16.42650032	-152.2440033	NTTP
medium_airport	Raiatea Airport	-16.7229	-151.466003	NTTR
small_airport	Tupai Airport	-16.2423	-151.8338	NTTU
small_airport	Moruroa Airport	-21.80978	-138.813385	NTTX
small_airport	Vahitahi Airport	-18.780697	-138.85568	NTUV
small_airport	Mota Lava Airport	-13.666	167.712006	NVSA
small_airport	Sola Airport	-13.85169983	167.5370026	NVSC
small_airport	Torres Airstrip	-13.328	166.638	NVSD
small_airport	Siwo Airport	-17.0903	168.343002	NVSE
small_airport	Craig Cove Airport	-16.264999	167.923996	NVSF
small_airport	Longana Airport	-15.30669975	167.9669952	NVSG
small_airport	Sara Airport	-15.4708004	168.1519928	NVSH
small_airport	Tavie Airport	-16.431955	168.235511	NVSI
small_airport	Lamap Airport	-16.4611228	167.829253	NVSL
small_airport	Lamen Bay Airport	-16.58419991	168.1589966	NVSM
small_airport	Maewo-Naone Airport	-14.997222	168.081111	NVSN
small_airport	Lonorore Airport	-15.86559963	168.1719971	NVSO
small_airport	Norsup Airport	-16.0797	167.401001	NVSP
medium_airport	Gaua Island Airport	-14.2181	167.587006	NVSQ
small_airport	Redcliffe Airport	-15.472	167.835007	NVSR
medium_airport	Santo Pekoa International Airport	-15.50500011	167.2200012	NVSS
small_airport	Tongoa Airport	-16.89109993	168.5509949	NVST
small_airport	Uléi Airport	-16.3297	168.3011	NVSU
small_airport	Valesdir Airport	-16.79610062	168.177002	NVSV
small_airport	Walaha Airport	-15.412	167.690994	NVSW
small_airport	Southwest Bay Airport	-16.4864	167.4472	NVSX
small_airport	North West Santo Airport	-14.88169956	166.5579987	NVSZ
small_airport	Aneityum Airport	-20.249142	169.770758	NVVA
small_airport	Aniwa Airport	-19.2346	169.6009	NVVB
small_airport	Dillon's Bay Airport	-18.7694	169.001007	NVVD
small_airport	Futuna Airport	-19.51639938	170.2319946	NVVF
small_airport	Ipota Airport	-18.856389	169.283333	NVVI
large_airport	Bauerfield International Airport	-17.699301	168.320007	NVVV
medium_airport	Tanna Airport	-19.45509911	169.223999	NVVW
medium_airport	Tiga Airport	-21.096407	167.80379	NWWA
small_airport	Île Art - Waala Airport	-19.720521	163.661077	NWWC
medium_airport	Koné Airport	-21.053551	164.838768	NWWD
medium_airport	Île des Pins Airport	-22.58889961	167.4559937	NWWE
small_airport	Koumac Airport	-20.546323	164.255648	NWWK
medium_airport	Lifou Airport	-20.774563	167.239328	NWWL
medium_airport	Nouméa Magenta Airport	-22.25812	166.472783	NWWM
small_airport	Poum / Malabou Airport	-20.289155	164.09935	NWWP
small_airport	Mueo Airport	-21.316456	164.999399	NWWQ
medium_airport	Maré Airport	-21.482438	168.038465	NWWR
medium_airport	Touho Airport	-20.790127	165.259524	NWWU
medium_airport	Ouvéa Airport	-20.640932	166.573024	NWWV
medium_airport	La Tontouta International Airport	-22.014601	166.212997	NWWW
small_airport	Cromwell/Louburn Airport	-44.982756	169.215696	NZCW
large_airport	Auckland International Airport	-37.01199	174.786331	NZAA
medium_airport	Taupo Airport	-38.73970032	176.0839996	NZAP
medium_airport	Ardmore Airport	-37.02970123	174.9730072	NZAR
small_airport	Ashburton Airport	-43.903301	171.796997	NZAS
seaplane_base	Auckland Harbour Water Aerodrome	-36.833333	174.766667	NZAW
small_airport	Balclutha Aerodrome	-46.245658	169.748876	NZBA
heliport	ASB Bank Centre Heliport	-36.849944	174.762485	NZBC
heliport	Burwood Hospital Heliport	-43.479648	172.687041	NZBW
small_airport	Centre Bush Aerodrome	-46.040001	168.311996	NZCB
small_airport	Centennial Park Aerodrome	-38.665278	176.134722	NZCG
large_airport	Christchurch International Airport	-43.489029	172.532065	NZCH
medium_airport	Chatham Islands / Tuuta Airport	-43.81189	-176.46514	NZCI
small_airport	Cromwell Racecourse Aerodrome	-45.048599	169.171005	NZCS
small_airport	Coromandel Airport	-36.791698	175.509003	NZCX
small_airport	Dargaville Aerodrome	-35.939701	173.893997	NZDA
medium_airport	Dunedin International Airport	-45.928101	170.197998	NZDN
small_airport	Forest Field Aerodrome	-43.38579941	172.3609924	NZFF
small_airport	Great Barrier Aerodrome	-36.24140167	175.4720001	NZGB
small_airport	Greymouth Airport	-42.4617	171.190002	NZGM
medium_airport	Gisborne Airport	-38.6633	177.977997	NZGS
medium_airport	Glentanner Airport	-43.90670013	170.128006	NZGT
medium_airport	Hokitika Airfield	-42.71360016	170.9850006	NZHK
medium_airport	Hamilton International Airport	-37.86669922	175.3320007	NZHN
small_airport	Waiheke Island Aerodrome	-36.808899	175.085999	NZKE
small_airport	Kaikoura Airport	-42.424999	173.604996	NZKI
medium_airport	Kerikeri Airport	-35.259148	173.913317	NZKK
small_airport	Kaikohe Airport	-35.451099	173.817001	NZKO
medium_airport	Kaitaia Airport	-35.069837	173.287053	NZKT
medium_airport	Alexandra Aerodrome	-45.210495	169.371113	NZLX
small_airport	Matamata Glider Airport	-37.734402	175.742004	NZMA
medium_airport	Mount Cook Airport	-43.764999	170.132996	NZMC
small_airport	Milford Sound Airport	-44.673302	167.923004	NZMF
small_airport	Motueka Airport	-41.123299	172.988998	NZMK
medium_airport	Manapouri Airport	-45.5331	167.649994	NZMO
medium_airport	Hood Airport	-40.974634	175.63454	NZMS
small_airport	North Shore Aerodrome	-36.6567	174.654999	NZNE
medium_airport	New Plymouth Airport	-39.00859833	174.1790009	NZNP
medium_airport	Hawke's Bay Airport	-39.465801	176.869995	NZNR
medium_airport	Nelson Airport	-41.298302	173.220993	NZNS
medium_airport	Invercargill Airport	-46.41239929	168.3130035	NZNV
medium_airport	RNZAF Base Ohakea	-40.20600128	175.3880005	NZOH
medium_airport	Oamaru Airport	-44.970001	171.082001	NZOU
medium_airport	Palmerston North Airport	-40.320599	175.617004	NZPM
small_airport	Picton Aerodrome	-41.34609985	173.9559937	NZPN
medium_airport	Paraparaumu Airport	-40.90470123	174.9889984	NZPP
medium_airport	Queenstown International Airport	-45.021099	168.738998	NZQN
small_airport	Raglan Aerodrome	-37.804699	174.860001	NZRA
small_airport	Ryan's Creek Aerodrome	-46.8997	168.100998	NZRC
medium_airport	Rotorua Regional Airport	-38.1092	176.317001	NZRO
small_airport	Rangiora Airfield	-43.290001	172.542007	NZRT
medium_airport	Tauranga Airport	-37.6719017	176.1959991	NZTG
small_airport	Thames Aerodrome	-37.1567	175.550003	NZTH
small_airport	Takaka Airport	-40.813301	172.774994	NZTK
small_airport	Tokoroa Airfield	-38.236698	175.891998	NZTO
medium_airport	Timaru Airport	-44.30279922	171.2250061	NZTU
medium_airport	Pukaki Airport	-44.23500061	170.1179962	NZUK
medium_airport	Woodbourne Airport	-41.5182991	173.8699951	NZWB
medium_airport	Wanaka Airport	-44.722954	169.248419	NZWF
medium_airport	Whakatane Airport	-37.92060089	176.9140015	NZWK
large_airport	Wellington International Airport	-41.327202	174.804993	NZWN
medium_airport	Wairoa Airport	-39.012118	177.404395	NZWO
medium_airport	Whangarei Airport	-35.769253	174.363713	NZWR
medium_airport	Westport Airport	-41.737111	171.579033	NZWS
small_airport	Whitianga Airport	-36.828731	175.682802	NZWT
medium_airport	Wanganui Airport	-39.96220016	175.0249939	NZWU
small_airport	Bamyan Airport	34.808916	67.816629	OABN
small_airport	Bost Airport	31.5597	64.364998	OABT
small_airport	Chaghcharan Airport	34.526465	65.27102	OACC
small_airport	Sardeh Band Airport	33.3207016	68.6364975	OADS
small_airport	Dwyer Airport	31.091265	64.066053	OADY
small_airport	Darwaz Airport	38.461798	70.881606	OADZ
small_airport	Farah Airport	32.366667	62.165347	OAFR
small_airport	Fayzabad Airport	37.122148	70.5201	OAFZ
small_airport	Ghazni Airport	33.487853	68.525243	OAGN
small_airport	Gardez Airport	33.627366	69.237023	OAGZ
small_airport	Khwahan Airport	37.890021	70.20383	OAHN
medium_airport	Herat - Khwaja Abdullah Ansari International Airport	34.209999	62.228298	OAHR
medium_airport	Bagram Airfield	34.946098	69.264999	OAIX
medium_airport	Jalalabad Airport	34.399799	70.498596	OAJL
medium_airport	Kabul International Airport	34.565899	69.212303	OAKB
medium_airport	Ahmad Shah Baba International Airport / Kandahar Airfield	31.5058	65.847801	OAKN
medium_airport	Khost International Airport	33.284605	69.80734	OAKS
medium_airport	Maymana Zahiraddin Faryabi Airport	35.930801	64.760902	OAMN
medium_airport	Mazar-i-Sharif International Airport	36.706902	67.209702	OAMS
small_airport	Urgun Airport	32.939933	69.150064	OAOG
small_airport	Qala-i-Naw Airport	34.985472	63.117404	OAQN
small_airport	Orūzgān Airport	32.90299988	66.63089752	OARG
small_airport	Razer Airport	36.029893	70.714159	OARZ
small_airport	Sharana Airstrip	33.12575	68.838517	OASA
small_airport	Shindand Air Base	33.3913	62.261002	OASD
small_airport	Shank Air Base	33.922217	69.07794	OASH
small_airport	Salerno Airport	33.3638	69.9561	OASL
small_airport	Sheghnan Airport	37.497642	71.508484	OASN
small_airport	Tarinkot Airport	32.604198	65.865799	OATN
small_airport	Taleqan Airport	36.770699	69.531998	OATQ
medium_airport	Kunduz Airport	36.6651	68.910797	OAUZ
small_airport	Camp Shorabak Airfield	31.848735	64.223175	OAZI
small_airport	Zaranj Airport	30.972222	61.865833	OAZJ
large_airport	Bahrain International Airport	26.267295	50.63764	OBBI
medium_airport	Abha International Airport	18.2404	42.656601	OEAB
medium_airport	Al-Ahsa International Airport	25.285299	49.485199	OEAH
medium_airport	Majeed Bin Abdulaziz Airport	26.483333	38.116944	OEAO
medium_airport	King Saud Bin Abdulaziz (Al Baha) Airport	20.298506	41.636153	OEBA
medium_airport	Bisha Airport	19.9844	42.620899	OEBH
large_airport	King Fahd International Airport	26.471201	49.797901	OEDF
large_airport	King Abdulaziz Air Base	26.2654	50.152	OEDR
medium_airport	Jizan Regional Airport / King Abdullah bin Abdulaziz Airport	16.9011	42.5858	OEGN
medium_airport	Gassim Airport	26.302799	43.774399	OEGS
medium_airport	Gurayat Domestic Airport	31.412413	37.278898	OEGT
medium_airport	Ha'il Airport	27.437901	41.686298	OEHL
large_airport	King Abdulaziz International Airport	21.6796	39.156502	OEJN
medium_airport	King Khaled Military City Airport	27.9009	45.528198	OEKK
medium_airport	King Khalid Air Base	18.2973	42.803501	OEKM
large_airport	Prince Mohammad Bin Abdulaziz Airport	24.5534	39.705101	OEMA
medium_airport	Najran Domestic Airport	17.611401	44.419201	OENG
medium_airport	Neom Bay Airport	27.927598	35.28874	OENN
medium_airport	Al Qaisumah/Hafr Al Batin Airport	28.335199	46.125099	OEPA
medium_airport	Prince Sultan Air Base	24.0627	47.580502	OEPS
medium_airport	Rafha Domestic Airport	29.62639999	43.49060059	OERF
large_airport	King Khaled International Airport	24.9576	46.698799	OERK
medium_airport	Arar Domestic Airport	30.90660095	41.13819885	OERR
medium_airport	Sharurah Domestic Airport	17.4669	47.121399	OESH
medium_airport	Al-Jawf Domestic Airport	29.78510094	40.09999847	OESK
small_airport	As-Sulayyil Airport	20.464701	45.619598	OESL
medium_airport	Tabuk Airport	28.3654	36.6189	OETB
medium_airport	Ta’if Regional Airport	21.483001	40.543442	OETF
medium_airport	Turaif Domestic Airport	31.692188	38.731544	OETR
medium_airport	Wadi Al Dawasir Domestic Airport	20.504299	45.1996	OEWD
medium_airport	Al Wajh Domestic Airport	26.198601	36.476398	OEWJ
medium_airport	Prince Abdul Mohsin bin Abdulaziz International Airport / Yanbu Airport	24.144199	38.0634	OEYN
small_airport	Zilfi Airport	26.35000038	44.83300018	OEZL
medium_airport	Abadan Airport	30.367887	48.230075	OIAA
medium_airport	Dezful Airport	32.434399	48.397598	OIAD
medium_airport	Aghajari Airport	30.7444	49.6772	OIAG
medium_airport	Gachsaran Airport	30.333869	50.833796	OIAH
small_airport	Omidiyeh Airport	30.835199	49.534901	OIAJ
medium_airport	Mahshahr Airport	30.5562	49.151901	OIAM
medium_airport	Lieutenant General Qasem Soleimani International Airport	31.3374	48.762001	OIAW
medium_airport	Abu Musa Island Airport	25.8757	55.033001	OIBA
medium_airport	Bushehr Airport	28.94479942	50.83459854	OIBB
small_airport	Bastak Airport	27.21269989	54.3185997	OIBH
medium_airport	Jam Airport	27.820499	52.3522	OIBJ
medium_airport	Kish International Airport	26.52619934	53.98020172	OIBK
medium_airport	Bandar Lengeh International Airport	26.532283	54.82484	OIBL
medium_airport	Persian Gulf International Airport	27.379601	52.737701	OIBP
medium_airport	Khark Airport	29.260503	50.322193	OIBQ
medium_airport	Siri Airport	25.908899	54.539398	OIBS
medium_airport	Lavan Airport	26.810742	53.354302	OIBV
medium_airport	Shahid Ashrafi Esfahani Airport	34.34590149	47.15810013	OICC
medium_airport	Ilam Airport	33.58660126	46.40480042	OICI
medium_airport	Khoram Abad Airport	33.4353981	48.28290176	OICK
medium_airport	Sanandaj Airport	35.2458992	47.00920105	OICS
small_airport	Hesa Airport	32.928902	51.5611	OIFE
medium_airport	Kashan Airport	33.895302	51.577	OIFK
medium_airport	Isfahan Shahid Beheshti International Airport	32.750755	51.861483	OIFM
medium_airport	Shahrekord Airport	32.29719925	50.84220123	OIFS
medium_airport	Sardar-e-Jangal Airport	37.323333	49.617778	OIGG
medium_airport	Hamadan Airport	34.869202	48.552502	OIHH
small_airport	Arak Airport	34.1381	49.847301	OIHR
medium_airport	Nojeh Air Base	35.211601	48.6534	OIHS
large_airport	Imam Khomeini International Airport	35.41609955	51.15219879	OIIE
large_airport	Mehrabad International Airport	35.68920135	51.31340027	OIII
medium_airport	Qazvin Airport	36.240101	50.0471	OIIK
medium_airport	Payam Karaj International Airport	35.7761	50.826698	OIIP
small_airport	Semnan Municipal Airport	35.591099	53.495098	OIIS
medium_airport	Bandar Abbas International Airport	27.21829987	56.37779999	OIKB
medium_airport	Jiroft Airport	28.723519	57.675037	OIKJ
medium_airport	Ayatollah Hashemi Rafsanjani International Airport	30.271276	56.949692	OIKK
medium_airport	Bam Airport	29.0842	58.450001	OIKM
small_airport	Havadarya Airport	27.1583	56.172501	OIKP
small_airport	Qeshm Dayrestan International Airport	26.754639	55.902353	OIKQ
medium_airport	Rafsanjan Airport	30.298345	56.048979	OIKR
medium_airport	Sirjan Airport	29.5509	55.672699	OIKY
medium_airport	Birjand International Airport	32.896525	59.281258	OIMB
medium_airport	Sarakhs Airport	36.501202	61.064899	OIMC
small_airport	Shahrud International Airport	36.425301	55.104198	OIMJ
large_airport	Mashhad International Airport	36.23519897	59.64099884	OIMM
medium_airport	Bojnord Airport	37.49300003	57.30820084	OIMN
medium_airport	Sabzevar National Airport	36.16809845	57.59519958	OIMS
medium_airport	Tabas Airport	33.667801	56.8927	OIMT
small_airport	Kalaleh Airport	37.383301	55.452	OINE
medium_airport	Gorgan Airport	36.90940094	54.40129852	OING
small_airport	Bishe Kola Air Base	36.655102	52.349602	OINJ
medium_airport	Nowshahr Airport	36.664286	51.46273	OINN
medium_airport	Ramsar Airport	36.90701	50.687316	OINR
medium_airport	Sari Dasht-e Naz International Airport	36.644408	53.188761	OINZ
medium_airport	Fasa Airport	28.8918	53.723301	OISF
small_airport	Jahrom Airport	28.58670044	53.57910156	OISJ
medium_airport	Lar Airport	27.6747	54.383301	OISL
medium_airport	Lamerd Airport	27.3727	53.188801	OISR
large_airport	Shiraz Shahid Dastghaib International Airport	29.5392	52.589802	OISS
medium_airport	Yasuj Airport	30.702238	51.542988	OISY
small_airport	Khaneh Airport	36.733341	45.150002	OITH
small_airport	Khoy Airport	38.42750168	44.97359848	OITK
medium_airport	Ardabil Airport	38.32569885	48.42440033	OITL
small_airport	Sahand Airport	37.34799957	46.12789917	OITM
small_airport	Parsabad-Moghan Airport	39.6036	47.8815	OITP
medium_airport	Urmia Airport	37.66809845	45.06869888	OITR
medium_airport	Tabriz International Airport	38.1339	46.235001	OITT
medium_airport	Maku National Airport	39.191293	44.928505	OITU
medium_airport	Zanjan Airport	36.77370071	48.3594017	OITZ
medium_airport	Shahid Sadooghi Airport	31.9048996	54.2765007	OIYY
medium_airport	Zabol Airport	31.098301	61.5439	OIZB
medium_airport	Chabahar Konarak International Airport	25.44319	60.382167	OIZC
medium_airport	Zahedan International Airport	29.47570038	60.90620041	OIZH
medium_airport	Iranshahr Airport	27.236099	60.720001	OIZI
small_airport	Jask Airport	25.654757	57.801718	OIZJ
large_airport	Queen Alia International Airport	31.72260094	35.99319839	OJAI
medium_airport	Amman Civil (Marka International) Airport	31.9727	35.9916	OJAM
medium_airport	Aqaba King Hussein International Airport	29.61160088	35.01810074	OJAQ
small_airport	King Hussein Air College	32.3564	36.259201	OJMF
medium_airport	Ahmed Al Jaber Air Base	28.93479919	47.79190063	OKAJ
large_airport	Kuwait International Airport	29.226601	47.968899	OKKK
large_airport	Beirut Rafic Hariri International Airport	33.82089996	35.48839951	OLBA
medium_airport	Rene Mouawad Air Base / Kleyate Airport	34.589298	36.011299	OLKA
large_airport	Zayed International Airport	24.443764	54.651718	OMAA
medium_airport	Al Bateen Executive Airport	24.428301	54.458099	OMAD
medium_airport	Al Ain International Airport	24.26169968	55.60919952	OMAL
medium_airport	Al Dhafra Air Base	24.24819946	54.54769897	OMAM
medium_airport	Sir Bani Yas Airport	24.283611	52.580278	OMBY
large_airport	Dubai International Airport	25.25279999	55.36439896	OMDB
small_airport	Delma Airport	24.51	52.3352	OMDL
medium_airport	Al Minhad Air Base	25.02680016	55.36619949	OMDM
large_airport	Al Maktoum International Airport	24.896356	55.161389	OMDW
medium_airport	Fujairah International Airport	25.1122	56.324001	OMFJ
medium_airport	Ras Al Khaimah International Airport	25.6135006	55.93880081	OMRK
large_airport	Sharjah International Airport	25.3286	55.5172	OMSJ
small_airport	Buraimi Airport	24.241626	55.783674	OOBR
small_airport	Fahud Airport	22.354759	56.484146	OOFD
small_airport	Qarn Alam Airport	21.377199	57.056293	OOGB
medium_airport	Khasab Airport	26.171	56.240601	OOKB
small_airport	Lekhwair Airport	22.804866	55.372801	OOLK
medium_airport	RAFO Masirah	20.6754	58.890499	OOMA
large_airport	Muscat International Airport	23.5933	58.284401	OOMS
small_airport	Marmul Airport	18.138999	55.179005	OOMX
medium_airport	Salalah Airport	17.0387001	54.09130096	OOSA
small_airport	Sohar Airport	24.38604	56.62541	OOSH
medium_airport	Thumrait Air Base	17.666	54.024601	OOTH
small_airport	Bannu Airport	32.9729	70.527901	OPBN
medium_airport	Bahawalpur Airport	29.34810066	71.71800232	OPBW
medium_airport	Chitral Airport	35.886213	71.799922	OPCH
small_airport	Chilas Airport	35.42670059	74.08170319	OPCL
small_airport	Dalbandin Airport	28.87829971	64.39980316	OPDB
medium_airport	Dera Ghazi Khan Airport	29.96100044	70.48590088	OPDG
medium_airport	Dera Ismael Khan Airport	31.909401	70.896599	OPDI
medium_airport	Faisalabad International Airport	31.36499977	72.99479675	OPFA
medium_airport	New Gwadar International Airport	25.296733	62.498822	OPGD
medium_airport	Gilgit Airport	35.91880035	74.33360291	OPGT
medium_airport	Gwadar International Airport	25.232391	62.327671	OPGW
large_airport	Islamabad International Airport	33.549	72.82566	OPIS
medium_airport	Shahbaz Air Base	28.28420067	68.4496994	OPJA
large_airport	Jinnah International Airport	24.9065	67.160797	OPKC
small_airport	Hyderabad Airport	25.3181	68.366096	OPKD
small_airport	Khuzdar Airport	27.79059982	66.64730072	OPKH
small_airport	Kohat Airport	33.56999969	71.44000244	OPKT
large_airport	Allama Iqbal International Airport	31.521601	74.403603	OPLA
small_airport	Loralai Airport	30.35549927	68.6135025	OPLL
medium_airport	Mangla Airport	33.05009842	73.63839722	OPMA
medium_airport	Muzaffarabad Airport	34.339001	73.508598	OPMF
medium_airport	Mianwali Air Base	32.56309891	71.5707016	OPMI
medium_airport	Moenjodaro Airport	27.335199	68.143097	OPMJ
small_airport	Sindhri Tharparkar Airport	25.68280029	69.07279968	OPMP
medium_airport	Multan International Airport	30.20319939	71.4190979	OPMT
medium_airport	Shaheed Benazirabad Airport	26.2194	68.390099	OPNH
small_airport	Ormara Airport	25.276625	64.588343	OPOR
small_airport	Parachinar Airport	33.9021	70.071602	OPPC
medium_airport	Panjgur Airport	26.9545	64.1325	OPPG
medium_airport	Pasni Airport	25.290501	63.3451	OPPI
medium_airport	Peshawar International Airport	33.9939003	71.51460266	OPPS
medium_airport	Quetta International Airport	30.25139999	66.93779755	OPQT
medium_airport	Shaikh Zaid Airport	28.38389969	70.27960205	OPRK
medium_airport	Rawalakot Airport	33.849701	73.798103	OPRT
small_airport	Sibi Airport	29.571199	67.8479	OPSB
medium_airport	Skardu Airport	35.33549881	75.53600311	OPSD
medium_airport	Sukkur Airport	27.72200012	68.79170227	OPSK
medium_airport	Sehwan Sharif Airport	26.473101	67.717201	OPSN
medium_airport	Mushaf Air Base	32.04859924	72.66500092	OPSR
medium_airport	Saidu Sharif Airport	34.813599	72.352798	OPSS
medium_airport	Sialkot International Airport	32.535557	74.363892	OPST
medium_airport	Sui Airport	28.64509964	69.17690277	OPSU
small_airport	Sawan Airport	26.9662	68.878098	OPSW
small_airport	Tarbela Dam Airport	33.98609924	72.61139679	OPTA
small_airport	Talhar Airport	24.84149933	68.83840179	OPTH
medium_airport	Turbat International Airport	25.9864006	63.03020096	OPTU
small_airport	Wana Airport	32.30469894	69.57039642	OPWN
medium_airport	Zhob Airport	31.35840034	69.46360016	OPZB
medium_airport	Al Asad Air Base	33.78559875	42.44120026	ORAA
medium_airport	Al Taqaddum Air Base	33.33810043	43.5970993	ORAT
small_airport	Bamarni Airport	37.098801	43.266602	ORBB
large_airport	Baghdad International Airport / New Al Muthana Air Base	33.262501	44.2346	ORBI
medium_airport	Mosul International Airport	36.305801	43.1474	ORBM
medium_airport	Erbil International Airport	36.23759842	43.96319962	ORER
medium_airport	Kirkuk Air Base	35.469501	44.3489	ORKK
medium_airport	Basra International Airport	30.549101	47.662102	ORMM
medium_airport	Al Najaf International Airport	31.989853	44.404317	ORNI
medium_airport	Sulaymaniyah International Airport	35.5617485	45.31673813	ORSU
medium_airport	Aleppo International Airport	36.180698	37.2244	OSAP
large_airport	Damascus International Airport	33.41149902	36.5155983	OSDI
medium_airport	Deir ez-Zor Airport	35.2854	40.175999	OSDZ
medium_airport	Qamishli Airport	37.020599	41.191399	OSKL
medium_airport	Hmeimim Air Base	35.4011	35.9487	OSLK
medium_airport	Palmyra Airport	34.5574	38.316898	OSPR
medium_airport	Doha International Airport	25.261101	51.565102	OTBD
medium_airport	Al Udeid Air Base	25.11730003	51.31499863	OTBH
large_airport	Hamad International Airport	25.273056	51.608056	OTHH
medium_airport	Aden International Airport	12.8295	45.028801	OYAA
medium_airport	Ataq Airport	14.5513	46.826199	OYAT
small_airport	Beihan Airport	14.781714	45.719703	OYBN
medium_airport	Al Ghaydah International Airport	16.193341	52.174186	OYGD
small_airport	Kamaran Airport	15.368755	42.612515	OYKM
small_airport	Marib Airport	15.469228	45.327272	OYMB
small_airport	Mukeiras Airport	13.9368	45.657	OYMS
small_airport	Qishn Airport	15.417	51.682999	OYQN
medium_airport	Riyan Mukalla International Airport	14.6626	49.375	OYRN
small_airport	Sadah Airport	16.967542	43.728103	OYSH
medium_airport	Sanaa International Airport	15.4763	44.2197	OYSN
medium_airport	Socotra International Airport	12.6307	53.9058	OYSQ
medium_airport	Seiyun Hadhramaut International Airport	15.9661	48.7883	OYSY
medium_airport	Ta'izz International Airport	13.68599987	44.13909912	OYTZ
small_airport	Atka Airport	52.220299	-174.205994	PAAK
small_airport	Port Moller Airport	56.006001	-160.561005	PAAL
seaplane_base	Port Alexander Seaplane Base	56.246799	-134.647995	PAAP
medium_airport	Warren "Bud" Woods Palmer Municipal Airport	61.594898	-149.08901	PAAQ
small_airport	Casco Cove Coast Guard Station	52.829797	173.173796	PAAT
medium_airport	Barter Island Long Range Radar Station Airport	70.134003	-143.582001	PABA
medium_airport	Bethel Airport	60.77980042	-161.8379974	PABE
small_airport	Beluga Airport	61.17219925	-151.0440063	PABG
medium_airport	Allen Army Airfield	63.99449921	-145.7220001	PABI
small_airport	Buckland Airport	65.981598	-161.149002	PABL
small_airport	Big Mountain Airport	59.362274	-155.260148	PABM
medium_airport	Wiley Post Will Rogers Memorial Airport	71.285402	-156.766008	PABR
small_airport	Bettles Airport	66.913902	-151.529007	PABT
medium_airport	Cold Bay Airport	55.207871	-162.725029	PACD
small_airport	Central Airport	65.573815	-144.780707	PACE
small_airport	Chalkyitsik Airport	66.644997	-143.740005	PACI
small_airport	Chefornak Airport	60.136667	-164.279167	PACK
small_airport	Scammon Bay Airport	61.84471	-165.575209	PACM
small_airport	Circle City (New) Airport	65.827673	-144.076195	PACR
small_airport	Cape Sarichef Airport	54.583934	-164.905727	PACS
medium_airport	Merle K (Mudhole) Smith Airport	60.491798	-145.477997	PACV
small_airport	Coldfoot Airport	67.25219727	-150.2039948	PACX
small_airport	Yakataga Airport	60.080974	-142.494541	PACY
medium_airport	Cape Romanzof LRRS Airport	61.78030014	-166.0390015	PACZ
medium_airport	Deering Airport	66.068901	-162.766914	PADE
small_airport	Red Dog Airport	68.032097	-162.899002	PADG
medium_airport	Adak Airport	51.883564	-176.642783	PADK
medium_airport	Dillingham Airport	59.04470062	-158.5050049	PADL
small_airport	Marshall Don Hunter Sr Airport	61.8643	-162.026001	PADM
medium_airport	Kodiak Airport	57.75	-152.4940033	PADQ
medium_airport	Tom Madsen (Dutch Harbor) Airport	53.89881	-166.544996	PADU
small_airport	Kongiganak Airport	59.9608	-162.880997	PADY
medium_airport	Elmendorf Air Force Base	61.251709	-149.807097	PAED
small_airport	Eek Airport	60.213173	-162.044048	PAEE
small_airport	Eagle Airport	64.778003	-141.150455	PAEG
medium_airport	Cape Newenham LRRS Airport	58.64640045	-162.0630035	PAEH
medium_airport	Eielson Air Force Base	64.66570282	-147.102005	PAEI
seaplane_base	Elfin Cove Seaplane Base	58.19520187	-136.3470001	PAEL
medium_airport	Emmonak Airport	62.78609848	-164.4909973	PAEM
medium_airport	Kenai Municipal Airport	60.570946	-151.245174	PAEN
small_airport	Mertarvik Airport	60.81037	-164.499511	PAEW
medium_airport	Fairbanks International Airport	64.815102	-147.856003	PAFA
medium_airport	Ladd Army Airfield	64.837502	-147.613998	PAFB
medium_airport	Kake Airport	56.961312	-133.910202	PAFE
medium_airport	Ambler Airport	67.105529	-157.855339	PAFM
small_airport	Bryant Army Airfield	61.266399	-149.653	PAFR
small_airport	Nikolai Airport	63.017949	-154.360399	PAFS
medium_airport	Edward G. Pitka Sr Airport	64.736198	-156.936997	PAGA
small_airport	Galbraith Lake Airport	68.47969818	-149.4900055	PAGB
small_airport	Kwigillingok Airport	59.876499	-163.169005	PAGG
small_airport	Shungnak Airport	66.88809967	-157.1620026	PAGH
medium_airport	Gulkana Airport	62.155859	-145.454662	PAGK
small_airport	Golovin Airport	64.550499	-163.007004	PAGL
medium_airport	Gambell Airport	63.767694	-171.733303	PAGM
seaplane_base	Angoon Seaplane Base	57.497097	-134.56722	PAGN
small_airport	Big Lake Airport	61.534658	-149.812936	PAGQ
medium_airport	Gustavus Airport	58.4253006	-135.7070007	PAGS
small_airport	Nightmute Airport	60.469129	-164.70407	PAGT
small_airport	Skagway Airport	59.460343	-135.316651	PAGY
small_airport	Granite Mountain Air Station	65.40209961	-161.2810059	PAGZ
medium_airport	Holy Cross Airport	62.18830109	-159.7749939	PAHC
medium_airport	Huslia Airport	65.697899	-156.350998	PAHL
medium_airport	Haines Airport	59.243921	-135.523925	PAHN
medium_airport	Homer Airport	59.644456	-151.479235	PAHO
small_airport	Hooper Bay Airport	61.523899	-166.147003	PAHP
small_airport	Hughes Airport	66.04109955	-154.2630005	PAHU
small_airport	Shageluk Airport	62.692144	-159.569035	PAHX
seaplane_base	Hydaburg Seaplane Base	55.205227	-132.830286	PAHY
small_airport	Igiugig Airport	59.324001	-155.901993	PAIG
medium_airport	Egegik Airport	58.184386	-157.374873	PAII
medium_airport	Bob Baker Memorial Airport	66.976128	-160.439014	PAIK
medium_airport	Iliamna Airport	59.754398	-154.910996	PAIL
medium_airport	Indian Mountain LRRS Airport	65.992798	-153.703995	PAIM
small_airport	Denali National Park Airport	63.732465	-148.911266	PAIN
small_airport	Wales Airport	65.622593	-168.095	PAIW
medium_airport	Juneau International Airport	58.355	-134.576004	PAJN
small_airport	Koliganek Airport	59.72660065	-157.2590027	PAJZ
small_airport	Kodiak Municipal Airport	57.806151	-152.373693	PAKD
small_airport	False Pass Airport	54.84751	-163.407168	PAKF
small_airport	Akhiok Airport	56.938702	-154.182999	PAKH
small_airport	Kipnuk Airport	59.931796	-164.028196	PAKI
small_airport	Koyuk Alfred Adams Airport	64.939499	-161.154007	PAKK
small_airport	Kulik Lake Airport	58.98210144	-155.1210022	PAKL
medium_airport	King Salmon Airport	58.677845	-156.651965	PAKN
small_airport	Nikolski Air Station	52.941552	-168.849478	PAKO
medium_airport	Anaktuvuk Pass Airport	68.133598	-151.742996	PAKP
medium_airport	Ketchikan International Airport	55.35559845	-131.7140045	PAKT
small_airport	Ugnu-Kuparuk Airport	70.33080292	-149.5980072	PAKU
small_airport	Kaltag Airport	64.31864	-158.74197	PAKV
medium_airport	Klawock Airport	55.579201	-133.076004	PAKW
small_airport	Karluk Airport	57.565919	-154.453762	PAKY
small_airport	Larsen Bay Airport	57.53516	-153.976455	PALB
small_airport	Kalskag Airport	61.53630066	-160.3410034	PALG
small_airport	Port Alsworth Airport	60.201681	-154.325863	PALJ
small_airport	Point Lonely Short Range Radar Site Airfield	70.911118	-153.237766	PALN
small_airport	Chandalar Lake Airport	67.50450134	-148.4830017	PALR
medium_airport	Cape Lisburne LRRS Airport	68.875099	-166.110001	PALU
small_airport	Manokotak Airport	58.932056	-158.901886	PAMB
medium_airport	McGrath Airport	62.95289993	-155.6060028	PAMC
small_airport	Middleton Island Airport	59.44990158	-146.3070068	PAMD
small_airport	Minchumina Airport	63.886002	-152.302002	PAMH
small_airport	St Michael Airport	63.49010086	-162.1100006	PAMK
small_airport	Manley Hot Springs Airport	64.99188	-150.644102	PAML
seaplane_base	Metlakatla Seaplane Base	55.131001	-131.578003	PAMM
small_airport	Mountain Village Airport	62.09540176	-163.6820068	PAMO
medium_airport	Merrill Field	61.212792	-149.843988	PAMR
small_airport	Mc Carthy Airport	61.43709946	-142.904007	PAMX
medium_airport	Mekoryuk Airport	60.372338	-166.269751	PAMY
small_airport	Napakiak Airport	60.6903	-161.979004	PANA
large_airport	Ted Stevens Anchorage International Airport	61.179004	-149.992561	PANC
medium_airport	Aniak Airport	61.58160019	-159.5429993	PANI
medium_airport	Nenana Municipal Airport	64.548772	-149.074516	PANN
small_airport	Nondalton Airport	59.980202	-154.839005	PANO
seaplane_base	Funter Bay Seaplane Base	58.25439835	-134.897995	PANR
medium_airport	Annette Island Airport	55.037663	-131.572609	PANT
small_airport	Nulato Airport	64.729301	-158.074005	PANU
medium_airport	Anvik Airport	62.646702	-160.190994	PANV
small_airport	New Stuyahok Airport	59.451838	-157.373829	PANW
small_airport	Kobuk Airport	66.9123	-156.897003	PAOB
small_airport	Portage Creek Airport	58.9065	-157.714	PAOC
small_airport	Hoonah Airport	58.0961	-135.410111	PAOH
medium_airport	Nome Airport	64.5121994	-165.4450073	PAOM
small_airport	Toksook Bay Airport	60.541401	-165.087006	PAOO
medium_airport	Northway Airport	62.9613	-141.929001	PAOR
medium_airport	Ralph Wien Memorial Airport	66.88469696	-162.598999	PAOT
small_airport	Nelson Lagoon Airport	56.0075	-161.160004	PAOU
medium_airport	St George Airport	56.577345	-169.663823	PAPB
medium_airport	Port Clarence Coast Guard Station	65.25370026	-166.8589935	PAPC
small_airport	Perryville Airport	55.9065	-159.16091	PAPE
medium_airport	Petersburg James A Johnson Airport	56.80170059	-132.9450073	PAPG
medium_airport	Port Heiden Airport	56.957893	-158.630219	PAPH
small_airport	Napaskiak Airport	60.7029	-161.778	PAPK
medium_airport	Platinum Airport	59.017675	-161.827927	PAPM
small_airport	Pilot Point Airport	57.580399	-157.572006	PAPN
small_airport	Point Hope Airport	68.348801	-166.798996	PAPO
small_airport	Prospect Creek Airport	66.81410217	-150.6439972	PAPR
small_airport	Quinhagak Airport	59.7551	-161.845	PAQH
medium_airport	Nuiqsut Airport	70.209999	-151.005998	PAQT
medium_airport	Arctic Village Airport	68.1147	-145.578995	PARC
small_airport	Russian Mission Airport	61.775071	-161.319466	PARS
medium_airport	Ruby Airport	64.727203	-155.470001	PARY
medium_airport	Savoonga Airport	63.686401	-170.492996	PASA
medium_airport	Deadhorse Airport	70.19470215	-148.4649963	PASC
medium_airport	Sand Point Airport	55.313908	-160.522099	PASD
small_airport	Shishmaref Airport	66.249604	-166.089112	PASH
medium_airport	Sitka Rocky Gutierrez Airport	57.04710007	-135.3619995	PASI
small_airport	Selawik Airport	66.600098	-159.985992	PASK
small_airport	Sleetmute Airport	61.7005	-157.166	PASL
small_airport	St Mary's Airport	62.060501	-163.302002	PASM
medium_airport	St Paul Island Airport	57.166311	-170.222555	PASN
small_airport	Seldovia Airport	59.442981	-151.705227	PASO
small_airport	Sheep Mountain Airport	61.81200027	-147.5070038	PASP
small_airport	Summit Airport	63.331501	-149.126999	PAST
medium_airport	Sparrevohn LRRS Airport	61.09740067	-155.5740051	PASV
small_airport	Skwentna Airport	61.96530151	-151.1909943	PASW
medium_airport	Soldotna Airport	60.474935	-151.038471	PASX
medium_airport	Eareckson Air Station	52.71229935	174.1139984	PASY
small_airport	Ralph M Calhoun Memorial Airport	65.1744	-152.108994	PATA
small_airport	Tin City Long Range Radar Station Airport	65.563103	-167.921997	PATC
small_airport	Teller Airport	65.24040222	-166.3390045	PATE
small_airport	Togiak Airport	59.052799	-160.397003	PATG
medium_airport	Talkeetna Airport	62.32049942	-150.0939941	PATK
medium_airport	Tatalina LRRS Airport	62.89440155	-155.977005	PATL
medium_airport	Atqasuk Edward Burnell Sr Memorial Airport	70.46704	-157.436013	PATQ
small_airport	Umiat Airport	69.371101	-152.136002	PAUM
medium_airport	Unalakleet Airport	63.888401	-160.798996	PAUN
small_airport	Willow Airport	61.7542	-150.052002	PAUO
small_airport	Chevak Airport	61.5409	-165.6005	PAVA
small_airport	King Cove Airport	55.116299	-162.266006	PAVC
medium_airport	Valdez Pioneer Field	61.132712	-146.246567	PAVD
small_airport	Venetie Airport	67.008698	-146.365997	PAVE
small_airport	Kivalina Airport	67.734565	-164.559917	PAVL
small_airport	Beaver Airport	66.362198	-147.406998	PAWB
medium_airport	Seward Airport	60.130478	-149.418612	PAWD
medium_airport	Wrangell Airport	56.48429871	-132.3699951	PAWG
medium_airport	Wainwright Airport	70.638	-159.994995	PAWI
small_airport	White Mountain Airport	64.689201	-163.412994	PAWM
small_airport	Noatak Airport	67.561241	-162.980461	PAWN
medium_airport	Wasilla Airport	61.571701	-149.539993	PAWS
medium_airport	Yakutat Airport	59.508717	-139.660435	PAYA
medium_airport	Canton Island Airport	-2.76812005	-171.7100067	PCIS
small_airport	Akiak Airport	60.902646	-161.23106	PFAK
small_airport	Allakaket Airport	66.551804	-152.621994	PFAL
small_airport	Chenega Bay Airport	60.077602	-147.99468	PFCB
small_airport	Clarks Point Airport	58.833698	-158.529007	PFCL
small_airport	Elim Airport	64.6147	-162.272003	PFEL
small_airport	Kasigluk Airport	60.872747	-162.5247	PFKA
small_airport	Kokhanok Airport	59.433248	-154.80217	PFKK
small_airport	Kotlik Airport	63.030602	-163.533005	PFKO
small_airport	Brevig Mission Airport	65.331826	-166.467848	PFKT
small_airport	Koyukuk Airport	64.876099	-157.727005	PFKU
small_airport	Kwethluk Airport	60.790298	-161.444	PFKW
small_airport	Robert (Bob) Curtis Memorial Airport	66.817902	-161.018997	PFNO
small_airport	Shaktoolik Airport	64.371101	-161.223999	PFSH
small_airport	Tok Junction Airport	63.32949829	-142.9539948	PFTO
small_airport	South Naknek Number 2 Airport	58.702362	-157.005444	PFWS
medium_airport	Fort Yukon Airport	66.571651	-145.249987	PFYU
small_airport	Akwom Airstrip	-3.94	141.832778	AYAC
small_airport	Ali Airstrip	-7.925845	142.343456	AYAH
small_airport	Ambua Airstrip	-5.961487	143.060403	AYAJ
small_airport	Ambaluwa Airstrip	-5.720278	144.921111	AYAB
small_airport	Ande Airstrip	-7.020833	145.822222	AYAD
medium_airport	Rota International Airport	14.1743	145.242996	PGRO
medium_airport	Saipan International Airport	15.119	145.729004	PGSN
medium_airport	Andersen Air Force Base	13.584	144.929998	PGUA
large_airport	Antonio B. Won Pat International Airport	13.4834	144.796005	PGUM
medium_airport	Tinian International Airport	14.998101	145.61923	PGWT
medium_airport	Barking Sands Airport	22.0228	-159.785004	PHBK
small_airport	Kawaihapai Airfield	21.5795	-158.197006	PHDH
small_airport	Wheeler Army Airfield	21.481637	-158.037048	PHHI
medium_airport	Hana Airport	20.795601	-156.014008	PHHN
medium_airport	Hickam Air Force Base	21.335278	-157.948333	PHIK
medium_airport	Kapalua Airport	20.9629	-156.673004	PHJH
medium_airport	Kalaeloa Airport	21.3074	-158.070009	PHJR
medium_airport	Ellison Onizuka Kona International Airport at Keahole	19.738783	-156.045603	PHKO
medium_airport	Lihue Airport	21.976	-159.339005	PHLI
small_airport	Kalaupapa Airport	21.211	-156.973999	PHLU
medium_airport	Molokai Airport	21.152901	-157.095993	PHMK
medium_airport	Waimea Kohala Airport	20.001301	-155.667999	PHMU
medium_airport	Kaneohe Bay MCAS (Marion E. Carl Field) Airport	21.4505	-157.768005	PHNG
large_airport	Daniel K Inouye International Airport	21.32062	-157.924228	PHNL
medium_airport	Lanai Airport	20.785675	-156.951324	PHNY
large_airport	Kahului International Airport	20.896263	-156.431837	PHOG
small_airport	Port Allen Airport	21.8969	-159.602997	PHPA
small_airport	Bradshaw Army Airfield	19.760099	-155.554001	PHSF
medium_airport	Hilo International Airport	19.721399	-155.048004	PHTO
small_airport	Upolu Airport	20.265301	-155.860001	PHUP
small_airport	Eniwetok Airport	11.34070015	162.3280029	PKMA
medium_airport	Marshall Islands International Airport	7.06476	171.272003	PKMJ
medium_airport	Bucholz Army Air Field	8.72012043	167.7319946	PKWA
small_airport	Bydgoszcz Aeroklub Airfield	53.105214	17.960376	EPBD
medium_airport	Cassidy International Airport	1.986278	-157.350011	PLCH
medium_airport	Henderson Field	28.2017	-177.380997	PMDY
medium_airport	Point Lay LRRS Airport	69.732903	-163.005005	PPIZ
medium_airport	Chuuk International Airport	7.461870193	151.8430023	PTKK
medium_airport	Pohnpei International Airport	6.985099792	158.2089996	PTPN
medium_airport	Babelthuap Airport	7.36731	134.544236	PTRO
medium_airport	Kosrae International Airport	5.35698	162.957993	PTSA
medium_airport	Yap International Airport	9.49891	138.082993	PTYA
medium_airport	Wake Island Airfield	19.282437	166.636637	PWAK
medium_airport	Kinmen Airport	24.4279	118.359001	RCBS
small_airport	Qimei Airport	23.213127	119.417539	RCCM
medium_airport	Pingtung Air Force Base	22.6724	120.461998	RCDC
medium_airport	Matsu Nangan Airport	26.159656	119.958376	RCFG
medium_airport	Taitung Airport	22.75499916	121.1019974	RCFN
small_airport	Lüdao Airport	22.673901	121.466003	RCGI
large_airport	Kaohsiung International Airport	22.577101	120.349998	RCKH
medium_airport	Chiayi Airport	23.462577	120.390544	RCKU
medium_airport	Hengchun Airport	22.0411	120.730003	RCKW
small_airport	Dongsha Island (Pratas Island) Airport	20.7066	116.721001	RCLM
medium_airport	Lanyu Airport	22.02700043	121.5350037	RCLY
medium_airport	Taichung International Airport / Ching Chuang Kang Air Base	24.2647	120.621002	RCMQ
medium_airport	Matsu Beigan Airport	26.224199	120.002998	RCMT
medium_airport	Tainan International Airport / Tainan Air Base	22.950399	120.206001	RCNN
medium_airport	Hsinchu Air Base	24.81800079	120.939003	RCPO
medium_airport	Penghu Magong Airport	23.568701	119.627998	RCQC
medium_airport	Taipei Songshan Airport	25.069401	121.552002	RCSS
large_airport	Taiwan Taoyuan International Airport	25.0777	121.233002	RCTP
small_airport	Wang'an Airport	23.369108	119.503598	RCWA
medium_airport	Hualien Airport	24.0230999	121.6179962	RCYU
large_airport	Narita International Airport	35.764702	140.386002	RJAA
medium_airport	Shinshu-Matsumoto Airport	36.166801	137.923004	RJAF
medium_airport	Ibaraki Airport / JASDF Hyakuri Air Base	36.181099	140.414993	RJAH
small_airport	JMSDF Minami Torishima Air Base	24.2897	153.979004	RJAM
medium_airport	Ioto (Iwo Jima) Airbase	24.784153	141.32261	RJAW
large_airport	Kansai International Airport	34.427299	135.244003	RJBB
medium_airport	Nanki Shirahama Airport	33.66220093	135.3639984	RJBD
medium_airport	Kobe Airport	34.63280106	135.223999	RJBE
heliport	Hiroshima Heliport	34.371451	132.417666	RJBH
medium_airport	Konotori Tajima Airport	35.512798	134.787003	RJBT
medium_airport	Tokachi-Obihiro Airport	42.73329926	143.2169952	RJCB
large_airport	New Chitose Airport	42.7752	141.692001	RJCC
medium_airport	Hakodate Airport	41.77	140.822006	RJCH
medium_airport	Kushiro Airport	43.041	144.192993	RJCK
medium_airport	Memanbetsu Airport	43.88059998	144.1640015	RJCM
medium_airport	Nakashibetsu Airport	43.57749939	144.9600067	RJCN
medium_airport	Sapporo Okadama Airport	43.117447	141.38134	RJCO
small_airport	Rebun Airport	45.45500183	141.0390015	RJCR
medium_airport	Wakkanai Airport	45.40420151	141.8009949	RJCW
small_airport	Amakusa Airport	32.482498	130.158997	RJDA
medium_airport	Iki Airport	33.74900055	129.7850037	RJDB
medium_airport	Yamaguchi Ube Airport	33.93000031	131.279007	RJDC
medium_airport	Tsushima Airport	34.28490067	129.3309937	RJDT
small_airport	JMSDF Omura Air Base	32.928046	129.934168	RJDU
medium_airport	Monbetsu Airport	44.30390167	143.404007	RJEB
medium_airport	Asahikawa Airport	43.670799	142.447006	RJEC
medium_airport	Okushiri Airport	42.07170105	139.4329987	RJEO
medium_airport	Rishiri Airport	45.24200058	141.1860046	RJER
medium_airport	Yakushima Airport	30.385599	130.658997	RJFC
medium_airport	Fukue Airport	32.666302	128.832993	RJFE
large_airport	Fukuoka Airport	33.58589935	130.451004	RJFF
medium_airport	New Tanegashima Airport	30.60510063	130.9909973	RJFG
large_airport	Kagoshima Airport	31.8034	130.718994	RJFK
medium_airport	Miyazaki Airport	31.87719917	131.4490051	RJFM
medium_airport	Oita Airport	33.47940063	131.7369995	RJFO
medium_airport	Kitakyushu Airport	33.845901	131.035004	RJFR
medium_airport	Saga Airport	33.14970016	130.302002	RJFS
medium_airport	Kumamoto Airport	32.83729935	130.8549957	RJFT
medium_airport	Nagasaki Airport	32.916901	129.914001	RJFU
large_airport	Chubu Centrair International Airport	34.858398	136.804993	RJGG
medium_airport	Amami Airport	28.43059921	129.7129974	RJKA
medium_airport	Okinoerabu Airport	27.431604	128.705564	RJKB
medium_airport	Kikai Airport	28.32130051	129.9279938	RJKI
medium_airport	Tokunoshima Airport	27.836382	128.881356	RJKN
medium_airport	Nagoya Airport / JASDF Komaki Air Base	35.255759	136.924095	RJNA
medium_airport	Fukui Airport	36.142799	136.223999	RJNF
medium_airport	Komatsu Airport / JASDF Komatsu Air Base	36.3946	136.406998	RJNK
medium_airport	Oki Global Geopark Airport	36.178388	133.323566	RJNO
medium_airport	Mount Fuji Shizuoka Airport	34.796043	138.187752	RJNS
medium_airport	Toyama Airport	36.64830017	137.1880035	RJNT
medium_airport	Noto Satoyama Airport	37.293098	136.962006	RJNW
medium_airport	Hiroshima Airport	34.4361	132.919006	RJOA
medium_airport	Okayama Momotaro Airport	34.756901	133.854996	RJOB
medium_airport	Izumo Enmusubi Airport	35.413601	132.889999	RJOC
medium_airport	Yonago Kitaro Airport / JASDF Miho Air Base	35.492199	133.235992	RJOH
medium_airport	Iwakuni Kintaikyo Airport / Marine Corps Air Station Iwakuni	34.146333	132.247238	RJOI
medium_airport	Kochi Ryoma Airport	33.546101	133.669006	RJOK
medium_airport	Matsuyama Airport	33.82720184	132.6999969	RJOM
large_airport	Osaka International Airport	34.7855	135.438004	RJOO
medium_airport	Tottori Sand Dunes Conan Airport	35.530102	134.167007	RJOR
medium_airport	Tokushima Awaodori Airport / JMSDF Tokushima Air Base	34.132801	134.606995	RJOS
medium_airport	Takamatsu Airport	34.21419907	134.0160065	RJOT
medium_airport	Iwami Airport	34.67639923	131.7899933	RJOW
medium_airport	Aomori Airport	40.73469925	140.6909943	RJSA
medium_airport	Yamagata Airport	38.4119	140.371002	RJSC
medium_airport	Sado Airport	38.06019974	138.4140015	RJSD
medium_airport	Fukushima Airport	37.22740173	140.4309998	RJSF
medium_airport	JMSDF Hachinohe Air Base / Hachinohe Airport	40.551181	141.465428	RJSH
medium_airport	Iwate Hanamaki Airport	39.4286	141.134995	RJSI
medium_airport	Akita Airport	39.615601	140.218994	RJSK
medium_airport	Misawa Airport / Misawa Air Base	40.703201	141.367996	RJSM
medium_airport	Niigata Airport	37.95589828	139.1210022	RJSN
medium_airport	Odate Noshiro Airport	40.191898	140.371002	RJSR
large_airport	Sendai Airport	38.139702	140.917007	RJSS
medium_airport	Shonai Airport	38.812199	139.787003	RJSY
medium_airport	JMSDF Atsugi Air Base / Naval Air Facility Atsugi	35.454601	139.449997	RJTA
medium_airport	Hachijojima Airport	33.115002	139.785995	RJTH
medium_airport	Oshima Airport	34.7820015	139.3600006	RJTO
medium_airport	Miyakejima Airport	34.07360077	139.5599976	RJTQ
large_airport	Tokyo Haneda International Airport	35.552299	139.779999	RJTT
large_airport	Muan International Airport	34.991406	126.382814	RKJB
medium_airport	Gwangju Airport	35.123173	126.805444	RKJJ
medium_airport	Gunsan Airport / Gunsan Air Base	35.903801	126.615997	RKJK
small_airport	Jeonju (G 703) Air Base	35.878289	127.11894	RKJU
medium_airport	Yeosu Airport	34.84230042	127.6169968	RKJY
medium_airport	Gangneung Airport (K-18)	37.753601	128.943915	RKNN
medium_airport	Wonju Airport / Hoengseong Air Base (K-38/K-46)	37.437113	127.960051	RKNW
medium_airport	Yangyang International Airport	38.061298	128.669006	RKNY
large_airport	Jeju International Airport	33.512058	126.492548	RKPC
medium_airport	Jeongseok Airport	33.39960098	126.711998	RKPD
small_airport	Jinhae Air Base	35.140248	128.696229	RKPE
large_airport	Gimhae International Airport	35.179501	128.938004	RKPK
medium_airport	Sacheon Airport / Sacheon Air Base	35.088591	128.071747	RKPS
medium_airport	Ulsan Airport	35.59349823	129.352005	RKPU
large_airport	Incheon International Airport	37.469101	126.450996	RKSI
medium_airport	Osan Air Base	37.091457	127.029448	RKSO
large_airport	Gimpo International Airport	37.5583	126.791	RKSS
medium_airport	Suwon Airport	37.239399	127.007004	RKSW
medium_airport	Pohang Airport (G-815/K-3)	35.987955	129.420383	RKTH
medium_airport	Jungwon Air Base/Chungju Airport	37.03024	127.886353	RKTI
small_airport	Uljin Airport	36.777049	129.461861	RKTL
medium_airport	Daegu Airport	35.896872	128.65531	RKTN
small_airport	Seosan Air Base	36.703999	126.486	RKTP
medium_airport	Cheongju International Airport/Cheongju Air Base (K-59/G-513)	36.717008	127.498741	RKTU
medium_airport	Yecheon Airbase	36.630373	128.34971	RKTY
small_airport	Iaşi Sud	47.15778	27.6375	LRIS
large_airport	Naha Airport / JASDF Naha Air Base	26.195801	127.646004	ROAH
large_airport	Kadena Air Base	26.351667	127.769444	RODN
medium_airport	New Ishigaki Airport	24.396389	124.245	ROIG
medium_airport	Kumejima Airport	26.363445	126.71384	ROKJ
small_airport	Kerama Airport	26.168337	127.293423	ROKR
medium_airport	Minamidaito Airport	25.8465	131.263	ROMD
medium_airport	Miyako Airport	24.782801	125.294998	ROMY
small_airport	Aguni Airport	26.592755	127.240335	RORA
medium_airport	Iejima Airport	26.722537	127.786801	RORE
small_airport	Hateruma Airport	24.059751	123.80558	RORH
medium_airport	Kitadaito Airport	25.94470024	131.3269959	RORK
medium_airport	Shimojishima Airport	24.8267	125.144997	RORS
medium_airport	Tarama Airport	24.653793	124.675453	RORT
medium_airport	Yoron Airport	27.043847	128.401648	RORY
medium_airport	Yonaguni Airport	24.467298	122.979827	ROYN
small_airport	El Nido Airport	11.202399	119.416087	RPEN
medium_airport	Subic Bay International Airport / Naval Air Station Cubi Point	14.7944	120.271004	RPLB
medium_airport	Clark International Airport / Clark Air Base	15.186	120.559998	RPLC
small_airport	Balesin Island Airport	14.419365	122.039402	RPLE
medium_airport	Cagayan North International Airport	18.182388	121.745853	RPLH
medium_airport	Laoag International Airport	18.176121	120.531034	RPLI
medium_airport	Bicol International Airport	13.111915	123.676829	RPLK
large_airport	Ninoy Aquino International Airport	14.5086	121.019997	RPLL
small_airport	Cuyo Airport	10.8581	121.069	RPLO
medium_airport	Danilo Atienza Air Base	14.4954	120.903999	RPLS
medium_airport	Lubang Airport	13.8554	120.105003	RPLU
medium_airport	Allah Valley Airport	6.367903	124.752431	RPMA
medium_airport	Cotabato (Awang) Airport	7.164753	124.209938	RPMC
large_airport	Francisco Bangoy International Airport	7.12552	125.646004	RPMD
medium_airport	Bancasi Airport	8.9515	125.4788	RPME
medium_airport	Bislig Airport	8.195052	126.321015	RPMF
medium_airport	Dipolog Airport	8.601983	123.341875	RPMG
medium_airport	Camiguin Airport	9.253894	124.709115	RPMH
small_airport	Maria Cristina (Iligan) Airport	8.13049	124.214996	RPMI
medium_airport	Jolo Airport	6.05367	121.011002	RPMJ
small_airport	Malabang Airport	7.616911	124.057961	RPMM
medium_airport	Sanga Sanga Airport	5.048196	119.743338	RPMN
medium_airport	Labo Airport	8.17851	123.842003	RPMO
medium_airport	Pagadian Airport	7.825632	123.459635	RPMP
medium_airport	Mati National Airport	6.949091	126.27368	RPMQ
medium_airport	General Santos International Airport	6.058000088	125.0960007	RPMR
medium_airport	Surigao Airport	9.755838326	125.4809475	RPMS
small_airport	Cagayan de Sulu Airport	7.014	118.496002	RPMU
small_airport	Ipil Airport	7.784898	122.6015	RPMV
medium_airport	Tandag Airport	9.072002	126.17132	RPMW
medium_airport	Laguindingan International Airport	8.612203	124.456496	RPMY
medium_airport	Zamboanga International Airport	6.92242	122.059998	RPMZ
small_airport	Siargao Airport	9.8591	126.014	RPNS
small_airport	Cesar Lim Rodriguez (Taytay-Sandoval) Airport	11.05065	119.519266	RPSD
small_airport	San Vicente Airport	10.524298	119.272899	RPSV
medium_airport	Loakan Airport	16.375034	120.619949	RPUB
medium_airport	Daet Airport	14.1292	122.980003	RPUD
medium_airport	San Jose Airport	12.36149979	121.0469971	RPUH
medium_airport	Mamburao Airport	13.208048	120.605457	RPUM
medium_airport	Naga Airport	13.5848999	123.2699966	RPUN
medium_airport	Basco Airport	20.4513	121.980003	RPUO
medium_airport	Dr Juan C Angara Airport	15.729309	121.500034	RPUR
medium_airport	San Fernando Airport	16.5956	120.303001	RPUS
medium_airport	Tuguegarao Airport	17.64336768	121.7331505	RPUT
medium_airport	Virac Airport	13.5763998	124.2060013	RPUV
medium_airport	Marinduque Airport	13.36100006	121.8259964	RPUW
medium_airport	Cauayan Airport	16.92989922	121.7529984	RPUY
medium_airport	Daniel Z. Romualdez Airport	11.227761	125.027783	RPVA
medium_airport	Bacolod-Silay Airport	10.7764	123.014999	RPVB
medium_airport	Calbayog Airport	12.072574	124.54508	RPVC
medium_airport	Sibulan Airport	9.334183	123.30191	RPVD
medium_airport	Godofredo P. Ramos Airport	11.9245	121.954002	RPVE
medium_airport	Catarman National Airport	12.50161	124.635258	RPVF
medium_airport	Iloilo International Airport	10.833017	122.493358	RPVI
medium_airport	Moises R. Espinosa Airport	12.369682	123.630095	RPVJ
medium_airport	Kalibo International Airport	11.67940044	122.3759995	RPVK
large_airport	Mactan Cebu International Airport	10.309261	123.97974	RPVM
medium_airport	Ormoc Airport	11.057715	124.565622	RPVO
medium_airport	Puerto Princesa International Airport / PAF Antonio Bautista Air Base	9.74212	118.759003	RPVP
medium_airport	Roxas Airport	11.59770012	122.7519989	RPVR
medium_airport	Evelio Javier Airport	10.766644	121.932506	RPVS
medium_airport	Tugdan Airport	12.31099987	122.0849991	RPVU
medium_airport	Francisco B. Reyes (Busuanga) Airport	12.121865	120.100801	RPVV
medium_airport	King Salman Air Base	24.465259	46.659279	OERY
medium_airport	Comodoro Pierrestegui Airport	-31.2969	-57.9966	SAAC
medium_airport	Gualeguaychu Airport	-33.005567	-58.612833	SAAG
medium_airport	General Urquiza Airport	-31.7948	-60.4804	SAAP
medium_airport	Rosario Islas Malvinas International Airport	-32.9036	-60.785	SAAR
medium_airport	Sauce Viejo Airport	-31.7117	-60.8117	SAAV
large_airport	Jorge Newbery Airpark	-34.5592	-58.4156	SABE
small_airport	La Cumbre Airport	-31.0058	-64.531898	SACC
medium_airport	Ingeniero Ambrosio Taravella Airport	-31.323601	-64.208	SACO
medium_airport	La Plata Airport	-34.9722	-57.8947	SADL
medium_airport	El Palomar Airport	-34.6099	-58.6126	SADP
large_airport	Minister Pistarini International Airport	-34.8222	-58.5358	SAEZ
small_airport	Rafaela Airport	-31.2825	-61.5017	SAFR
small_airport	Sunchales Aeroclub Airport	-30.9575	-61.5283	SAFS
small_airport	Chos Malal Airport	-37.444698	-70.222504	SAHC
small_airport	Dr. Arturo H. Illia Airport	-39.000702	-67.620499	SAHR
medium_airport	Rincon De Los Sauces Airport	-37.390598	-68.904198	SAHS
medium_airport	Zapala Airport	-38.975498	-70.113602	SAHZ
medium_airport	El Plumerillo Airport	-32.83169937	-68.79290009	SAME
medium_airport	Comodoro D.R. Salomón Airport	-35.493599	-69.574303	SAMM
medium_airport	Suboficial Ay Santiago Germano Airport	-34.588299	-68.4039	SAMR
medium_airport	Coronel Felipe Varela International Airport	-28.593117	-65.7512	SANC
medium_airport	Vicecomodoro Angel D. La Paz Aragonés Airport	-27.76555634	-64.30999756	SANE
medium_airport	Capitan V A Almonacid Airport	-29.381599	-66.795799	SANL
medium_airport	Termas de Río Hondo international Airport	-27.4966	-64.93595	SANR
medium_airport	Teniente Benjamin Matienzo Airport	-26.8409	-65.104897	SANT
medium_airport	Domingo Faustino Sarmiento Airport	-31.571501	-68.418198	SANU
small_airport	Ceres Airport	-29.872292	-61.927925	SANW
medium_airport	Area De Material Airport	-33.085098	-64.261299	SAOC
medium_airport	Villa Dolores Airport	-31.9452	-65.146301	SAOD
medium_airport	Villa Reynolds Airport	-33.72990036	-65.38739777	SAOR
small_airport	Valle Del Conlara International Airport	-32.384701	-65.186501	SAOS
medium_airport	Brigadier Mayor D Cesar Raul Ojeda Airport	-33.273201	-66.3564	SAOU
medium_airport	Corrientes Airport	-27.4455	-58.7619	SARC
medium_airport	Resistencia International Airport	-27.45	-59.0561	SARE
medium_airport	Formosa National Airport	-26.2127	-58.2281	SARF
medium_airport	Cataratas Del Iguazú International Airport	-25.737301	-54.4734	SARI
medium_airport	Paso De Los Libres Airport	-29.6894	-57.1521	SARL
medium_airport	Monte Caseros Airport	-30.2719	-57.6402	SARM
medium_airport	Libertador Gral D Jose De San Martin Airport	-27.3858	-55.9707	SARP
small_airport	Termal Airport	-26.753611	-60.492222	SARS
medium_airport	Martin Miguel De Guemes International Airport	-24.8560009	-65.48619843	SASA
medium_airport	Gobernador Horacio Guzman International Airport	-24.392799	-65.097801	SASJ
medium_airport	Orán Airport	-23.1528	-64.329201	SASO
medium_airport	General Enrique Mosconi Airport	-22.616877	-63.793015	SAST
small_airport	Aeródromo de Clorinda	-25.3036	-57.7344	SATC
small_airport	El Dorado Airport	-26.397499	-54.574699	SATD
medium_airport	Goya Airport	-29.1058	-59.2189	SATG
small_airport	Bernardo de Irigoyen Airport	-26.281458	-53.672578	SATI
small_airport	Alferez Armando Rodriguez Airport	-24.721399	-60.548801	SATK
small_airport	Mercedes Airport	-29.221399	-58.087799	SATM
medium_airport	Reconquista Airport	-29.210278	-59.683333	SATR
medium_airport	Curuzu Cuatia Airport	-29.7706	-57.9789	SATU
medium_airport	El Bolsón Airfield	-41.943199	-71.532303	SAVB
medium_airport	General E. Mosconi Airport	-45.7853	-67.4655	SAVC
small_airport	El Maitén Airport	-42.029202	-71.172501	SAVD
medium_airport	Esquel Brigadier Antonio Parodi International Airport	-42.908001	-71.139503	SAVE
medium_airport	Las Heras Airport	-46.538517	-68.965323	SAVH
small_airport	Ingeniero Jacobacci - Captain H R Bordón Airport	-41.3209	-69.574898	SAVJ
small_airport	Lago Musters Airport	-45.5752	-69.077	SAVM
small_airport	Antoine de Saint Exupéry Airport	-40.7512	-65.0343	SAVN
small_airport	Maquinchao Airport	-41.24309921	-68.70780182	SAVQ
small_airport	D. Casimiro Szlapelis Airport	-45.013599	-70.812202	SAVR
small_airport	Sierra Grande Airport	-41.591702	-65.339401	SAVS
medium_airport	Almirante Marco Andres Zar Airport	-43.2105	-65.2703	SAVT
medium_airport	Gobernador Castello Airport	-40.8692	-63.0004	SAVV
medium_airport	El Tehuelche Airport	-42.7592	-65.1027	SAVY
medium_airport	Puerto Deseado Airport	-47.7353	-65.9041	SAWD
medium_airport	Gobernador Ramón Trejo Noel International Airport	-53.7777	-67.7494	SAWE
medium_airport	Piloto Civil N. Fernández Airport	-51.6089	-69.3126	SAWG
medium_airport	Ushuaia - Malvinas Argentinas International Airport	-54.8433	-68.2958	SAWH
medium_airport	Capitan D Daniel Vazquez Airport	-49.306816	-67.802596	SAWJ
small_airport	Rio Mayo Airport	-45.703899	-70.245598	SAWM
medium_airport	Perito Moreno Jalil Hamer Airport	-46.537899	-70.978699	SAWP
small_airport	Gobernador Gregores Airport	-48.7831	-70.150002	SAWR
small_airport	Jose De San Martin Airport	-44.04859924	-70.45890045	SAWS
small_airport	28 de Noviembre Airport	-51.605	-72.2203	SAWT
medium_airport	Santa Cruz Airport	-50.0165	-68.5792	SAWU
medium_airport	Comandante Espora Airport	-38.725	-62.1693	SAZB
small_airport	Brigadier D.H.E. Ruiz Airport	-37.446098	-61.889301	SAZC
small_airport	Olavarria Airport	-36.889999	-60.216599	SAZF
medium_airport	General Pico Airport	-35.696201	-63.758301	SAZG
medium_airport	Tres Arroyos Airport	-38.3869	-60.3297	SAZH
medium_airport	Santa Teresita Airport	-36.5423	-56.7218	SAZL
medium_airport	Ástor Piazzola International Airport	-37.9342	-57.5733	SAZM
medium_airport	Presidente Peron Airport	-38.949001	-68.155701	SAZN
medium_airport	Necochea Airport	-38.490746	-58.816337	SAZO
medium_airport	Comodoro Pedro Zanni Airport	-35.8446	-61.8576	SAZP
medium_airport	Santa Rosa Airport	-36.588299	-64.275703	SAZR
medium_airport	San Carlos de Bariloche Airport	-41.151199	-71.157501	SAZS
medium_airport	Héroes de Malvinas Airport	-37.234634	-59.228647	SAZT
medium_airport	Villa Gesell Airport	-37.2354	-57.0292	SAZV
medium_airport	Cutral-Co Airport	-38.939701	-69.264603	SAZW
medium_airport	Aviador C. Campos Airport	-40.075401	-71.137299	SAZY
small_airport	Viru Harbour Airstrip	-8.508457	157.689986	AGVH
medium_airport	Conceição do Araguaia Airport	-8.34835	-49.301498	SBAA
medium_airport	Aracati Dragão do Mar Regional Airport	-4.568896	-37.805135	SBAC
medium_airport	Bauru/Arealva–Moussa Nakhal Tobias State Airport	-22.160755	-49.070325	SBAE
medium_airport	Campo Délio Jardim de Mattos Airport	-22.875099	-43.384701	SBAF
medium_airport	Anápolis Airbase	-16.2292	-48.964298	SBAN
medium_airport	Araraquara Airport	-21.812	-48.132999	SBAQ
medium_airport	Aracaju - Santa Maria International Airport	-10.984	-37.070301	SBAR
medium_airport	Piloto Osvaldo Marques Dias Airport	-9.866389	-56.106298	SBAT
medium_airport	Araçatuba Airport	-21.141479	-50.424575	SBAU
medium_airport	Romeu Zema Airport	-19.5632	-46.9604	SBAX
large_airport	Val de Cans/Júlio Cezar Ribeiro International Airport	-1.379279	-48.476207	SBBE
medium_airport	Comandante Gustavo Kraemer Airport	-31.390499	-54.112202	SBBG
medium_airport	Pampulha - Carlos Drummond de Andrade Airport	-19.85074	-43.950316	SBBH
medium_airport	Bacacheri Airport	-25.4051	-49.231998	SBBI
small_airport	Estadual Arthur Siqueira Airport	-22.978822	-46.537131	SBBP
large_airport	Presidente Juscelino Kubitschek International Airport	-15.869167	-47.920834	SBBR
small_airport	Bauru Airport	-22.344999	-49.053799	SBBU
medium_airport	Atlas Brasil Cantanhede Airport	2.845855	-60.690944	SBBV
medium_airport	Barra do Garças Airport	-15.861417	-52.389008	SBBW
medium_airport	Coronel Adalberto Mendes da Silva Airport	-25.000323	-53.501208	SBCA
small_airport	Cabo Frio Airport	-22.921485	-42.071874	SBCB
small_airport	Doctor Carlos Alberto da Costa Neves Airport	-26.787423	-50.939942	SBCD
large_airport	Tancredo Neves International Airport	-19.63571	-43.966928	SBCF
medium_airport	Campo Grande Airport	-20.469998	-54.673988	SBCG
medium_airport	Serafin Enoss Bertaso Airport	-27.134199	-52.656601	SBCH
medium_airport	Brig. Lysias Augusto Rodrigues Airport	-7.32044	-47.458698	SBCI
medium_airport	Carajás Airport	-6.117841	-50.003372	SBCJ
small_airport	Nelson Ribeiro Guimarães Airport	-17.725096	-48.606324	SBCN
medium_airport	Bartolomeu Lisandro Airport	-21.698299	-41.301701	SBCP
medium_airport	Corumbá International Airport	-19.01193	-57.672772	SBCR
medium_airport	Afonso Pena Airport	-25.5285	-49.1758	SBCT
medium_airport	Hugo Cantergiani Regional Airport	-29.197183	-51.187647	SBCX
medium_airport	Marechal Rondon Airport	-15.6529	-56.116699	SBCY
medium_airport	Cruzeiro do Sul Airport	-7.59991	-72.769501	SBCZ
small_airport	Bonito Airport	-21.2473	-56.452399	SBDB
medium_airport	Presidente Prudente Airport	-22.1751	-51.424599	SBDN
large_airport	Eduardo Gomes International Airport	-3.03861	-60.049702	SBEG
medium_airport	Jacareacanga Airport	-6.23316	-57.776901	SBEK
medium_airport	Cataratas International Airport	-25.594167	-54.489444	SBFI
large_airport	Hercílio Luz International Airport	-27.670279	-48.552502	SBFL
medium_airport	Fernando de Noronha Airport	-3.854471	-32.423302	SBFN
large_airport	Pinto Martins International Airport	-3.775833	-38.532222	SBFZ
large_airport	Rio Galeão – Tom Jobim International Airport	-22.809999	-43.250557	SBGL
medium_airport	Guajará-Mirim Airport	-10.78641	-65.28486	SBGM
medium_airport	Santa Genoveva Airport	-16.632	-49.220699	SBGO
large_airport	Guarulhos - Governador André Franco Montoro International Airport	-23.431944	-46.467778	SBGR
medium_airport	Coronel Altino Machado Airport	-18.895882	-41.982869	SBGV
medium_airport	Edu Chaves Field	-22.791599	-45.2048	SBGW
medium_airport	Altamira Interstate Airport	-3.253144	-52.253938	SBHT
medium_airport	Itacoatiara Airport	-3.126539	-58.481668	SBIC
medium_airport	Itaituba Airport	-4.242131	-56.000651	SBIH
medium_airport	Bahia - Jorge Amado Airport	-14.815929	-39.033458	SBIL
medium_airport	Usiminas Airport	-19.470699	-42.487598	SBIP
small_airport	Francisco Vilela do Amaral Airport	-18.4447	-49.213402	SBIT
medium_airport	Prefeito Renato Moreira Airport	-5.53129	-47.459999	SBIZ
small_airport	Humberto Ghizzo Bortoluzzi Regional Airport	-28.6753	-49.0596	SBJA
medium_airport	Comandante Ariston Pessoa Airport	-2.906425	-40.357338	SBJE
medium_airport	Francisco de Assis Airport	-21.791482	-43.386072	SBJF
medium_airport	Presidente Castro Pinto International Airport	-7.148691	-34.950554	SBJP
small_airport	Jacarepaguá - Roberto Marinho Airport	-22.986773	-43.372194	SBJR
small_airport	Orlando Bezerra de Menezes Airport	-7.21932	-39.269096	SBJU
medium_airport	Lauro Carneiro de Loyola Airport	-26.224501	-48.797401	SBJV
medium_airport	Presidente João Suassuna Airport	-7.269662	-35.896057	SBKG
medium_airport	Viracopos International Airport	-23.007404	-47.134502	SBKP
small_airport	Coronel Horácio de Mattos Airport	-12.4823	-41.277	SBLE
medium_airport	Lages Airport	-27.782101	-50.281502	SBLJ
medium_airport	Governor José Richa Airport	-23.334375	-51.128365	SBLO
medium_airport	Bom Jesus da Lapa Airport	-13.2621	-43.4081	SBLP
medium_airport	João Correa da Rocha Airport	-5.36859	-49.138	SBMA
medium_airport	Monte Dourado - Serra do Areão Airport	-0.889839	-52.6022	SBMD
medium_airport	Macaé Benedito Lacerda Airport	-22.343	-41.765999	SBME
medium_airport	Regional de Maringá - Sílvio Name Júnior Airport	-23.47606	-52.016187	SBMG
medium_airport	Mário Ribeiro Airport	-16.706919	-43.818901	SBMK
medium_airport	Frank Miloye Milenkowichi–Marília State Airport	-22.196899	-49.926485	SBML
medium_airport	Ponta Pelada Airport / Manaus Air Base	-3.14604	-59.986301	SBMN
medium_airport	Zumbi dos Palmares Airport	-9.51081	-35.791698	SBMO
medium_airport	Macapá - Alberto Alcolumbre International Airport	0.050664	-51.072201	SBMQ
medium_airport	Dix-Sept Rosado Airport	-5.20192	-37.3643	SBMS
medium_airport	Manicoré Airport	-5.81138	-61.278301	SBMY
medium_airport	Ministro Victor Konder International Airport	-26.879431	-48.650979	SBNF
medium_airport	Santo Ângelo Airport	-28.282503	-54.169623	SBNM
medium_airport	Natal Air Force Base	-5.91142	-35.2477	SBNT
medium_airport	Oiapoque Airport	3.85412	-51.797056	SBOI
medium_airport	Salgado Filho International Airport	-29.994712	-51.166592	SBPA
medium_airport	Parnaíba - Prefeito Doutor João Silva Filho International Airport	-2.89375	-41.731998	SBPB
medium_airport	Poços de Caldas - Embaixador Walther Moreira Salles Airport	-21.842529	-46.569768	SBPC
medium_airport	Lauro Kurtz Airport	-28.243976	-52.32777	SBPF
medium_airport	Ponta Grossa Airport - Comandante Antonio Amilton Beraldo	-25.184476	-50.143822	SBPG
medium_airport	Brigadeiro Lysias Rodrigues Airport	-10.2915	-48.356998	SBPJ
medium_airport	João Simões Lopes Neto International Airport	-31.717253	-52.327952	SBPK
medium_airport	Senador Nilo Coelho Airport	-9.362422	-40.569098	SBPL
medium_airport	Ponta Porã Airport	-22.549601	-55.702599	SBPP
large_airport	Porto Seguro Airport	-16.438426	-39.080584	SBPS
medium_airport	Governador Jorge Teixeira de Oliveira Airport	-8.707854	-63.90242	SBPV
medium_airport	Rio Branco-Plácido de Castro International Airport	-9.869031	-67.893984	SBRB
medium_airport	Recife/Guararapes - Gilberto Freyre International Airport	-8.125984	-34.923316	SBRF
medium_airport	Santos Dumont Airport	-22.9105	-43.163101	SBRJ
medium_airport	Leite Lopes Airport	-21.134314	-47.774053	SBRP
medium_airport	Professor Urbano Ernesto Stumpf Airport	-23.2292	-45.8615	SBSJ
medium_airport	Marechal Cunha Machado International Airport	-2.58536	-44.2341	SBSL
medium_airport	Santa Maria Airport	-29.711399	-53.688202	SBSM
medium_airport	Santarém - Maestro Wilson Fonseca International Airport	-2.422423	-54.79306	SBSN
medium_airport	Congonhas Airport	-23.627657	-46.654601	SBSP
medium_airport	Prof. Eribelto Manoel Reino State Airport	-20.817113	-49.406963	SBSR
medium_airport	Santos Nero Moura Air Base / Guarujá Airport	-23.928192	-46.300195	SBST
large_airport	Deputado Luiz Eduardo Magalhães International Airport	-12.908611	-38.322498	SBSV
medium_airport	Trombetas Airport	-1.4896	-56.396801	SBTB
small_airport	Una-Comandatuba Airport	-15.354358	-38.998729	SBTC
small_airport	Toledo - Luiz Dalcanale Filho Municipal Airport	-24.6863	-53.697498	SBTD
medium_airport	Senador Petrônio Portela Airport	-5.06025	-42.823712	SBTE
medium_airport	Tefé Airport	-3.38294	-64.724098	SBTF
small_airport	Plínio Alarcom Airport	-20.752643	-51.682026	SBTG
medium_airport	Tarauacá Airport	-8.155534	-70.782985	SBTK
medium_airport	Tabatinga Airport	-4.25567	-69.935799	SBTT
medium_airport	Tucuruí Airport	-3.78601	-49.720299	SBTU
medium_airport	São Gabriel da Cachoeira Airport	-0.14835	-66.9855	SBUA
medium_airport	Paulo Afonso Airport	-9.40088	-38.250599	SBUF
medium_airport	Rubem Berta Airport	-29.7822	-57.0382	SBUG
medium_airport	Ten. Cel. Aviador César Bombonato Airport	-18.883579	-48.225936	SBUL
medium_airport	Mário de Almeida Franco Airport	-19.765036	-47.964805	SBUR
medium_airport	Major Brigadeiro Trompowsky Airport	-21.591375	-45.474116	SBVG
medium_airport	Brigadeiro Camarão Airport	-12.6944	-60.098301	SBVH
large_airport	Eurico de Aguiar Salles Airport	-20.258	-40.285	SBVT
medium_airport	Presidente Itamar Franco Airport	-21.513086	-43.173069	SBZM
small_airport	Pupelde Airport	-41.904251	-73.796571	SCAC
small_airport	San Rafael Airport	-32.814201	-70.646698	SCAN
small_airport	Alto Palena Airport	-43.611492	-71.805452	SCAP
medium_airport	Chacalluta Airport	-18.348499	-70.338699	SCAR
small_airport	Cabo Juan Román Airfield	-45.3992	-72.670303	SCAS
medium_airport	Desierto de Atacama Airport	-27.26119995	-70.77919769	SCAT
medium_airport	Balmaceda Airport	-45.915968	-71.689499	SCBA
medium_airport	Barriles Airport	-22.1411	-70.062897	SCBE
medium_airport	Chile Chico Airport	-46.5831	-71.686323	SCCC
medium_airport	El Loa Airport	-22.498199	-68.903603	SCCF
medium_airport	Gral. Bernardo O´Higgins Airport	-36.5825	-72.031403	SCCH
medium_airport	President Carlos Ibañez del Campo International Airport	-53.002602	-70.854599	SCCI
medium_airport	Teniente Vidal Airport	-45.5942	-72.106102	SCCY
medium_airport	Diego Aracena Airport	-20.5352	-70.181297	SCDA
large_airport	Comodoro Arturo Merino Benítez International Airport	-33.39300156	-70.78579712	SCEL
medium_airport	Ricardo García Posada Airport	-26.3111	-69.765198	SCES
medium_airport	Andrés Sabella Gálvez International Airport	-23.444501	-70.445099	SCFA
medium_airport	Captain Fuentes Martinez Airport	-53.2537	-70.319199	SCFM
small_airport	Frutillar Airport	-41.130833	-73.06472	SCFR
small_airport	Futaleufú Airport	-43.189201	-71.851097	SCFT
small_airport	Union Glacier Blue-Ice Runway	-79.777778	-83.320833	SCGC
small_airport	María Dolores Airport	-37.401699	-72.4254	SCGE
medium_airport	Guardia Marina Zañartu Airport	-54.931099	-67.626297	SCGZ
medium_airport	Cochrane Airport	-47.243591	-72.58815	SCHR
medium_airport	Carriel Sur Airport	-36.772701	-73.063103	SCIE
medium_airport	Mataveri Airport	-27.16480064	-109.4219971	SCIP
small_airport	Juan Kemp Airport	-40.889708	-72.371812	SCJK
medium_airport	Cañal Bajo Carlos Hott Siebert Airport	-40.611198	-73.060997	SCJO
small_airport	Coposa Airport	-20.7505	-68.683502	SCKP
medium_airport	Vallenar Airport	-28.596399	-70.755997	SCLL
small_airport	Villa Cerro Castillo Airport	-46.12999	-72.14587	SCNL
medium_airport	Lieutenant Julio Gallardo Airport	-51.67067	-72.529078	SCNT
small_airport	Pilauco Airport	-40.553653	-73.130057	SCOP
small_airport	El Tuqui Airport	-30.5592	-71.175598	SCOV
small_airport	Pucón Airport	-39.292801	-71.915901	SCPC
small_airport	Mocopulli Airport	-42.340388	-73.715693	SCPQ
small_airport	Peulla Airport	-41.057078	-72.013525	SCPU
small_airport	El Mirador Airport	-41.3494	-72.946701	SCPV
medium_airport	La Araucanía Airport	-38.9259	-72.6515	SCQP
medium_airport	Chañaral Airport	-26.3325	-70.6073	SCRA
small_airport	Rodelillo Airport	-33.0681	-71.557503	SCRD
small_airport	Teniente Rodolfo Marsh Martin Airport	-62.191026	-58.98669	SCRM
small_airport	Franco Bianco Airport	-52.736698	-69.333603	SCSB
medium_airport	La Florida Airport	-29.916201	-71.199501	SCSE
small_airport	Víctor Lafón Airport	-32.7458	-70.705002	SCSF
small_airport	San Sebastián Airport	-53.316205	-68.657301	SCSS
small_airport	Gamboa Airport	-42.490299	-73.772797	SCST
medium_airport	Maquehue Airport	-38.76679993	-72.63710022	SCTC
medium_airport	El Tepual Airport	-41.43889999	-73.09400177	SCTE
medium_airport	Panguilemo Airport	-35.3778	-71.6017	SCTL
medium_airport	Nuevo Chaitén Airport	-42.781943	-72.834999	SCTN
medium_airport	Victoria Airport	-38.245602	-72.348602	SCTO
medium_airport	Las Breas Airport	-25.564301	-70.3759	SCTT
medium_airport	Pichoy Airport	-39.65000153	-73.08609772	SCVD
medium_airport	Viña del Mar Airport	-32.9496	-71.4786	SCVM
small_airport	Shendi Airport	16.703775	33.446395	HSND
small_airport	Estadual de Campos dos Amarais - Prefeito Francisco Amaral Airport	-22.859866	-47.107573	SDAM
small_airport	Senadora Eunice Micheles Airport	-3.46907	-68.921056	SDCG
small_airport	Sorocaba Airport	-23.478001	-47.490002	SDCO
small_airport	Jales Airport	-20.292296	-50.545546	SDJL
small_airport	Jornalista Benedito Pimentel Airport	-22.966598	-49.912049	SDOU
small_airport	Ourilândia do Norte Airport	-6.762992	-51.04993	SDOW
small_airport	Resende Airport	-22.4785	-44.480301	SDRS
small_airport	Mário Pereira Lopes–São Carlos Airport	-21.875032	-47.903851	SDSC
small_airport	Ubatuba Gastão Madeira State Airport	-23.440628	-45.074057	SDUB
small_airport	Itaperuna Airport	-21.21929932	-41.87590027	SDUN
small_airport	Domingos Pignatari Airport	-20.458426	-50.003134	SDVG
medium_airport	Chachoán Regional Airport	-1.21207	-78.5746	SEAM
medium_airport	Francisco De Orellana Airport	-0.462886	-76.986801	SECO
medium_airport	Mariscal Lamar Airport	-2.88947	-78.984398	SECU
small_airport	Seymour Galapagos Ecological Airport	-0.453758	-90.2659	SEGS
large_airport	José Joaquín de Olmedo International Airport	-2.15742	-79.883598	SEGU
small_airport	General Villamil Airport	-0.942628	-90.953003	SEII
medium_airport	Jumandy Airport	-1.060185	-77.580525	SEJD
small_airport	Jipijapa Airport	-1	-80.66666412	SEJI
medium_airport	Jose Maria Velasco Ibarra Airport	-4.378230095	-79.94100189	SEMA
medium_airport	Coronel E Carvajal Airport	-2.299170017	-78.1207962	SEMC
medium_airport	Eloy Alfaro International Airport	-0.946078002	-80.67880249	SEMT
small_airport	Nueva Loja Airport	0.093056001	-76.86750031	SENL
small_airport	Putumayo Airport	0.115949	-75.85022	SEPT
medium_airport	Reales Tamarindos Airport	-1.04165	-80.472198	SEPV
large_airport	Mariscal Sucre International Airport	-0.125399	-78.354306	SEQM
medium_airport	Santa Rosa - Artillery Colonel Victor Larrea International Airport	-3.441986	-79.996957	SERO
medium_airport	General Ulpiano Paez Airport	-2.210057	-80.985067	SESA
small_airport	Sucúa Airport	-2.474201	-78.169041	SESC
small_airport	Rio Amazonas Airport	-1.50524	-78.062698	SESM
small_airport	San Cristóbal Airport	-0.910206	-89.617401	SEST
small_airport	Los Perales Airport	-0.608111	-80.402702	SESV
small_airport	Taisha Airport	-2.38167	-77.5028	SETH
small_airport	Tiputini Airport	-0.776111	-75.526398	SETI
medium_airport	Carlos Concha Torres International Airport	0.978519	-79.626602	SETN
medium_airport	Tarapoa Airport	-0.122956	-76.337799	SETR
medium_airport	Lieutenant Colonel Luis A. Mantilla International Airport	0.809506	-77.708099	SETU
medium_airport	Port Stanley Airport	-51.68569946	-57.77759933	SFAL
large_airport	Silvio Pettirossi International Airport	-25.240156	-57.519227	SGAS
medium_airport	Juan de Ayolas National Airport	-27.378379	-56.856791	SGAY
small_airport	Aeródromo de Bahía Negra	-20.2246	-58.179528	SGBN
medium_airport	Lieutenant Colonel Carmelo Peralta National Airport	-23.440334	-57.429206	SGCO
large_airport	Lieutenant Amin Ayub González International Airport	-27.227537	-55.837584	SGEN
large_airport	Guaraní International Airport	-25.457186	-54.839544	SGES
small_airport	Aeródromo de Filadelfia	-22.354611	-60.053211	SGFI
large_airport	Doctor Luis Maria Argaña International Airport	-22.046499	-60.6217	SGME
small_airport	Fuerte Olimpo Airport	-21.045724	-57.882935	SGOL
medium_airport	Aeródromo Don Carlos Miguel Gimenez	-26.881981	-58.319067	SGPI
medium_airport	Dr. Augusto Roberto Fuster Airport	-22.641427	-55.829993	SGPJ
heliport	Dr. Juan Noé Crevani, Arica Regional Hospital Helipad	-18.482836	-70.31314	SHJN
small_airport	Municipal Bom Futuro Airport	-13.037861	-55.95025	SILC
small_airport	Tenente Lund Pressoto Airport	-20.592199	-47.3829	SIMK
small_airport	Inácio Luís do Nascimento Airport	-11.2966	-57.5495	SIZX
small_airport	Novo Progresso Airport	-7.125833	-55.400833	SJNP
small_airport	Jorge Luiz Stocco Airport	-25.40068	-49.80028	SJOY
small_airport	Dobra Niva airfield	48.488716	19.101749	LZDN
small_airport	Dunajská Streda-Malé Blahovo Airfield	48.020261	17.612572	LZDU
small_airport	Araracuara Airport	-0.600854	-72.398011	SKAC
small_airport	Alcides Fernández Airport	8.497847	-77.274106	SKAD
small_airport	Hacaritama Airport	8.247	-73.5814	SKAG
small_airport	Amalfi Airport	6.895033	-75.047334	SKAM
medium_airport	Gomez Nino Apiay Air Base	4.07607	-73.5627	SKAP
medium_airport	El Eden Airport	4.45278	-75.7664	SKAR
medium_airport	Tres De Mayo Airport	0.505228	-76.5008	SKAS
small_airport	El Troncal Airport	7.02106	-71.388901	SKAT
medium_airport	Las Flores Airport	9.04554	-73.9749	SKBC
medium_airport	Palonegro Airport	7.1265	-73.1848	SKBG
small_airport	Barranco Minas Airport	3.490691	-69.808151	SKBM
large_airport	El Dorado International Airport	4.70159	-74.1469	SKBO
medium_airport	Ernesto Cortissoz International Airport	10.8896	-74.7808	SKBQ
medium_airport	José Celestino Mutis Airport	6.20292	-77.3947	SKBS
medium_airport	Gerardo Tobar López Airport	3.81963	-76.9898	SKBU
small_airport	Capurganá Airport	8.632169	-77.350262	SKCA
medium_airport	Camilo Daza International Airport	7.92757	-72.5115	SKCC
small_airport	Mandinga Airport	5.072007	-76.676373	SKCD
medium_airport	Rafael Nuñez International Airport	10.4424	-75.513	SKCG
small_airport	Carimagua Airport	4.56417	-71.3364	SKCI
medium_airport	Alfonso Bonilla Aragon International Airport	3.54322	-76.3816	SKCL
small_airport	Cimitarra Airport	6.367484	-73.970658	SKCM
small_airport	Cravo Norte Airport	6.316404	-70.21137	SKCN
medium_airport	La Florida Airport	1.81442	-78.7492	SKCO
small_airport	Cupica Airport	6.694817	-77.493643	SKCP
small_airport	Carurú Airport	1.013822	-71.297343	SKCR
medium_airport	Juan H White Airport	7.96847	-75.1985	SKCU
medium_airport	Coveñas Airport	9.40092	-75.6913	SKCV
medium_airport	Las Brujas Airport	9.33274	-75.2856	SKCZ
medium_airport	El Bagre Airport	7.59647	-74.8089	SKEB
small_airport	El Charco Airport	2.449444444	-78.09416667	SKEH
medium_airport	Yariguíes Airport	7.02433	-73.8068	SKEJ
medium_airport	Gustavo Artunduaga Paredes Airport	1.58919	-75.5644	SKFL
small_airport	La Gaviota Airport	4.550543	-70.925353	SKGA
medium_airport	Santiago Vila Airport	4.27624	-74.7967	SKGI
medium_airport	Santa Ana Airport	4.75818	-75.9557	SKGO
medium_airport	Juan Casiano Airport	2.57013	-77.897969	SKGP
small_airport	General Navas Pardo Airport	3.724293	-75.465785	SKHA
small_airport	Hato Corozal Airport	6.153311	-71.761969	SKHC
medium_airport	Perales Airport	4.42161	-75.1333	SKIB
small_airport	Jaime Ortiz Betancourt Airport	7.677606	-76.683165	SKIG
small_airport	La Primavera Airport	5.4776	-70.4212	SKIM
medium_airport	San Luis Airport	0.861946	-77.671783	SKIP
small_airport	Juradó Airport	7.07181	-77.727117	SKJU
medium_airport	Antonio Roldán Betancur Airport	7.81196	-76.7164	SKLC
small_airport	Caucaya Airport	-0.182278	-74.7708	SKLG
medium_airport	Jorge Isaac Airport	11.2325	-72.4901	SKLM
small_airport	La Pedrera Airport	-1.324882	-69.581294	SKLP
medium_airport	Alfredo Vásquez Cobo International Airport	-4.19355	-69.9432	SKLT
small_airport	Timbiqui Airport	2.778569	-77.668045	SKMB
medium_airport	Enrique Olaya Herrera Airport	6.219686	-75.590597	SKMD
small_airport	Miraflores Airport	1.35	-71.9444	SKMF
medium_airport	Baracoa Airport	9.28474	-74.8461	SKMG
small_airport	Montelibano Airport	7.97174	-75.4325	SKML
small_airport	San Bernardo Airport	9.258348	-74.438393	SKMP
medium_airport	Los Garzones Airport	8.82374	-75.8258	SKMR
medium_airport	Fabio Alberto Leon Bentley Airport	1.25366	-70.2339	SKMU
medium_airport	La Nubia Airport	5.0296	-75.4647	SKMZ
small_airport	La Macarena Airport	2.17565	-73.78674	SKNA
small_airport	Necocli Airport	8.454429	-76.779326	SKNC
small_airport	Reyes Murillo Airport	5.710348	-77.261868	SKNQ
medium_airport	Benito Salas Airport	2.95015	-75.294	SKNV
medium_airport	Aguas Claras Airport	8.31506	-73.3583	SKOC
small_airport	Orocue Airport	4.79222	-71.3564	SKOE
small_airport	Otu Airport	7.010532	-74.715398	SKOT
small_airport	Juan Jose Rondon Airport	5.76454	-73.1054	SKPA
medium_airport	German Olano Airport	6.18472	-67.4932	SKPC
medium_airport	Obando Cesar Gaviria Trujillo Airport	3.85353	-67.9062	SKPD
medium_airport	Matecaña International Airport	4.81267	-75.7395	SKPE
medium_airport	Pitalito Airport	1.85777	-76.0857	SKPI
small_airport	Plato Airport	9.8	-74.7833	SKPL
small_airport	Puerto Nare Airport	6.21002	-74.5906	SKPN
medium_airport	Guillermo León Valencia Airport	2.4544	-76.6093	SKPP
medium_airport	German Olano Air Base	5.48361	-74.6574	SKPQ
small_airport	Puerto Berrio Airport	6.46034	-74.4105	SKPR
medium_airport	Antonio Nariño Airport	1.39625	-77.2915	SKPS
medium_airport	El Embrujo Airport	13.357461	-81.357977	SKPV
medium_airport	Paz De Ariporo Airport	5.87615	-71.8866	SKPZ
medium_airport	Mariquita Airport	5.21256	-74.8836	SKQU
small_airport	Tarapacá Airport	-2.895802	-69.749762	SKRA
medium_airport	Jose Maria Córdova International Airport	6.16454	-75.4231	SKRG
medium_airport	Almirante Padilla Airport	11.5262	-72.926	SKRH
small_airport	Las Cruces Airport	7.38322	-73.505402	SKRU
small_airport	Los Colonizadores Airport	6.951868	-71.857179	SKSA
medium_airport	Jorge E. Gonzalez Torres Airport	2.57969	-72.6394	SKSJ
small_airport	Santa Rosalia Airport	5.1309	-70.8682	SKSL
medium_airport	Simón Bolívar International Airport	11.1196	-74.2306	SKSM
small_airport	Alberto Lleras Camargo Airport	5.67732	-72.9703	SKSO
medium_airport	Gustavo Rojas Pinilla International Airport	12.5836	-81.7112	SKSP
medium_airport	Eduardo Falla Solano Airport	2.15217	-74.7663	SKSV
small_airport	Tauramena Airport	5.01281	-72.7424	SKTA
small_airport	Tibú Airport	8.63152	-72.7304	SKTB
small_airport	Trinidad Airport	5.43278	-71.6625	SKTD
small_airport	Golfo de Morrosquillo Airport	9.50945	-75.5854	SKTL
medium_airport	Gustavo Vargas Airport	6.45108	-71.7603	SKTM
medium_airport	Captain Ernesto Esguerra Cubides Air Base	0.7459	-75.234	SKTQ
heliport	Gonzalo Mejía Airport	8.071878	-76.740124	SKTU
small_airport	Uribe Airport	3.2375	-74.347222	SKUB
medium_airport	Santiago Perez Airport	7.06888	-70.7369	SKUC
medium_airport	El Caraño Airport	5.69076	-76.6412	SKUI
medium_airport	Heriberto Gíl Martínez Airport	4.08836	-76.2351	SKUL
small_airport	Urrao Airport	6.32883	-76.1425	SKUR
small_airport	Villa Garzón Airport	0.978767	-76.6056	SKVG
small_airport	Velásquez Airport	5.93904	-74.457	SKVL
medium_airport	Alfonso López Pumarejo Airport	10.435	-73.2495	SKVP
medium_airport	Vanguardia Airport	4.16787	-73.6138	SKVV
small_airport	Yaguara Airport	1.54417	-73.9333	SKYA
medium_airport	El Alcaravan - Yopal Airport	5.31911	-72.384	SKYP
small_airport	Monteagudo Airport	-19.827	-63.960999	SLAG
small_airport	Apolo Airport	-14.7356	-68.411903	SLAP
small_airport	Ascención de Guarayos Airport	-15.933365	-63.155575	SLAS
medium_airport	Bermejo Airport	-22.77330017	-64.31289673	SLBJ
small_airport	Camiri Airport	-20.00656	-63.527827	SLCA
medium_airport	Jorge Wilsterman International Airport	-17.42110062	-66.17710114	SLCB
medium_airport	Capitán Aníbal Arab Airport	-11.04039955	-68.78299713	SLCO
small_airport	Concepción Airport	-16.142688	-62.026595	SLCP
medium_airport	El Trompillo Airport	-17.81159973	-63.17150116	SLET
small_airport	Capitán de Av. Emilio Beltrán Airport	-10.820306	-65.346494	SLGY
small_airport	Chimore Airport	-16.976834	-65.145568	SLHI
small_airport	Huacaraje Airport	-13.605556	-63.879444	SLHJ
small_airport	San José De Chiquitos Airport	-17.830799	-60.743099	SLJE
small_airport	San Joaquín Airport	-13.0528	-64.661697	SLJO
small_airport	San Javier Airport	-16.2708	-62.470299	SLJV
medium_airport	El Alto International Airport	-16.51329994	-68.19229889	SLLP
small_airport	Magdalena Airport	-13.26074838	-64.06076431	SLMG
medium_airport	Juan Mendoza Airport	-17.962601	-67.076202	SLOR
medium_airport	Capitan Nicolas Rojas Airport	-19.543331	-65.723734	SLPO
small_airport	Puerto Rico Airport	-11.107663	-67.551155	SLPR
medium_airport	Capitán Av. Salvador Ogaya G. airport	-18.975301	-57.820599	SLPS
small_airport	San Ramón Airport	-13.2639	-64.603897	SLRA
small_airport	Roboré Airport	-18.328224	-59.765339	SLRB
medium_airport	Capitán Av. Selin Zeitun Lopez Airport	-11.009355	-66.075468	SLRI
small_airport	Rurrenabaque Airport	-14.4279	-67.496803	SLRQ
small_airport	Reyes Airport	-14.3044	-67.353401	SLRY
medium_airport	Santa Ana Del Yacuma Airport	-13.76220036	-65.43520355	SLSA
small_airport	Capitán Av. German Quiroga G. Airport	-14.8592	-66.737503	SLSB
small_airport	Capitán Av. Juan Cochamanidis S. Airport	-16.38719	-60.962318	SLSI
small_airport	San Ignacio de Moxos Airport	-14.9658	-65.6338	SLSM
small_airport	Santa Rosa De Yacuma Airport	-14.0662	-66.786797	SLSR
medium_airport	Juana Azurduy De Padilla Airport	-19.007099	-65.288696	SLSU
small_airport	San Matías Airport	-16.339199	-58.401901	SLTI
medium_airport	Capitan Oriel Lea Plaza Airport	-21.5557	-64.701302	SLTJ
medium_airport	Teniente Av. Jorge Henrich Arauz Airport	-14.81869984	-64.91799927	SLTR
small_airport	Uyuni Joya Andina Airport	-20.441304	-66.857553	SLUY
small_airport	Capitán Av. Vidal Villagomez Toledo Airport	-18.4825	-64.099403	SLVG
medium_airport	Teniente Coronel Rafael Pabón Airport	-21.25519943	-63.4056015	SLVM
large_airport	Viru Viru International Airport	-17.6448	-63.135399	SLVR
medium_airport	Yacuiba Airport	-21.96089935	-63.65169907	SLYA
small_airport	Albina Airport	5.51272	-54.050098	SMBN
small_airport	Cayana Airstrip	3.898681	-55.577907	SMCA
small_airport	Totness Airport	5.86583	-56.327499	SMCO
small_airport	Drietabbetje Airport	4.111359	-54.672766	SMDA
small_airport	Ladouanie Airport	4.376108	-55.407057	SMDO
large_airport	Johan Adolf Pengel International Airport	5.45283	-55.187801	SMJP
small_airport	Moengo Airstrip	5.6076	-54.4003	SMMO
small_airport	Nieuw Nickerie - Major Henk Fernandes Airport	5.955435	-57.040617	SMNI
small_airport	Vincent Fayks Airport	3.346051	-55.443707	SMPA
small_airport	Stoelmanseiland Airport	4.351389	-54.418056	SMST
small_airport	Tepoe Airstrip	3.150000095	-55.71699905	SMTP
small_airport	Wageningen Airstrip	5.841252	-56.673247	SMWA
small_airport	Washabo Airport	5.215277	-57.185302	SMWS
small_airport	Zorg en Hoop Airport	5.811131	-55.1913	SMZO
small_airport	Fazenda Nossa Senhora das Graças Airport	-22.742494	-53.803235	SNAI
small_airport	Arapiraca Airport	-9.776589	-36.628983	SNAL
small_airport	Cirilo Queiróz Airport	-16.165579	-40.684024	SNAR
small_airport	Barra do Corda Airport	-5.5025	-45.215833	SNBC
small_airport	Fazenda Agropecuária Camargos Airstrip	-16.55293	-46.7692	SNBL
small_airport	Dom Ricardo Weberberger Airport	-12.0789	-45.008999	SNBR
small_airport	Balsas Airport	-7.525305	-46.053364	SNBS
heliport	Fazenda Alegria Heliport	-19.359449	-44.056764	SNBU
small_airport	Barra Airport	-11.0808	-43.147499	SNBX
medium_airport	Planalto Serrano Regional Airport	-27.634128	-50.358253	SNCP
small_airport	Redenção Airport	-8.03329	-49.9799	SNDC
heliport	Cemaden - CIGE Heliport	-12.94398	-38.425784	SNDN
small_airport	Diamantina Airport	-18.23200035	-43.65039825	SNDT
small_airport	Brigadeiro Cabral Airport	-20.1807003	-44.8708992	SNDV
small_airport	Sócrates Rezende Airport	-15.66699982	-38.95470047	SNED
small_airport	São Félix do Xingu Airport	-6.6413	-51.9523	SNFX
small_airport	Guarapari Airport	-20.6465	-40.491901	SNGA
small_airport	Guadalupe Airport	-6.782219887	-43.5821991	SNGD
small_airport	Guanambi Airport	-14.2082	-42.746101	SNGI
small_airport	Fazenda Epemaju Airstrip	-5.559945	-50.965282	SNGM
small_airport	Garanhuns Airport	-8.83428	-36.4716	SNGN
heliport	Comandante Endeel Gabriel Helipad	-2.484987	-44.251246	SNHA
small_airport	Santa Magalhães Airport	-8.061433	-38.328888	SNHS
small_airport	Irecê Airport	-11.33990002	-41.84700012	SNIC
small_airport	Ipiaú Airport	-14.173538	-39.68399	SNIU
small_airport	Jacobina Airport	-11.1632	-40.553101	SNJB
small_airport	Fazenda Jardim	-18.43107	-52.658446	SNJD
small_airport	Jequié Airport	-13.8777	-40.071602	SNJK
small_airport	Januária Airport	-15.4738	-44.385502	SNJN
small_airport	Prefeito Octávio de Almeida Neves Airport	-21.085638	-44.225299	SNJR
small_airport	Fazenda São Francisco Airstrip	-18.581944	-45.321389	SNKE
small_airport	Cachoeiro do Itapemirim - Raimundo de Andrade Airport	-20.834299	-41.1856	SNKI
small_airport	Fazenda Magdalena Airstrip	-9.203051	-65.708531	SNLB
small_airport	São Lourenço Airport	-22.0909	-45.044498	SNLO
small_airport	Monte Alegre Airport	-1.9958	-54.0742	SNMA
small_airport	Mucuri Airport	-18.048901	-39.864321	SNMU
small_airport	São Mateus - Ernesto Bonomo Airport	-18.7213	-39.833698	SNMX
small_airport	Porto de Moz Airport	-1.74145	-52.236099	SNMZ
small_airport	Nanuque Airport	-17.823158	-40.329662	SNNU
small_airport	Municipal José Figueiredo Airport	-20.73220062	-46.66180038	SNOS
small_airport	Feijó Airport	-8.141213	-70.340821	SNOU
small_airport	Oriximiná Airport	-1.71408	-55.836201	SNOX
small_airport	Picos Airport	-7.061385	-41.525871	SNPC
small_airport	Patos de Minas Airport	-18.672673	-46.491292	SNPD
small_airport	Pirapora Airport	-17.31690025	-44.86029816	SNPX
small_airport	Cangapara Airport	-6.84639	-43.077301	SNQG
small_airport	Prado Airport	-17.296976	-39.271131	SNRD
small_airport	Caruaru Airport	-8.28239	-36.0135	SNRU
small_airport	Soure Airport	-0.697844	-48.519759	SNSW
small_airport	9 de Maio - Teixeira de Freitas Airport	-17.524392	-39.668499	SNTF
small_airport	Óbidos Municipal Airport	-1.867981	-55.514596	SNTI
small_airport	Juscelino Kubitscheck Airport	-17.8923	-41.513599	SNTO
small_airport	Valença Airport	-13.2965	-38.992401	SNVB
small_airport	Breves Airport	-1.63653	-50.4436	SNVS
small_airport	Camocim - Pinto Martins Airport	-2.895596	-40.859299	SNWC
small_airport	Almeirim Airport	-1.479524	-52.578214	SNYA
small_airport	Pinheiro Airport	-2.477426	-45.105003	SNYE
small_airport	Pouso Alegre Airport	-22.2892	-45.919102	SNZA
small_airport	Ituberá Airport	-13.731571	-39.140377	SNZW
small_airport	Hafun Airstrip	10.445	51.2466	HCBA
small_airport	Hafun Old Base Airstrip	10.4154	51.3256	HCBG
large_airport	Cayenne – Félix Eboué Airport	4.819964	-52.361326	SOCA
small_airport	Grand-Santi Airport	4.285833	-54.373056	SOGS
small_airport	Maripasoula Airport	3.655907	-54.039431	SOOA
medium_airport	Saint-Georges-de-l'Oyapock Airport	3.8976	-51.8041	SOOG
small_airport	Saint-Laurent-du-Maroni Airport	5.48306	-54.034401	SOOM
small_airport	Régina Airport	4.31339	-52.132745	SOOR
small_airport	Saül Airport	3.61361	-53.204201	SOOS
small_airport	Alerta Airport	-11.65018	-69.229614	SPAR
medium_airport	Teniente General Gerardo Pérez Pinedo Airport	-10.7291	-73.766502	SPAY
small_airport	Moyobamba Airport	-6.018889	-76.988327	SPBB
small_airport	Bolognesi Airport	-10.029555	-73.943375	SPBL
medium_airport	Iberia Airport	-11.4116	-69.488701	SPBR
medium_airport	Cap FAP David Abenzur Rengifo International Airport	-8.377940178	-74.57430267	SPCL
small_airport	Trompeteros Airport	-3.80601	-75.039299	SPDR
medium_airport	FAP Lieutenant Jaime Andres de Montreuil Morales Airport	-9.14961	-78.523804	SPEO
small_airport	Chagual Airport	-7.797624	-77.651249	SPGL
small_airport	Tingo Maria Airport	-9.289667	-76.005058	SPGM
medium_airport	Air Force Captain Jose A Quinones Gonzales International Airport	-6.78748	-79.828102	SPHI
medium_airport	Air Force Colonel Alfredo Mendivil Duarte Airport	-13.1548	-74.204399	SPHO
small_airport	Andahuaylas Airport	-13.70639992	-73.35040283	SPHY
medium_airport	Comandante FAP German Arias Graziani Airport	-9.347439766	-77.5983963	SPHZ
small_airport	Quincemil Air Base	-13.231357	-70.75145	SPIL
large_airport	Jorge Chávez International Airport	-12.0219	-77.114305	SPJC
medium_airport	Juan Simons Vela Airport	-6.06786	-77.160004	SPJA
medium_airport	Shumba Airport	-5.59248	-78.774002	SPJE
medium_airport	Juanjui Airport	-7.1691	-76.7286	SPJI
medium_airport	Francisco Carle Airport	-11.78310013	-75.4733963	SPJJ
medium_airport	Inca Manco Capac International Airport	-15.46710014	-70.15820313	SPJL
small_airport	San Juan de Marcona Airport	-15.357508	-75.135005	SPJN
medium_airport	Mayor General FAP Armando Revoredo Iglesias Airport	-7.13918	-78.489403	SPJR
small_airport	San Nicolas Airport	-6.39231	-77.501198	SPLN
medium_airport	General Jorge Fernandez Maldon Airport	-17.695	-71.344002	SPLO
medium_airport	Captain Pedro Canga Rodríguez International Airport	-3.552074	-80.381086	SPME
small_airport	Mayor PNP Nancy Flores Paucar Airport	-11.3254	-74.535598	SPMF
medium_airport	Moises Benzaquen Rengifo Airport	-5.89377	-76.118202	SPMS
medium_airport	Alferez Fap David Figueroa Fernandini Airport	-9.878809929	-76.20480347	SPNC
small_airport	Saposoa Airport	-6.96003	-76.768402	SPOA
medium_airport	Chachapoyas Airport	-6.201911	-77.856195	SPPY
medium_airport	Coronel FAP Francisco Secada Vignetta International Airport	-3.78474	-73.3088	SPQT
medium_airport	Rodríguez Ballón International Airport	-16.34110069	-71.58309937	SPQU
medium_airport	Capitan FAP Carlos Martinez De Pinillos International Airport	-8.081410408	-79.1088028	SPRU
medium_airport	Captain Renán Elías Olivera International Airport	-13.7449	-76.220299	SPSO
medium_airport	Cadete FAP Guillermo Del Castillo Paredes Airport	-6.508739948	-76.37319946	SPST
small_airport	Shiringayoc Airport	-11.898	-69.0625	SPSY
medium_airport	Coronel FAP Carlos Ciriani Santa Rosa International Airport	-18.05330086	-70.27580261	SPTN
medium_airport	Padre Aldamiz International Airport	-12.61359978	-69.22859955	SPTU
medium_airport	Capitán FAP Guillermo Concha Iberico International Airport	-5.205749989	-80.61640167	SPUR
medium_airport	Captain Victor Montes Arias International Airport	-4.57664	-81.254097	SPYL
medium_airport	Maria Reiche Neuman Airport	-14.854	-74.961502	SPZA
large_airport	Alejandro Velasco Astete International Airport	-13.53569984	-71.938797	SPZO
small_airport	Captain João Busse Airport	-23.609099	-51.384301	SSAP
small_airport	Blumenau Airport	-26.831661	-49.093569	SSBL
small_airport	Olavo Cecco Rigon Airport	-27.180511	-52.051755	SSCK
small_airport	Cassilândia Airport	-19.146861	-51.676941	SSCL
small_airport	Canela Airport	-29.370091	-50.831729	SSCN
small_airport	Cornélio Procópio Airport	-23.152711	-50.602868	SSCP
small_airport	Engenheiro Gastão de Mesquita Filho Airport	-23.69157	-52.642091	SSCT
small_airport	São Pedro Airport	-16.753778	-39.316389	SSDO
small_airport	Erechim Airport	-27.663614	-52.271489	SSER
small_airport	Paulo Abdala Airport	-26.05938	-53.063827	SSFB
small_airport	Guaíra Airport	-24.0811	-54.1917	SSGY
small_airport	Walter Bündchen Airport	-27.6383	-54.3391	SSHZ
small_airport	João Batista Bos Filho Airport	-28.368711	-53.846568	SSIJ
small_airport	Itaqui Airport	-29.17309952	-56.5367012	SSIQ
small_airport	Santa Terezinha Airport	-27.171514	-51.553327	SSJA
small_airport	Campo Mourão Airport	-24.009199	-52.3568	SSKM
small_airport	Cacoal Airport	-11.496	-61.4508	SSKW
small_airport	Helmuth Baungarten Airport	-27.15999985	-49.54249954	SSLN
small_airport	Alegrete Novo Airport	-29.811595	-55.894707	SSLT
small_airport	São Miguel do Oeste Hélio Wasum Airport	-26.781601	-53.503502	SSOE
small_airport	Arapongas Airport	-23.352636	-51.491967	SSOG
small_airport	Aripuanã Airport	-10.187375	-59.457469	SSOU
small_airport	Fazenda São José do Pontal Airport	-20.651944	-53.598889	SSPB
small_airport	Paranaguá Airport	-25.5401	-48.5312	SSPG
small_airport	Paranavaí Airport	-23.089899	-52.488499	SSPI
small_airport	Porto Murtinho Airport	-21.7096	-57.880199	SSPM
small_airport	Paranaíba Airport	-19.65119934	-51.19940186	SSPN
small_airport	São Lourenço do Sul Airport	-31.38330078	-52.03279877	SSRU
small_airport	Santa Cruz do Sul Airport	-29.684099	-52.412201	SSSC
small_airport	Orlando de Carvalho Airport	-23.7987	-53.313801	SSUM
small_airport	José Cleto Airport	-26.233224	-51.066754	SSUV
small_airport	Videira Airport	-26.999701	-51.141899	SSVI
small_airport	Fazenda São Joaquim Airstrip	-18.263982	-39.86629	SSVP
small_airport	Sócrates Mariani Bittencourt Airport	-14.2554	-41.817501	SSXH
small_airport	Fazenda Tropical Airport	-14.87732	-49.195157	SSYA
small_airport	Luis Alberto Lehr Airport	-27.90658	-54.520628	SSZR
small_airport	Usina Coruripe - Filial Limeira do Oeste Airport	-19.520191	-50.654031	SSZW
small_airport	Artigas International Airport	-30.4007	-56.5079	SUAG
small_airport	Placeres Airport	-30.319807	-57.558823	SUBU
small_airport	Colonia Laguna de Los Patos International Airport	-34.456402	-57.770599	SUCA
medium_airport	Santa Bernardina International Airport	-33.358898	-56.499199	SUDU
medium_airport	Capitan Corbeta CA Curbelo International Airport	-34.855099	-55.094299	SULS
small_airport	Cerro Largo International Airport	-32.337898	-54.216702	SUMO
large_airport	Carrasco General Cesáreo L. Berisso International Airport	-34.835647	-56.026497	SUMU
medium_airport	Tydeo Larre Borges Airport	-32.3633	-58.061901	SUPU
small_airport	Presidente General Don Oscar D. Gestido International Airport	-30.9746	-55.4762	SURV
medium_airport	Nueva Hesperides International Airport	-31.438499	-57.985298	SUSO
small_airport	Tacuarembo Airport	-31.749001	-55.925801	SUTB
small_airport	Treinta y Tres Airport	-33.195714	-54.347246	SUTR
small_airport	Vichadero Airport	-31.739166	-54.587776	SUVO
medium_airport	Oswaldo Guevara Mujica Airport	9.553375	-69.237869	SVAC
medium_airport	Anaco Airport	9.430225	-64.470726	SVAN
small_airport	San Fernando de Atabapo Airport	4.051683	-67.701133	SVAT
small_airport	Araya Airport	10.597324	-64.272011	SVAA
large_airport	General José Antonio Anzoategui International Airport	10.111111	-64.692222	SVBC
medium_airport	Barinas Airport	8.615	-70.214167	SVBI
medium_airport	Barquisimeto International Airport	10.042747	-69.35862	SVBM
medium_airport	Escuela Mariscal Sucre Airport	10.249978	-67.649422	SVBS
medium_airport	General Tomas de Heres Airport	8.122161	-63.536957	SVCB
medium_airport	Caicara del Orinoco Airport	7.62551	-66.162804	SVCD
small_airport	Casigua El Cubo Airport	8.75814	-72.536301	SVCG
medium_airport	Calabozo Airport	8.924656	-67.417091	SVCL
medium_airport	Canaima Airport	6.231989	-62.85485	SVCN
medium_airport	General Francisco Bermúdez Airport	10.660014	-63.261681	SVCP
medium_airport	José Leonardo Chirinos Airport	11.414944	-69.680901	SVCR
medium_airport	Cumaná (Antonio José de Sucre) Airport	10.450333	-64.13047	SVCU
small_airport	Puerto Paez Airport	6.220095	-67.447508	SVPP
medium_airport	El Dorado Airport	6.71573	-61.638786	SVED
medium_airport	Elorza Airport	7.059677	-69.4967	SVEZ
medium_airport	Guasdualito Airport	7.210834	-70.756386	SVGD
medium_airport	Guiria Airport	10.57407761	-62.31266785	SVGI
medium_airport	Guanare Airport	9.026944	-69.75515	SVGU
small_airport	Higuerote Airport	10.462474	-66.092779	SVHG
small_airport	Icabarú Airport	4.33632	-61.739601	SVIC
small_airport	Andrés Miguel Salazar Marcano Airport	10.794432	-63.98159	SVIE
medium_airport	Josefa Camejo International Airport	11.780775	-70.151497	SVJC
small_airport	Kavanayen Airport	5.593056	-61.763333	SVKA
small_airport	Kamarata Airport	5.7171	-62.33727	SVKM
medium_airport	La Fria Airport	8.239167	-72.271027	SVLF
medium_airport	La Chinita International Airport	10.55820847	-71.7278595	SVMC
medium_airport	Alberto Carnevalli Airport	8.582078	-71.161041	SVMD
medium_airport	Del Caribe Santiago Mariño International Airport	10.91260338	-63.96659851	SVMG
large_airport	Maiquetía Simón Bolívar International Airport	10.601194	-66.991222	SVMI
small_airport	Mene Grande Airport	9.805958	-70.896256	SVMN
medium_airport	Metropolitano International Airport	10.133169	-66.787827	SVMP
medium_airport	José Tadeo Monagas International Airport	9.749023	-63.153348	SVMT
small_airport	Maripa Airport	7.45448	-65.17621	SVMA
heliport	El Nido del Halcon Heliport	10.424753	-66.783982	SVNH
small_airport	Oro Negro Airport	10.3307	-71.322502	SVON
medium_airport	Cacique Aramare Airport	5.61999	-67.606102	SVPA
medium_airport	General Bartolome Salom International Airport	10.4805	-68.072998	SVPC
small_airport	Pedernales Airport	9.978672	-62.231318	SVPE
medium_airport	Paramillo Airport	7.80132	-72.202904	SVPM
small_airport	Luepa Airport	5.791642	-61.440721	SVLP
medium_airport	General Manuel Carlos Piar International Airport	8.28853	-62.760399	SVPR
medium_airport	Palmarito Airport	7.575479	-70.174435	SVPT
small_airport	Los Roques Airport	11.946935	-66.668333	SVRS
medium_airport	San Antonio Del Tachira Airport	7.84083	-72.439697	SVSA
small_airport	Santa Bárbara de Barinas Airport	7.803514	-71.165718	SVSB
medium_airport	Santa Elena de Uairen Airport	4.554699	-61.145234	SVSE
medium_airport	Mayor Buenaventura Vivas International Airport	7.56538	-72.035103	SVSO
medium_airport	Sub Teniente Nestor Arias Airport	10.2787	-68.755203	SVSP
medium_airport	San Fernando de Apure Las Flecheras National Airport	7.88332	-67.444	SVSR
medium_airport	San Tomé Airport	8.945146561	-64.1510849	SVST
medium_airport	Miguel Urdaneta Fernández Airport	8.97455	-71.943253	SVSZ
medium_airport	Tucupita Airport	9.088994	-62.094173	SVTC
medium_airport	Tumeremo Airport	7.24938	-61.52893	SVTM
small_airport	Uriman Airport	5.358118	-62.671625	SVUM
small_airport	Upata Airport	7.979201	-62.32902	SVUP
small_airport	Uon Quen Airport	4.984002	-61.730102	SVUQ
small_airport	Uruyen Airport	5.680422	-62.457705	SVUY
medium_airport	Arturo Michelena International Airport	10.14973259	-67.92839813	SVVA
medium_airport	Juan Pablo Pérez Alfonso Airport	8.624139	-71.672668	SVVG
medium_airport	Dr. Antonio Nicolás Briceño Airport	9.340478	-70.584061	SVVL
medium_airport	Valle de La Pascua Airport	9.222027779	-65.99358368	SVVP
small_airport	El Recreo Airport	9.040833	-67.603	SVWX
small_airport	Barcelos Airport	-0.981191	-62.918603	SWBC
small_airport	Borba Airport	-4.40634	-59.602402	SWBR
small_airport	Carauari Airport	-4.871473	-66.897552	SWCA
small_airport	Costa Marques Airport	-12.4211	-64.251602	SWCQ
small_airport	Diamantino Airport	-14.37689972	-56.40039825	SWDM
small_airport	Dianópolis Airport	-11.59539986	-46.84669876	SWDN
small_airport	Estância das Cascatas Airport	-15.89669991	-52.09560013	SWEC
small_airport	Eirunepé Airport	-6.63953	-69.879799	SWEI
small_airport	Canarana Airport	-13.574444	-52.270557	SWEK
small_airport	São Félix do Araguaia Airport	-11.6324	-50.689602	SWFX
small_airport	Gurupi Airport	-11.7396	-49.132198	SWGI
medium_airport	Araguaína Airport	-7.22787	-48.240501	SWGN
small_airport	Frederico Carlos Müller Airport	-14.019959	-52.152003	SWHP
small_airport	Humaitá Airport	-7.532120228	-63.07210159	SWHT
small_airport	Ipiranga Airport	-2.940141	-69.694264	SWII
small_airport	Santa Izabel do Morro Airport	-11.57229996	-50.66619873	SWIY
small_airport	Fazenda Maringá Airport	-8.146582	-45.205931	SWJI
small_airport	Juína Airport	-11.419444	-58.701668	SWJN
small_airport	Fazenda Mundo Novo Airport	-11.543398	-49.493044	SWJU
small_airport	Jataí Airport	-17.82990074	-51.77299881	SWJW
small_airport	Cáceres Airport	-16.0436	-57.629902	SWKC
small_airport	Coari Airport	-4.13406	-63.132599	SWKO
small_airport	Catalão Airport	-18.216801	-47.8997	SWKT
small_airport	Lábrea Airport	-7.27897	-64.769501	SWLB
small_airport	General Leite de Castro Airport	-17.834723	-50.956112	SWLC
small_airport	Maués Airport	-3.37217	-57.7248	SWMW
small_airport	Novo Aripuanã Airport	-5.11803	-60.364899	SWNA
small_airport	Novo Campo Airport	-8.83456	-67.312401	SWNK
small_airport	Niquelândia Airport	-14.434869	-48.491615	SWNQ
small_airport	Anápolis Airport	-16.363575	-48.9288	SWNS
small_airport	Fonte Boa Airport	-2.53260994	-66.08319855	SWOB
small_airport	Parintins Airport	-2.673521	-56.777625	SWPI
small_airport	Pimenta Bueno Airport	-11.6416	-61.1791	SWPM
small_airport	Fazenda Piraguassu Airport	-10.85935	-51.688152	SWPQ
small_airport	Fazenda Bela Vista Airport	-10.056322	-56.991573	SWRA
small_airport	Chácara Rondoagro Airport	-11.731945	-62.709045	SWRD
small_airport	Pousada Amazônia Fishing Lodge Airstrip	-9.13939	-57.049462	SWSI
small_airport	Fazenda São Valentim Airport	-14.962222	-59.321389	SWSN
heliport	Bandeiras Centro Empresarial Heliport	-23.536615	-47.449475	SWST
small_airport	Tapuruquara Airport	-0.3786	-64.9923	SWTP
small_airport	Tangará da Serra Airport	-14.662	-57.443744	SWTS
small_airport	Fazenda Tucunaré Airport	-13.465528	-58.866935	SWTU
small_airport	São Miguel do Araguaia Airport	-13.33129978	-50.19760132	SWUA
heliport	ICPB Heliport	-27.143296	-48.532353	SWVB
small_airport	Vila Rica Airport	-9.979444	-51.142223	SWVC
small_airport	Orlando Villas Boas Regional Airport	-10.170368	-54.953964	SWXM
small_airport	Xavantina Airport	-14.697778	-52.347246	SWXV
small_airport	Aishalton Airport	2.47403	-59.320786	SYAH
small_airport	Annai Airport	3.95944	-59.124199	SYAN
small_airport	Baramita Airport	7.370120049	-60.48799896	SYBR
small_airport	Bartica A Airport	6.358864	-58.655207	SYBT
medium_airport	Cheddi Jagan International Airport	6.49855	-58.254101	SYCJ
small_airport	Imbaimadai Airport	5.70811	-60.294201	SYIB
medium_airport	Kaieteur International Airport	5.172754765	-59.49148178	SYKA
small_airport	Kamarang Airport	5.86534	-60.614201	SYKM
small_airport	Karanambo Airport	3.752572	-59.30902	SYKR
small_airport	Karasabai Airport	4.03333	-59.533298	SYKS
small_airport	Kato Airport	4.64916	-59.832199	SYKT
small_airport	Konawaruk Airport	5.2684	-58.995	SYKZ
small_airport	Lumid Pau Airport	2.393929958	-59.44100189	SYLP
medium_airport	Lethem Airport	3.37276	-59.789398	SYLT
small_airport	Mabaruma Airport	8.20017	-59.777965	SYMB
small_airport	Mahdia Airport	5.27749	-59.1511	SYMD
small_airport	Maikwak Airport	4.898172	-59.817027	SYMK
small_airport	Monkey Mountain Airport	4.45315	-59.599596	SYMM
small_airport	Matthews Ridge Airport	7.487736	-60.185237	SYMR
small_airport	Orinduik Airport	4.72527	-60.035	SYOR
small_airport	Paruima Airport	5.81724	-61.055489	SYPR
small_airport	Sand Creek Airport	2.9913	-59.51	SYSC
medium_airport	V C Bird International Airport	17.1367	-61.792702	TAPA
medium_airport	Codrington Airport	17.635799	-61.828602	TAPH
medium_airport	Grantley Adams International Airport	13.0746	-59.4925	TBPB
medium_airport	Canefield Airport	15.336693	-61.392108	TDCF
medium_airport	Douglas-Charles Airport	15.547	-61.299999	TDPD
small_airport	La Désirade Airport	16.296902	-61.0844	TFFA
small_airport	Basse-Terre Baillif Airport	16.013648	-61.742928	TFFB
small_airport	St-François Airport	16.257799	-61.262501	TFFC
large_airport	Martinique Aimé Césaire International Airport	14.591	-61.003201	TFFF
medium_airport	Grand Case-l'Espérance Airport	18.100057	-63.047444	TFFG
medium_airport	Saint Barthélemy - Gustaf III Airport	17.9044	-62.843601	TFFJ
medium_airport	Marie-Galante Airport	15.868925	-61.270087	TFFM
large_airport	Guadeloupe - Maryse Condé International Airport	16.265301	-61.531799	TFFR
small_airport	Terre-de-Haut Airport	15.86439991	-61.58060074	TFFS
medium_airport	Maurice Bishop International Airport	12.0042	-61.786201	TGPY
medium_airport	Cyril E. King Airport	18.337091	-64.977251	TIST
medium_airport	Henry E Rohlsen Airport	17.701413	-64.802608	TISX
medium_airport	Antonio Nery Juarbe Pol Airport	18.45085	-66.675768	TJAB
medium_airport	Rafael Hernández International Airport	18.4949	-67.129402	TJBQ
medium_airport	Benjamin Rivera Noriega Airport	18.312954	-65.303893	TJCP
medium_airport	Fernando Luis Ribas Dominicci Airport	18.45680046	-66.09809875	TJIG
medium_airport	Eugenio Maria De Hostos Airport	18.25569916	-67.14849854	TJMZ
medium_airport	Mercedita Airport	18.00830078	-66.56300354	TJPS
medium_airport	José Aponte de la Torre Airport	18.2453	-65.643402	TJRV
large_airport	Luis Munoz Marin International Airport	18.4394	-66.001801	TJSJ
medium_airport	Antonio Rivera Rodriguez Airport	18.1348	-65.493599	TJVQ
medium_airport	Robert L. Bradshaw International Airport	17.31119919	-62.71870041	TKPK
medium_airport	Vance W. Amory International Airport	17.20569992	-62.58990097	TKPN
medium_airport	George F. L. Charles Airport	14.0202	-60.992901	TLPC
large_airport	Hewanorra International Airport	13.7332	-60.952599	TLPL
large_airport	Queen Beatrix International Airport	12.5014	-70.015198	TNCA
large_airport	Flamingo International Airport	12.131	-68.268501	TNCB
large_airport	Hato International Airport	12.1889	-68.959801	TNCC
medium_airport	F. D. Roosevelt Airport	17.4965	-62.979401	TNCE
large_airport	Princess Juliana International Airport	18.041	-63.108898	TNCM
medium_airport	Juancho E. Yrausquin Airport	17.645351	-63.220571	TNCS
medium_airport	Clayton J Lloyd International Airport	18.204773	-63.05383	TQPF
medium_airport	John A. Osborne Airport	16.791401	-62.193298	TRPG
medium_airport	A.N.R. Robinson International Airport	11.1497	-60.832199	TTCP
medium_airport	Piarco International Airport	10.5954	-61.3372	TTPP
small_airport	Captain Auguste George Airport	18.727734	-64.32852	TUPA
medium_airport	Terrance B. Lettsome International Airport	18.445492	-64.541707	TUPJ
small_airport	Virgin Gorda Airport	18.446634	-64.427932	TUPW
medium_airport	Argyle International Airport	13.156695	-61.149945	TVSA
medium_airport	J F Mitchell Airport	12.9884	-61.262001	TVSB
medium_airport	Canouan Airport	12.699	-61.3424	TVSC
medium_airport	Mustique Airport	12.8879	-61.180199	TVSM
medium_airport	Union Island International Airport	12.600135	-61.411945	TVSU
medium_airport	L.F. Wade International Airport	32.363998	-64.678703	TXKF
small_airport	Yukharina Balka Airfield	44.549003	33.488613	UKFP
medium_airport	Batken Airport	40.042899	70.83784	UCFB
large_airport	Almaty International Airport	43.354267	77.042828	UAAA
medium_airport	Balkhash Airport	46.894246	75.004533	UAAH
small_airport	Usharal Airport	46.190767	80.830922	UAAL
small_airport	Boralday Airport	43.352052	76.883039	UAAR
large_airport	Nursultan Nazarbayev International Airport	51.027035	71.467094	UACC
medium_airport	Kokshetau Airport	53.329102	69.594597	UACK
medium_airport	Petropavl Airport	54.774702	69.183273	UACP
medium_airport	Taraz Airport	42.85359955	71.3035965	UADD
small_airport	Razzakov Airport	39.824737	69.56882	UCFR
small_airport	Karakol Airport	42.508099	78.407799	UCFK
medium_airport	Shymkent Airport	42.36420059	69.47889709	UAII
medium_airport	Hazrat Sultan International Airport	43.313126	68.549881	UAIT
medium_airport	Zhezkazgan National Airport	47.708953	67.738094	UAKD
medium_airport	Sary-Arka Airport	49.670799	73.334396	UAKK
medium_airport	Baikonur Krayniy Airport	45.621994	63.210773	UAOL
small_airport	Kyzylorda Airport	44.706902	65.592499	UAOO
medium_airport	Uralsk Airport	51.1507988	51.54309845	UARR
medium_airport	Ekibastuz Airport	51.5909996	75.21499634	UASB
medium_airport	Ust-Kamenogorsk Airport	50.036571	82.493477	UASK
medium_airport	Pavlodar Airport	52.19499969	77.07389832	UASP
medium_airport	Semey Airport	50.351295	80.234398	UASS
medium_airport	Aktau Airport	43.860093	51.09086	UATE
medium_airport	Atyrau International Airport	47.122559	51.819321	UATG
medium_airport	Aktobe Airport	50.2458	57.206699	UATT
small_airport	Arkalyk North Airport	50.3185997	66.95279694	UAUR
medium_airport	Kostanay West Airport	53.20690155	63.5503006	UAUU
large_airport	Heydar Aliyev International Airport	40.46749878	50.04669952	UBBB
small_airport	Fuzuli International Airport	39.594578	47.196128	UBBF
medium_airport	Ganja International Airport	40.737701	46.3176	UBBG
small_airport	Lankaran International Airport	38.757919	48.807042	UBBL
medium_airport	Nakhchivan Airport	39.18880081	45.45840073	UBBN
medium_airport	Gabala International Airport	40.808617	47.725389	UBBQ
medium_airport	Zaqatala International Airport	41.557823	46.669464	UBBY
small_airport	Yevlakh Airport	40.631901	47.141899	UBEE
medium_airport	Issyk-Kul International Airport	42.585584	76.701181	UCFL
medium_airport	Shirak International Airport	40.750401	43.859299	UDSG
large_airport	Zvartnots International Airport	40.14730072	44.39590073	UDYZ
small_airport	Batagay Airport	67.648003	134.695007	UEBB
small_airport	Sakkyryr Airport	67.792	130.394	UEBS
small_airport	Ust-Kuyga Airport	70.011002	135.645004	UEBT
small_airport	Talakan Airport	59.876389	111.044444	UECT
small_airport	Aldan Airport	58.60279846	125.4089966	UEEA
medium_airport	Yakutsk Airport	62.09329987	129.7709961	UEEE
medium_airport	Chulman Airport	56.91389847	124.9140015	UELL
medium_airport	Moma Airport	66.450861	143.261551	UEMA
small_airport	Typliy Klyuch Airport	62.78900146	136.8549957	UEMH
medium_airport	Magan Airport	62.103484	129.545288	UEMM
medium_airport	Olyokminsk Airport	60.401833	120.476094	UEMO
medium_airport	Ust-Nera Airport	64.550003	143.115005	UEMT
small_airport	Ust-Maya Airport	60.35699844	134.4349976	UEMU
small_airport	Verkhnevilyuisk Airport	63.4580574	120.269165	UENI
small_airport	Nyurba Airport	63.296703	118.341953	UENN
small_airport	Suntar Airport	62.18500137	117.6350021	UENS
medium_airport	Vilyuisk Airport	63.756668	121.693336	UENW
medium_airport	Lensk Airport	60.72060013	114.8259964	UERL
small_airport	Olenyok Airport	68.514999	112.480003	UERO
medium_airport	Polyarny Airport	66.400398	112.029999	UERP
medium_airport	Mirny Airport	62.53469849	114.0390015	UERR
medium_airport	Saskylakh Airport	71.927902	114.080002	UERS
medium_airport	Belaya Gora Airport	68.556227	146.22784	UESG
medium_airport	Srednekolymsk Airport	67.4805	153.7364	UESK
medium_airport	Chokurdakh Airport	70.6231	147.901993	UESO
medium_airport	Cherskiy Airport	68.74060059	161.3379974	UESS
medium_airport	Tiksi Airport	71.6977005	128.9029999	UEST
medium_airport	Zyryanka Airport	65.7485	150.8889	UESU
medium_airport	Zhigansk Airport	66.79650116	123.3610001	UEVV
medium_airport	David the Builder Kutaisi International Airport	42.176768	42.482393	UGKO
medium_airport	Batumi International Airport	41.610298	41.599701	UGSB
medium_airport	Sukhumi Babushara /  Vladislav Ardzinba International Airport	42.8582	41.128101	UGSS
large_airport	Tbilisi International Airport	41.669201	44.9547	UGTB
medium_airport	Ignatyevo Airport	50.42539978	127.4120026	UHBB
small_airport	Tynda Airport	55.284936	124.77901	UHBW
medium_airport	Khabarovsk Novy Airport	48.528338	135.188588	UHHH
medium_airport	Komsomolsk-on-Amur Airport	50.4090004	136.9340057	UHKK
medium_airport	Sovetskaya Gavan (Maygatka) Airport	48.925067	140.035348	UHKM
medium_airport	Ugolny Yuri Ryktheu Airport	64.734902	177.740997	UHMA
medium_airport	Provideniya Bay Airport	64.37809753	-173.2429962	UHMD
medium_airport	Keperveem Airport	67.845001	166.139999	UHMK
medium_airport	Sokol Airport	59.9109993	150.7200012	UHMM
small_airport	Markovo Airport	64.665446	170.417626	UHMO
medium_airport	Pevek Airport	69.783302	170.597	UHMP
medium_airport	Severo-Evensk Airport	61.921786	159.229059	UHMW
small_airport	Bogorodskoye Airport	52.381041	140.449378	UHNB
medium_airport	Nikolayevsk-na-Amure Airport	53.154999	140.649994	UHNN
medium_airport	Okhotsk Airport	59.410065	143.056503	UHOO
small_airport	Ust-Pakhachi Airport	60.556587	169.107707	UHPA
medium_airport	Yelizovo Airport	53.16764	158.451863	UHPP
small_airport	Burevestnik Airport	44.919998	147.621994	UHSB
small_airport	Okha Airport	53.516446	142.881426	UHSH
small_airport	Iturup Airport	45.256389	147.95549	UHSI
small_airport	Shakhtyorsk Airport	49.1903	142.082993	UHSK
small_airport	Yuzhno-Kurilsk Mendeleyevo Airport	43.961066	145.684977	UHSM
small_airport	Nogliki Airport	51.783955	143.141785	UHSN
small_airport	Zonalnoye Airport	50.6692009	142.7610016	UHSO
medium_airport	Yuzhno-Sakhalinsk Airport	46.885461	142.717466	UHSS
small_airport	Amgu Airport	45.84126	137.673568	UHTG
small_airport	Plastun Airport	44.814999	136.292007	UHWP
large_airport	Vladivostok International Airport	43.396256	132.148155	UHWW
medium_airport	Chita-Kadala International Airport	52.026299	113.306	UIAA
medium_airport	Bratsk Airport	56.37060165	101.697998	UIBB
small_airport	Ust-Ilimsk Airport	58.136101	102.565002	UIBS
medium_airport	Irkutsk International Airport	52.268002	104.389	UIII
small_airport	Bodaybo Airport	57.86610031	114.2429962	UIKB
small_airport	Yerbogachen Airport	61.27500153	108.0299988	UIKE
small_airport	Kirensk Airport	57.773	108.064	UIKK
medium_airport	Ust-Kut Airport	56.856701	105.730003	UITT
medium_airport	Baikal International Airport	51.808614	107.439652	UIUU
large_airport	Boryspil International Airport	50.345001	30.894699	UKBB
small_airport	Kramatorsk Airport	48.706799	37.630922	UKCK
medium_airport	Mariupol International Airport	47.0760994	37.44960022	UKCM
medium_airport	Berdyansk Airport	46.814999	36.758099	UKDB
medium_airport	Dnipro International Airport	48.357201	35.100601	UKDD
medium_airport	Zaporizhzhia International Airport	47.86700058	35.31570053	UKDE
medium_airport	Kryvyi Rih International Airport	48.04330063	33.20999908	UKDR
medium_airport	Sevastopol International Airport / Belbek Air Base	44.691822	33.57462	UKFB
medium_airport	Simferopol International Airport	45.0522	33.975101	UKFF
small_airport	Kerch Airport	45.372501	36.401402	UKFK
medium_airport	Kharkiv International Airport	49.926943	36.290814	UKHH
small_airport	Suprunovka Airport	49.5686	34.397202	UKHP
small_airport	Sumy Airport	50.858299	34.762501	UKHS
medium_airport	Cherkasy International Airport	49.4156	31.9953	UKKE
small_airport	Kirovograd Airport	48.542801	32.285	UKKG
medium_airport	Ihor Sikorsky Kyiv International Airport (Zhuliany)	50.40194	30.45194	UKKK
small_airport	Zhytomyr Airport	50.270556	28.738611	UKKV
small_airport	Lutsk Airport	50.678404	25.487165	UKLC
medium_airport	Khmelnytskyi Airport	49.359699	26.933399	UKLH
medium_airport	Ivano-Frankivsk International Airport	48.88420105	24.68610001	UKLI
large_airport	Lviv International Airport	49.8125	23.9561	UKLL
medium_airport	Chernivtsi International Airport	48.25930023	25.98080063	UKLN
medium_airport	Rivne International Airport	50.60710144	26.14159966	UKLR
small_airport	Ternopil International Airport	49.5242	25.7001	UKLT
medium_airport	Uzhhorod International Airport	48.6343	22.263399	UKLU
medium_airport	Kherson International Airport	46.6758	32.506401	UKOH
medium_airport	Mykolaiv International Airport	47.057899	31.9198	UKON
medium_airport	Odessa International Airport	46.4268	30.6765	UKOO
medium_airport	Vinnytsia/Gavyryshivka International Airport	49.242531	28.613778	UKWW
medium_airport	Talagi Airport	64.60030365	40.71670151	ULAA
small_airport	Leshukonskoye Airport	64.89600372	45.72299957	ULAL
medium_airport	Naryan Mar Airport	67.639999	53.121899	ULAM
medium_airport	Amderma Airport	69.76329803	61.5564003	ULDD
small_airport	Varandey Airport	68.848503	58.201401	ULDW
small_airport	Kharuta Airport	66.846122	59.539305	ULER
medium_airport	Kotlas Airport	61.2358017	46.69749832	ULKK
large_airport	Pulkovo Airport	59.800301	30.262501	ULLI
medium_airport	Murmansk Airport	68.78170013	32.75080109	ULMM
medium_airport	Pskov Airport	57.78390121	28.39559937	ULOO
medium_airport	Petrozavodsk Airport	61.8852005	34.15470123	ULPB
medium_airport	Cherepovets Airport	59.27360153	38.01580048	ULWC
medium_airport	Velikiy Ustyug Airport	60.7883	46.259998	ULWU
medium_airport	Vologda Airport	59.282501	39.944401	ULWW
medium_airport	Brest Airport	52.108299	23.8981	UMBB
medium_airport	Gomel Airport	52.52700043	31.01670074	UMGG
medium_airport	Vitebsk Vostochny Airport	55.12649918	30.34959984	UMII
medium_airport	Khrabrovo Airport	54.88999939	20.59259987	UMKK
medium_airport	Hrodna Airport	53.602001	24.053801	UMMG
large_airport	Minsk National Airport	53.888071	28.039964	UMMS
medium_airport	Mogilev Airport	53.95489883	30.0951004	UMOO
medium_airport	Abakan International Airport	53.740002	91.385002	UNAA
medium_airport	Barnaul Airport	53.36380005	83.53849792	UNBB
medium_airport	Gorno-Altaysk Airport	51.969204	85.836539	UNBG
medium_airport	Kemerovo Airport	55.27009964	86.10720062	UNEE
medium_airport	Yeniseysk Airport	58.474201	92.112503	UNII
medium_airport	Podkamennaya Tunguska Airport	61.589699	89.994003	UNIP
large_airport	Krasnoyarsk International Airport	56.173077	92.492437	UNKL
medium_airport	Achinsk Airport	56.269185	90.57511	UNKS
medium_airport	Kyzyl Airport	51.669399	94.400597	UNKY
large_airport	Novosibirsk Tolmachevo Airport	55.019756	82.618675	UNNT
medium_airport	Omsk Central Airport	54.96699905	73.3105011	UNOO
medium_airport	Strezhevoy Airport	60.7094	77.660004	UNSS
medium_airport	Bogashevo Airport	56.38029861	85.20829773	UNTT
medium_airport	Spichenkovo Airport	53.811401	86.877197	UNWW
medium_airport	Dikson Airport	73.517807	80.379669	UODD
medium_airport	Khatanga Airport	71.97810364	102.4909973	UOHH
medium_airport	Igarka Airport	67.437202	86.621902	UOII
medium_airport	Norilsk-Alykel Airport	69.31109619	87.3321991	UOOO
small_airport	Turukhansk Airport	65.797203	87.935303	UOTT
medium_airport	Anapa Vityazevo Airport	45.002102	37.347301	URKA
medium_airport	Gelendzhik Airport	44.58209263	38.01248074	URKG
medium_airport	Krasnodar Pashkovsky International Airport	45.034698	39.170502	URKK
medium_airport	Grozny Airport	43.388106	45.699772	URMG
medium_airport	Makhachkala Uytash International Airport	42.816799	47.652302	URML
medium_airport	Mineralnyye Vody Airport	44.22510147	43.08190155	URMM
medium_airport	Nalchik Airport	43.51290131	43.63660049	URMN
medium_airport	Vladikavkaz Beslan International Airport	43.205101	44.606602	URMO
medium_airport	Magas Airport	43.323268	45.012568	URMS
medium_airport	Stavropol Shpakovskoye Airport	45.10919952	42.1128006	URMT
large_airport	Platov International Airport	47.493888	39.924722	URRP
medium_airport	Taganrog Yuzhny Airport	47.1983333	38.8491667	URRT
large_airport	Sochi International Airport	43.449902	39.9566	URSS
medium_airport	Astrakhan Narimanovo Boris M. Kustodiev International Airport	46.282843	48.010511	URWA
medium_airport	Elista Airport	46.37390137	44.33089828	URWI
medium_airport	Volgograd International Airport	48.78250122	44.34550095	URWW
medium_airport	Chelyabinsk Balandino Airport	55.305801	61.5033	USCC
medium_airport	Magnitogorsk International Airport	53.39310074	58.75569916	USCM
medium_airport	Sabetta International Airport	71.219167	72.052222	USDA
medium_airport	Bovanenkovo Airport	70.315278	68.333611	USDB
medium_airport	Salekhard Airport	66.59079742	66.61100006	USDD
small_airport	Mys Kamenny Airport	68.467676	73.596733	USDK
small_airport	Krasnoselkup Airport	65.717	82.455	USDP
small_airport	Tarko-Sale Airport	64.930485	77.811295	USDS
small_airport	Urengoy Airport	65.95999908	78.43699646	USDU
medium_airport	Khanty Mansiysk Airport	61.0285	69.086098	USHH
small_airport	Igrim Airport	63.200391	64.440136	USHI
small_airport	Kondinskoye Airport	59.655083	67.430046	USHK
medium_airport	Nyagan Airport	62.110001	65.614998	USHN
medium_airport	Beloyarskiy Airport	63.686901	66.698601	USHQ
medium_airport	Sovetskiy Airport	61.32662201	63.60191345	USHS
medium_airport	Uray Airport	60.103298	64.826698	USHU
medium_airport	Izhevsk Airport	56.8280983	53.45750046	USII
medium_airport	Pobedilovo Airport	58.503883	49.347831	USKK
medium_airport	Nadym Airport	65.48090363	72.69889832	USMM
medium_airport	Novy Urengoy Airport	66.06939697	76.52030182	USMU
medium_airport	Nizhnevartovsk Airport	60.949299	76.483597	USNN
medium_airport	Perm International Airport	57.914501	56.021198	USPP
medium_airport	Kogalym International Airport	62.19039917	74.53379822	USRK
medium_airport	Nefteyugansk Airport	61.108299	72.650002	USRN
medium_airport	Noyabrsk Airport	63.18330002	75.26999664	USRO
medium_airport	Surgut Airport	61.34370041	73.40180206	USRR
large_airport	Koltsovo Airport	56.74309921	60.80270004	USSS
small_airport	Tobolsk Airport	58.135799	68.231903	USTO
medium_airport	Roshchino International Airport	57.16833	65.31611	USTR
medium_airport	Kurgan Airport	55.4753	65.415604	USUU
large_airport	Ashgabat International Airport	37.986801	58.361	UTAA
small_airport	Kerki Airport	37.822051	65.135279	UTAE
medium_airport	Turkmenbashi International Airport	40.063301	53.007198	UTAK
medium_airport	Mary International Airport	37.62353	61.895668	UTAM
medium_airport	Daşoguz Airport	41.759853	59.836149	UTAT
medium_airport	Türkmenabat International Airport	38.930662	63.563982	UTAV
medium_airport	Dushanbe International Airport	38.543746	68.822977	UTDD
medium_airport	Kulob Airport	37.98809814	69.80500031	UTDK
medium_airport	Khujand Airport	40.215401	69.694702	UTDL
medium_airport	Qurghonteppa International Airport	37.86640167	68.86470032	UTDT
small_airport	Namangan Airport	40.9846	71.556702	UTFN
small_airport	Muynak Airport	43.753636	59.029884	UTNM
medium_airport	Nukus Airport	42.4884	59.623299	UTNN
medium_airport	Urgench Airport	41.58430099	60.64170074	UTNU
medium_airport	Navoi Airport	40.117199	65.170799	UTSA
medium_airport	Bukhara International Airport	39.775002	64.483299	UTSB
small_airport	Karshi Airport	38.802246	65.773068	UTSK
small_airport	Sugraly Airport	41.613899	64.2332	UTSN
medium_airport	Samarkand Airport	39.70050049	66.9838028	UTSS
medium_airport	Termez Airport	37.287261	67.311869	UTST
large_airport	Tashkent International Airport	41.25790024	69.28119659	UTTT
medium_airport	Kostroma Sokerkino Airport	57.796902	41.019402	UUBA
medium_airport	Grabtsevo Airport	54.54999924	36.3666687	UUBC
medium_airport	Ivanovo South Airport	56.93939972	40.94079971	UUBI
medium_airport	Staroselye Airport	58.104198	38.929401	UUBK
medium_airport	Bryansk Airport	53.214199	34.176399	UUBP
small_airport	Smolensk South Airport	54.745	32.065	UUBS
large_airport	Zhukovsky International Airport	55.553299	38.150002	UUBW
large_airport	Domodedovo International Airport	55.408798	37.9063	UUDD
small_airport	Tunoshna Airport	57.560699	40.157398	UUDL
large_airport	Sheremetyevo International Airport	55.972599	37.4146	UUEE
medium_airport	Migalovo Air Base	56.8246994	35.75770187	UUEM
medium_airport	Ostafyevo International Airport	55.511667	37.507222	UUMO
medium_airport	Chkalovskiy Air Base	55.8783	38.061699	UUMU
medium_airport	Belgorod International Airport	50.64379883	36.59009933	UUOB
medium_airport	Kursk East Airport	51.75059891	36.29560089	UUOK
medium_airport	Lipetsk Airport	52.70280075	39.53779984	UUOL
medium_airport	Voronezh International Airport	51.81420135	39.229599	UUOO
medium_airport	Donskoye Airport	52.806099	41.4828	UUOT
large_airport	Vnukovo International Airport	55.591499	37.261501	UUWW
medium_airport	Ukhta Airport	63.566898	53.804699	UUYH
medium_airport	Inta Airport	66.053372	60.105786	UUYI
medium_airport	Pechora Airport	65.121101	57.130798	UUYP
medium_airport	Usinsk Airport	66.0047	57.367199	UUYS
medium_airport	Vorkuta Airport	67.488602	63.993099	UUYW
medium_airport	Ust-Tsylma Airport	65.437294	52.200336	UUYX
medium_airport	Syktyvkar Airport	61.64699936	50.8451004	UUYY
medium_airport	Nizhny Novgorod / Strigino International Airport	56.228254	43.785197	UWGG
medium_airport	Bugulma Airport	54.641184	52.800229	UWKB
large_airport	Kazan International Airport	55.606201	49.278702	UWKD
medium_airport	Begishevo Airport	55.564701	52.092499	UWKE
medium_airport	Yoshkar-Ola Airport	56.7006	47.904701	UWKJ
medium_airport	Cheboksary Airport	56.090302	47.347301	UWKS
medium_airport	Ulyanovsk Baratayevka Airport	54.268299	48.2267	UWLL
medium_airport	Ulyanovsk East Airport	54.401001	48.8027	UWLW
medium_airport	Orenburg Central Airport	51.79579926	55.45669937	UWOO
medium_airport	Orsk Airport	51.072498	58.5956	UWOR
medium_airport	Penza Airport	53.11059952	45.02109909	UWPP
medium_airport	Saransk Airport	54.1251297	45.21225739	UWPS
medium_airport	Balakovo Airport	51.858299	47.745602	UWSB
large_airport	Gagarin International Airport	51.712778	46.171111	UWSG
small_airport	Beloretsk Airport	53.938389	58.340113	UWUB
small_airport	Oktyabrskiy Airport	54.439999	53.388302	UWUK
large_airport	Ufa International Airport	54.55749893	55.87440109	UWUU
small_airport	Smyshlyayevka Airport	53.241318	50.374982	UWWS
large_airport	Kurumoch International Airport	53.504902	50.164299	UWWW
medium_airport	Sardar Vallabh Bhai Patel International Airport	23.0772	72.634697	VAAH
medium_airport	Akola Airport	20.698931	77.056883	VAAK
medium_airport	Aurangabad Airport	19.86269951	75.39810181	VAAU
large_airport	Chhatrapati Shivaji International Airport	19.08869934	72.86789703	VABB
medium_airport	Bhuj Airport	23.28779984	69.67019653	VABJ
medium_airport	Vadodara Airport	22.336201	73.226303	VABO
medium_airport	Raja Bhoj International Airport	23.28750038	77.33740234	VABP
medium_airport	Bhavnagar Airport	21.75219917	72.18520355	VABV
medium_airport	Daman Airport	20.434401	72.843201	VADN
small_airport	Guna Airport	24.654699	77.347298	VAGN
large_airport	Rajkot International Airport	22.378824	71.039391	VAHS
medium_airport	Devi Ahilyabai Holkar Airport	22.72179985	75.80110168	VAID
medium_airport	Jabalpur Airport	23.177799	80.052002	VAJB
small_airport	Jalgaon Airport	20.962678	75.627492	VAJL
medium_airport	Jamnagar Airport	22.46549988	70.01260376	VAJM
medium_airport	Kandla Airport	23.1127	70.100304	VAKE
medium_airport	Kolhapur Airport	16.6647	74.289398	VAKP
medium_airport	Keshod Airport	21.317101	70.270401	VAKS
medium_airport	Murod Kond Airport	18.411501	76.464699	VALT
medium_airport	Dr. Babasaheb Ambedkar International Airport	21.092199	79.047203	VANP
medium_airport	Nashik Airport	20.119101	73.912903	VAOZ
medium_airport	Pune Airport / Lohagaon Air Force Station	18.5821	73.919701	VAPO
medium_airport	Porbandar Airport	21.649524	69.656405	VAPR
medium_airport	Ratnagiri Airport	17.013599	73.327797	VARG
medium_airport	Rajkot Airport	22.30920029	70.77950287	VARK
medium_airport	Solapur Airport	17.62800026	75.93479919	VASL
medium_airport	Surat Airport	21.1141	72.741798	VASU
medium_airport	Maharana Pratap Airport	24.61770058	73.89610291	VAUD
large_airport	Bandaranaike International Colombo Airport	7.180759907	79.88410187	VCBI
medium_airport	Anuradhapura Airport	8.301542	80.42848	VCCA
medium_airport	Batticaloa Airport	7.70576	81.678802	VCCB
medium_airport	Colombo Ratmalana Airport	6.821990013	79.88619995	VCCC
medium_airport	Ampara Airport	7.336745	81.623869	VCCG
medium_airport	Hingurakgoda Air Force Base	8.04981	80.9814	VCCH
medium_airport	Jaffna International Airport	9.79233	80.070099	VCCJ
medium_airport	Koggala Airport	5.99368	80.32029724	VCCK
small_airport	Katukurunda Air Force Base	6.552120209	79.97750092	VCCN
small_airport	Sigiriya Air Force Base	7.95667	80.7285	VCCS
medium_airport	China Bay Airport	8.539159	81.18128	VCCT
small_airport	Weerawila Airport	6.25449	81.235199	VCCW
large_airport	Mattala Rajapaksa International Airport	6.284467	81.124128	VCRI
medium_airport	Battambang Airport	13.0956	103.223999	VDBG
medium_airport	Kampong Chhnang Airport	12.255032	104.564657	VDKH
small_airport	Koh Kong Airport	11.613397	102.997084	VDKK
small_airport	Mondulkiri Airport	12.463648	107.187252	VDMK
large_airport	Phnom Penh International Airport	11.5466	104.844002	VDPP
medium_airport	Ratanakiri Airport	13.72999954	106.9869995	VDRK
large_airport	Siem Reap-Angkor International Airport	13.369167	104.223056	VDSA
heliport	Stung Treng Airport	13.5319	106.014999	VDST
small_airport	Sihanoukville International Airport	10.569498	103.631001	VDSV
small_airport	Hato Santa Rita Airfield	7.57581	-67.01453	SVQS
heliport	BOD Tower Helipad	10.211518	-68.003907	SVOD
medium_airport	Along Airport	28.1753006	94.80200195	VEAN
medium_airport	Agartala - Maharaja Bir Bikram Airport	23.886999	91.240402	VEAT
medium_airport	Bagdogra Airport	26.68120003	88.32859802	VEBD
small_airport	Balurghat Airport	25.2617	88.795601	VEBG
medium_airport	Shillong Airport	25.70359993	91.97869873	VEBI
medium_airport	Lal Bahadur Shastri Airport	25.452129	82.861805	VEBN
medium_airport	Biju Patnaik Airport	20.24440002	85.81780243	VEBS
medium_airport	Bilaspur Airport	21.9884	82.111	VEBU
large_airport	Netaji Subhash Chandra Bose International Airport	22.654699	88.446701	VECC
small_airport	Cooch Behar Airport	26.3305	89.467201	VECO
medium_airport	Dhanbad Airport	23.834	86.425301	VEDB
medium_airport	Kazi Nazrul Islam Airport	23.6225	87.243	VEDG
medium_airport	Darbhanga Airport	26.192801	85.916901	VEDH
small_airport	Deoghar Airport	24.446842	86.704955	VEDO
small_airport	Daporijo Airport	27.98550034	94.22280121	VEDZ
medium_airport	Gorakhpur Airport	26.73970032	83.4496994	VEGK
medium_airport	Lokpriya Gopinath Bordoloi International Airport	26.10610008	91.58589935	VEGT
medium_airport	Gaya Airport	24.744301	84.951202	VEGY
medium_airport	Imphal Airport	24.76000023	93.896698	VEIM
small_airport	Jharsuguda Airport	21.9135	84.0504	VEJH
small_airport	Jeypore Airport	18.879999	82.552002	VEJP
medium_airport	Sonari Airport	22.813786	86.169739	VEJS
medium_airport	Jorhat Airport	26.73150063	94.17549896	VEJT
small_airport	Kamalpur Airport	24.134325	91.810769	VEKM
medium_airport	Kailashahar Airport	24.308657	92.00768	VEKR
medium_airport	Silchar Airport	24.91290092	92.97869873	VEKU
small_airport	Khowai Airport	24.061899	91.603897	VEKW
medium_airport	Lengpui Airport	23.840599	92.619698	VELP
medium_airport	Lilabari North Lakhimpur Airport	27.2955	94.097603	VELR
small_airport	Malda Airport	25.01018	88.126917	VEMH
medium_airport	Dibrugarh Airport	27.48390007	95.01689911	VEMN
medium_airport	Dimapur Airport	25.88389969	93.77110291	VEMR
medium_airport	Muzaffarpur Airport	26.119101	85.313698	VEMZ
small_airport	Pasighat Airport	28.064786	95.336952	VEPG
medium_airport	Jay Prakash Narayan Airport	25.591299	85.087997	VEPT
medium_airport	Birsa Munda Airport	23.31430054	85.32170105	VERC
medium_airport	Rourkela Airport	22.256571	84.815193	VERK
small_airport	Rupsi Airport	26.141867	89.907892	VERU
small_airport	Tezu Airport	27.94120026	96.13439941	VETJ
medium_airport	Tezpur Airport	26.70910072	92.78469849	VETZ
small_airport	Utkela Airport	20.097401	83.1838	VEUK
medium_airport	Ziro Airport	27.588301	93.828102	VEZO
medium_airport	Barisal Airport	22.8010006	90.30120087	VGBR
medium_airport	Cox's Bazar Airport	21.45219994	91.96389771	VGCB
small_airport	Comilla Airport	23.437201	91.189697	VGCM
medium_airport	Shah Amanat International Airport	22.249599	91.813301	VGEG
large_airport	Hazrat Shahjalal International Airport	23.843347	90.397783	VGHS
medium_airport	Ishurdi Airport	24.1525	89.0494	VGIS
medium_airport	Jessore Airport	23.1838	89.160797	VGJR
medium_airport	Shah Mokhdum Airport	24.43720055	88.61650085	VGRJ
medium_airport	Saidpur Airport	25.75919914	88.9088974	VGSD
small_airport	Thakurgaon Airport	26.016399	88.403603	VGSG
small_airport	Shamshernagar Airport	24.398333	91.916944	VGSH
medium_airport	Osmany International Airport	24.963832	91.864843	VGSY
large_airport	Hong Kong International Airport	22.308901	113.915001	VHHH
heliport	Shun Tak Heliport	22.288868	114.152369	VHST
medium_airport	Agra Airport / Agra Air Force Station	27.157683	77.960942	VIAG
medium_airport	Sri Guru Ram Dass Jee International Airport	31.7096	74.797302	VIAR
small_airport	Adampur Airport	31.4338	75.758797	VIAX
medium_airport	Nal Airport	28.070601	73.207199	VIBK
medium_airport	Kullu Manali Airport	31.876699	77.154404	VIBR
medium_airport	Bhatinda Air Force Station	30.2701	74.755798	VIBT
medium_airport	Bareilly Air Force Station	28.4221	79.450798	VIBY
medium_airport	Chandigarh International Airport	30.6735	76.788498	VICG
medium_airport	Dehradun Jolly Grant Airport	30.189243	78.176651	VIDN
large_airport	Indira Gandhi International Airport	28.55563	77.09519	VIDP
small_airport	Hindon Airport / Hindon Air Force Station	28.707701	77.358902	VIDX
medium_airport	Kangra Airport	32.164902	76.263018	VIGG
medium_airport	Gwalior Airport	26.29330063	78.22779846	VIGR
medium_airport	Hisar Airport	29.179399	75.755302	VIHR
medium_airport	Jodhpur Airport	26.25110054	73.04889679	VIJO
medium_airport	Jaipur International Airport	26.8242	75.812202	VIJP
medium_airport	Jaisalmer Airport	26.8887	70.864998	VIJR
medium_airport	Jammu Airport	32.688849	74.838152	VIJU
small_airport	Kanpur Civil Airport (Old)	26.440857	80.365029	VIKA
medium_airport	Kishangarh Airport Ajmer	26.591007	74.812956	VIKG
medium_airport	Kota Airport	25.16020012	75.84559631	VIKO
medium_airport	Ludhiana Airport	30.85470009	75.95259857	VILD
medium_airport	Leh Kushok Bakula Rimpochee Airport	34.135899	77.546501	VILH
medium_airport	Chaudhary Charan Singh International Airport	26.76059914	80.88929749	VILK
medium_airport	Pathankot Airport	32.233611	75.634444	VIPK
medium_airport	Pantnagar Airport	29.0334	79.473701	VIPT
small_airport	Shimla Airport	31.0818	77.068001	VISM
medium_airport	Sheikh ul Alam International Airport	33.987099	74.7742	VISR
small_airport	Attopeu Airport	14.793056	107.045278	VLAP
small_airport	Ban Huoeisay Airport	20.257299	100.436996	VLHS
medium_airport	Luang Phabang International Airport	19.89730072	102.1610031	VLLB
small_airport	Luang Namtha Airport	20.966999	101.400002	VLLN
small_airport	Oudomsay Airport	20.6826992	101.9940033	VLOS
medium_airport	Pakse International Airport	15.13210011	105.7809982	VLPS
small_airport	Sayaboury Airport	19.2436	101.7093	VLSB
medium_airport	Savannakhet Airport	16.55660057	104.7600021	VLSK
medium_airport	Sam Neua Airport	20.4184	104.067001	VLSN
small_airport	Salavan Airport	15.709026	106.410937	VLSV
small_airport	Thakhek Airport	17.377917	104.857378	VLTK
medium_airport	Wattay International Airport	17.98830032	102.5630035	VLVT
small_airport	Xieng Khouang Airport	19.450001	103.157997	VLXK
large_airport	Macau International Airport	22.149599	113.592003	VMMC
heliport	Nước Mặn (Marble Mountain) Air Facility	16.028581	108.252851	VVNM
small_airport	Bajhang Airport	29.539	81.185402	VNBG
small_airport	Bhojpur Airport	27.1474	87.050797	VNBJ
small_airport	Baglung Airport	28.212799	83.666298	VNBL
small_airport	Bharatpur Airport	27.678101	84.429398	VNBP
small_airport	Bajura Airport	29.502001	81.668999	VNBR
small_airport	Baitadi Airport	29.463421	80.548968	VNBT
medium_airport	Gautam Buddha International Airport	27.505328	83.412594	VNBW
small_airport	Bhadrapur Airport	26.57080078	88.07959747	VNCG
small_airport	Tulsipur Airport	28.111099	82.294197	VNDG
small_airport	Dhangarhi Airport	28.755283	80.583398	VNDH
small_airport	Darchula Airport	29.668571	80.548199	VNDL
small_airport	Dolpa Airport	28.985659	82.818703	VNDP
small_airport	Silgadi Doti Airport	29.262226	80.935968	VNDT
small_airport	Palungtar Airport	28.0385	84.4664	VNGK
small_airport	Jiri Airport	27.626313	86.230581	VNJI
small_airport	Jumla Airport	29.2742	82.193298	VNJL
medium_airport	Janakpur Airport	26.708799	85.922401	VNJP
small_airport	Jomsom Airport	28.780426	83.723	VNJS
large_airport	Tribhuvan International Airport	27.6966	85.3591	VNKT
small_airport	Lamidanda Airport	27.253099	86.669998	VNLD
small_airport	Lukla Airport	27.686768	86.729479	VNLK
small_airport	Langtang Airport	28.20000076	85.58300018	VNLT
small_airport	Manang Airport	28.641399	84.089203	VNMA
small_airport	Meghauli Airport	27.5774	84.22875	VNMG
small_airport	Mahendranagar Airport	28.9632	80.147903	VNMN
medium_airport	Nepalgunj Airport	28.1036	81.667	VNNG
medium_airport	Pokhara Airport	28.200621	83.981203	VNPK
small_airport	Phaplu Airport	27.517752	86.585019	VNPL
small_airport	Rajbiraj Airport	26.510066	86.733902	VNRB
small_airport	Ramechhap Airport	27.393999	86.061401	VNRC
small_airport	Rolpa Airport	28.267292	82.756496	VNRP
small_airport	Rumjatar Airport	27.303499	86.5504	VNRT
small_airport	Syangboche Airport	27.8112	86.7124	VNSB
small_airport	Simara Airport	27.159803	84.980021	VNSI
small_airport	Surkhet Airport	28.586	81.636002	VNSK
small_airport	Sanfebagar Airport	29.236629	81.215317	VNSR
small_airport	Simikot Airport	29.9711	81.818901	VNST
medium_airport	Taplejung Airport	27.3509	87.69525	VNTJ
small_airport	Tikapur Airport	28.5219	81.123	VNTP
small_airport	Tumling Tar Airport	27.315001	87.193298	VNTR
medium_airport	Biratnagar Airport	26.48150063	87.26399994	VNVT
medium_airport	Agatti Airport	10.8237	72.176003	VOAT
medium_airport	Bellary Airport	15.16279984	76.88279724	VOBI
large_airport	Kempegowda International Airport	13.1979	77.706299	VOBL
medium_airport	Vijayawada Airport	16.530399	80.796799	VOBZ
medium_airport	Coimbatore International Airport	11.02999973	77.04340363	VOCB
large_airport	Cochin International Airport	10.151047	76.400838	VOCI
medium_airport	Calicut International Airport	11.1368	75.955299	VOCL
medium_airport	Kadapa Airport	14.513154	78.769183	VOCP
medium_airport	Car Nicobar Air Force Base	9.153056	92.819273	VOCX
large_airport	Manohar International Airport	15.744257	73.860625	VOGA
small_airport	Kalaburagi Airport	17.308154	76.965246	VOGB
large_airport	Dabolim Airport	15.3808	73.831398	VOGO
large_airport	Rajiv Gandhi International Airport	17.231318	78.429855	VOHS
medium_airport	Begumpet Airport	17.4531	78.467598	VOHY
small_airport	Jindal Vijaynagar Airport	15.175921	76.63303	VOJV
medium_airport	Kannur International Airport	11.918614	75.547211	VOKN
medium_airport	Kurnool Airport	15.716288	78.16923	VOKU
medium_airport	Madurai Airport	9.83450985	78.09339905	VOMD
medium_airport	Mangalore International Airport	12.9612999	74.89009857	VOML
large_airport	Chennai International Airport	12.990005	80.169296	VOMM
small_airport	Mysore Airport	12.23	76.655833	VOMY
small_airport	Neyveli Airport	11.612956	79.527382	VONV
medium_airport	Veer Savarkar International Airport / INS Utkrosh	11.641208	92.729643	VOPB
medium_airport	Pondicherry Airport	11.968	79.812	VOPC
medium_airport	Sri Sathya Sai Airport	14.14929962	77.79109955	VOPN
small_airport	Basanth Nagar Airport	18.701	79.3923	VORG
medium_airport	Rajahmundry Airport	17.105799	81.813204	VORY
medium_airport	Salem Airport	11.7833004	78.06559753	VOSM
small_airport	Thanjavur Air Force Station	10.723835	79.109457	VOTJ
small_airport	Tuticorin Airport	8.724241	78.025803	VOTK
small_airport	Tirupati Airport	13.63249969	79.54329681	VOTP
medium_airport	Tiruchirappalli International Airport	10.766223	78.71774	VOTR
large_airport	Thiruvananthapuram International Airport	8.48212	76.920097	VOTV
small_airport	Warangal Airport	17.9144	79.602203	VOWA
small_airport	Bathpalathang Airport	27.5622	90.7471	VQBT
medium_airport	Gelephu Airport	26.88456	90.46412	VQGP
medium_airport	Paro International Airport	27.4032	89.424599	VQPR
small_airport	Yongphulla Airport	27.25627	91.514633	VQTY
small_airport	Ifuru Airport	5.7083	73.025	VREI
small_airport	Dharavandhoo Airport	5.1561	73.1302	VRMD
medium_airport	Gan International Airport	-0.692694	73.151557	VRMG
medium_airport	Hanimaadhoo Airport	6.744229794	73.17050171	VRMH
medium_airport	Kadhdhoo Airport	1.85916996	73.52189636	VRMK
large_airport	Malé International Airport	4.191830158	73.52909851	VRMM
small_airport	Kooddoo Airport	0.7324	73.4336	VRMO
medium_airport	Kaadedhdhoo Airport	0.488131	72.996902	VRMT
small_airport	Dhaalu Atoll Airport	2.666075	72.887118	VRMU
medium_airport	Villa International Airport Maamigili	3.470556	72.835833	VRMV
small_airport	Thimarafushi Airport	2.211	73.1533	VRNT
large_airport	Don Mueang International Airport	13.91259956	100.6070023	VTBD
medium_airport	Kamphaeng Saen Airport	14.10200024	99.91719818	VTBK
medium_airport	Khok Kathiam Airport	14.8746	100.663002	VTBL
medium_airport	Trat Airport	12.2746	102.319	VTBO
large_airport	Suvarnabhumi Airport	13.68109989	100.7470016	VTBS
medium_airport	U-Tapao International Airport	12.67990017	101.0049973	VTBU
large_airport	Chiang Mai International Airport	18.76679993	98.96260071	VTCC
medium_airport	Mae Hong Son Airport	19.3013	97.9758	VTCH
medium_airport	Lampang Airport	18.27090073	99.5042038	VTCL
medium_airport	Nan Airport	18.80789948	100.7829971	VTCN
medium_airport	Phrae Airport	18.1322	100.165001	VTCP
medium_airport	Mae Fah Luang - Chiang Rai International Airport	19.952299	99.882896	VTCT
medium_airport	Phetchabun Airport	16.6760006	101.1949997	VTPB
medium_airport	Hua Hin Airport	12.63619995	99.95149994	VTPH
medium_airport	Takhli Airport	15.27729988	100.2959976	VTPI
medium_airport	Mae Sot Airport	16.69989967	98.54509735	VTPM
medium_airport	Sukhothai Airport	17.23800087	99.81819916	VTPO
medium_airport	Phitsanulok Airport	16.7829	100.278999	VTPP
medium_airport	Tak Airport	16.896	99.253304	VTPT
small_airport	Uttaradit Airport	17.61700058	100.0999985	VTPU
medium_airport	Surat Thani Airport	9.132599831	99.13559723	VTSB
medium_airport	Narathiwat Airport	6.519919872	101.7429962	VTSC
medium_airport	Chumphon Airport	10.7112	99.361702	VTSE
medium_airport	Nakhon Si Thammarat Airport	8.539620399	99.94470215	VTSF
medium_airport	Krabi Airport	8.09912014	98.98619843	VTSG
medium_airport	Songkhla Airport	7.186560154	100.6080017	VTSH
medium_airport	Pattani Airport	6.78546	101.153999	VTSK
medium_airport	Samui Airport	9.54779	100.061996	VTSM
large_airport	Phuket International Airport	8.1132	98.316902	VTSP
medium_airport	Ranong Airport	9.77762	98.585503	VTSR
medium_airport	Hat Yai International Airport	6.933209896	100.3929977	VTSS
medium_airport	Trang Airport	7.50874	99.6166	VTST
medium_airport	Udon Thani Airport	17.38640022	102.788002	VTUD
medium_airport	Sakon Nakhon Airport	17.19510078	104.1190033	VTUI
medium_airport	Surin Airport	14.86830044	103.4980011	VTUJ
medium_airport	Khon Kaen Airport	16.46660042	102.7839966	VTUK
medium_airport	Loei Airport	17.43910027	101.7220001	VTUL
medium_airport	Buri Ram Airport	15.2295	103.252998	VTUO
medium_airport	Nakhon Ratchasima Airport	14.9495	102.313004	VTUQ
medium_airport	Ubon Ratchathani Airport	15.25129986	104.8700027	VTUU
medium_airport	Roi Et Airport	16.1168	103.774002	VTUV
medium_airport	Nakhon Phanom Airport	17.383801	104.642998	VTUW
medium_airport	Buon Ma Thuot Airport	12.66829968	108.1200027	VVBM
small_airport	Chu Lai Airport	15.4033	108.706001	VVCA
medium_airport	Cat Bi International Airport	20.81686	106.722994	VVCI
medium_airport	Cà Mau Airport	9.177667	105.177778	VVCM
medium_airport	Cam Ranh International Airport / Cam Ranh Air Base	11.9982	109.219002	VVCR
medium_airport	Con Dao Airport	8.73183	106.633003	VVCS
medium_airport	Can Tho International Airport	10.0851	105.711998	VVCT
medium_airport	Dien Bien Phu Airport	21.39749908	103.0080032	VVDB
medium_airport	Dong Hoi Airport	17.515	106.590556	VVDH
medium_airport	Lien Khuong Airport	11.750556	108.366997	VVDL
medium_airport	Da Nang International Airport	16.0439	108.198997	VVDN
large_airport	Noi Bai International Airport	21.221201	105.806999	VVNB
small_airport	Na San Airport	21.215301	104.032803	VVNS
medium_airport	Phu Bai International Airport	16.400628	107.703094	VVPB
medium_airport	Phu Cat Airport	13.955	109.042	VVPC
medium_airport	Pleiku Airport	14.00450039	108.0169983	VVPK
medium_airport	Phu Quoc International Airport	10.1698	103.9931	VVPQ
small_airport	Phan Rang Airport	11.6335	108.952003	VVPR
medium_airport	Rach Gia Airport	9.958029972	105.1323795	VVRG
medium_airport	Dong Tac Airport	13.0496	109.334	VVTH
large_airport	Tan Son Nhat International Airport	10.8188	106.652	VVTS
small_airport	Tho Xuan Airport	19.901667	105.467778	VVTX
medium_airport	Van Don International Airport	21.120693	107.41539	VVVD
medium_airport	Vinh Airport	18.73760033	105.6709976	VVVH
small_airport	Vung Tau Airport	10.375093	107.096185	VVVT
small_airport	Ann Airport	19.769199	94.0261	VYAN
small_airport	Bagan Airport	21.17880058	94.93019867	VYBG
small_airport	Banmaw Airport	24.27044	97.2476	VYBM
small_airport	Bokpyinn Airport	11.1494	98.735901	VYBP
small_airport	Chanmyathazi Airport	21.9405	96.0896	VYCZ
medium_airport	Dawei Airport	14.10389996	98.20359802	VYDW
small_airport	Gangaw Airport	22.17469978	94.13439941	VYGG
small_airport	Gwa Airport	17.60000038	94.58329773	VYGW
small_airport	Heho Airport	20.74714	96.792029	VYHH
small_airport	Hommalinn Airport	24.899599	94.914001	VYHL
small_airport	Tilin Airport	21.70000076	94.09999847	VYHN
medium_airport	Kengtung Airport	21.3015995	99.63600159	VYKG
small_airport	Kanti Airport	25.9883	95.6744	VYKI
small_airport	Kalay Airport	23.188801	94.051102	VYKL
medium_airport	Kyaukpyu Airport	19.42639923	93.53479767	VYKP
medium_airport	Kawthoung Airport	10.04930019	98.53800201	VYKT
small_airport	Kyauktu Airport	21.39999962	94.13330078	VYKU
medium_airport	Loikaw Airport	19.69149971	97.21479797	VYLK
medium_airport	Lashio Airport	22.97789955	97.75219727	VYLS
large_airport	Mandalay International Airport	21.70219994	95.97789764	VYMD
medium_airport	Myeik Airport	12.43980026	98.62149811	VYME
medium_airport	Myitkyina Airport	25.3836	97.351898	VYMK
small_airport	Mawlamyine Airport	16.44470024	97.66069794	VYMM
small_airport	Manaung Airport	18.8458	93.688904	VYMN
medium_airport	Momeik Airport	23.09250069	96.64530182	VYMO
medium_airport	Mong Hsat Airport	20.51679993	99.25679779	VYMS
small_airport	Mong Tong Airport	20.29669952	98.89890289	VYMT
small_airport	Magway Airport	20.1656	94.941399	VYMW
small_airport	Monywar Airport	22.221638	95.093479	VYMY
medium_airport	Namsang Airport	20.89049911	97.73590088	VYNS
medium_airport	Nay Pyi Taw International Airport	19.623501	96.200996	VYNT
small_airport	Hpa-N Airport	16.8937	97.674599	VYPA
small_airport	Pauk Airport	21.4492	94.4869	VYPK
small_airport	Pathein Airport	16.815201	94.7799	VYPN
small_airport	Hpapun Airport	18.06669998	97.44979858	VYPP
medium_airport	Putao Airport	27.32990074	97.42630005	VYPT
small_airport	Pakhokku Airport	21.4043	95.11125	VYPU
small_airport	Pyay Airport	18.82449913	95.26599884	VYPY
medium_airport	Sittwe Airport	20.133165	92.870693	VYSW
medium_airport	Thandwe Airport	18.46069908	94.30010223	VYTD
medium_airport	Tachileik Airport	20.48380089	99.93540192	VYTL
small_airport	Ye Airport	15.301361	97.864288	VYYE
large_airport	Yangon International Airport	16.90730095	96.1332016	VYYY
large_airport	Hasanuddin International Airport	-5.06163	119.554001	WAAA
medium_airport	Frans Kaisiepo Airport	-1.19002	136.108002	WABB
small_airport	Moanamani Airport	-4.00659	136.037704	WABD
medium_airport	Douw Aturure Airport	-3.397973	135.393071	WABI
small_airport	Karubaga Airport	-3.684615	138.479018	WABK
medium_airport	Stevanus Rumbewas Airport	-1.82842	136.062402	WABO
small_airport	Sultan Muhammad Salahuddin Airport	-8.537184	118.685002	WADB
large_airport	Denpasar I Gusti Ngurah Rai International Airport	-8.748409	115.167123	WADD
small_airport	Lieutenant Colonel Wisnu Airfield	-8.139292	114.615367	WADE
medium_airport	Lombok International Airport	-8.759962	116.278169	WADL
small_airport	Sultan Muhammad Kaharuddin III Airport	-8.48904	117.412003	WADS
small_airport	Lunyuk Airport	-8.989931	117.216018	WADU
small_airport	Banyuwangi Airport	-8.31015	114.3401	WADY
medium_airport	Sultan Babullah Airport	0.831012	127.381611	WAEE
small_airport	Emalamo Sanana Airport	-2.097833	125.963833	WAES
medium_airport	Mutiara - SIS Al-Jufrie Airport	-0.916462	119.908647	WAFF
small_airport	Tampa Padang Airport	-2.590017	119.025051	WAFJ
medium_airport	Tjilik Riwut Airport	-2.22513	113.943001	WAGG
medium_airport	Yogyakarta International Airport	-7.905338	110.057264	WAHI
medium_airport	Tunggul Wulung Airport	-7.64506	109.033997	WAHL
small_airport	Jenderal Besar Soedirman Airport	-7.461342	109.414612	WAHP
small_airport	Bokondini Airport	-3.68455	138.677437	WAJB
small_airport	Dabra Airport	-3.27061	138.613433	WAJC
small_airport	Batom Airport	-4.442687	140.883565	WAJG
small_airport	Mararena Sarmi Airport	-1.873077	138.753275	WAJI
large_airport	Dortheys Hiyo Eluay International Airport	-2.579627	140.519857	WAJJ
small_airport	Lereh Airport	-3.0795	139.952	WAJL
medium_airport	Oksibil Airport	-4.9071	140.6277	WAJO
small_airport	Senggeh Airport	-3.442448	140.778079	WAJS
small_airport	Mindiptana Airport	-5.876929	140.70946	WAKD
small_airport	Bade Airport	-7.175902	139.58333	WAKE
medium_airport	Mopah International Airport	-8.523898	140.419693	WAKK
small_airport	Kamur Airport	-6.1851	138.6372	WAKM
small_airport	Okaba Airport	-8.0946	139.7233	WAKO
small_airport	Kepi Airport	-6.5418	139.3318	WAKP
small_airport	Senggo Airport	-5.6908	139.3502	WAKQ
medium_airport	Tanah Merah Airport	-6.09669	140.303521	WAKT
small_airport	Melalan Airport	-0.203611	115.760002	WALE
small_airport	Datadawai Airport	0.807028	114.529052	WALJ
small_airport	Nusantara Airport (under construction)	-1.158611	116.708054	WALK
large_airport	Sultan Aji Muhammad Sulaiman Sepinggan International Airport	-1.268342	116.89452	WALL
medium_airport	Aji Pangeran Tumenggung Pranoto International Airport	-0.374478	117.250128	WALS
small_airport	Tanjung Santan Airport	-0.092973001	117.4530029	WALT
small_airport	Jalaluddin Airport	0.637118995	122.8499985	WAMG
medium_airport	Naha Airport	3.68478	125.527162	WAMH
small_airport	Bolaang Mongondow Airport	0.88855	124.033634	WAMI
small_airport	Gebe Airport	-0.078889	129.457993	WAMJ
medium_airport	Sam Ratulangi Airport	1.549266	124.926319	WAMM
small_airport	Melangguane Airport	4.00694	126.672997	WAMN
small_airport	Indonesia Morowali Industrial Park (IMIP) Airport	-2.799322	122.141385	WAMP
small_airport	Buol - Pogogul Airport	1.102318	121.413358	WAFY
small_airport	Bersujud Airport	-3.41241	115.995003	WAOC
medium_airport	Warukin Airport	-2.21656	115.435997	WAON
medium_airport	Syamsudin Noor International Airport	-3.44236	114.763	WAOO
small_airport	Tumbang Samba Airport	-1.4694	113.0833	WAOW
small_airport	Amahai Airport	-3.347851	128.927093	WAPA
small_airport	Bandanaira Airport	-4.5214	129.9054	WAPC
small_airport	Rar Gwamar Airport	-5.773724	134.209245	WAPD
medium_airport	Karel Sadsuitubun Airport	-5.760278	132.759444	WAPF
small_airport	Namrole Airport	-3.85522	126.700902	WAPG
small_airport	Saumlaki/Olilit Airport	-7.98861	131.306	WAPI
small_airport	Benjina Airport	-6.06613	134.273971	WAPK
medium_airport	Namniwel Airport	-3.143159	126.976469	WAPN
medium_airport	Pattimura International Airport	-3.71026	128.089005	WAPP
small_airport	Namlea Airport	-3.236887	127.100215	WAPR
small_airport	Taliabu Island Airport	-1.642629981	124.5589981	WAPT
small_airport	Wahai Airport	-2.8114	129.484	WAPV
small_airport	Maratua Airport	2.19759	118.599361	WAQC
medium_airport	Abdul Rachman Saleh Airport	-7.929099	112.714233	WARA
small_airport	Ngloram Airport	-7.195522	111.545287	WARC
small_airport	Notohadinegoro Airport	-8.242494	113.693476	WARE
small_airport	Pagerungan Airport	-6.956515	115.931107	WARP
large_airport	Juanda International Airport	-7.37983	112.787003	WARR
small_airport	Trunojoyo Airport	-7.022391	113.887699	WART
small_airport	Harun Thohir Airport	-5.723628	112.678889	WARW
small_airport	Ayawasi Airport	-1.159779	132.464082	WASA
small_airport	Abresso Airport	-1.496771	134.175	WASC
medium_airport	Fakfak Airport	-2.920508	132.267011	WASF
small_airport	Inanwatan Airport	-2.127447	132.160056	WASI
medium_airport	Kaimana Airport	-3.6446	133.695116	WASK
small_airport	Marinda Airport	-0.423056	130.773333	WASN
medium_airport	Babo Airport	-2.53224	133.438995	WASO
medium_airport	Domine Eduard Osok Airport	-0.894	131.287	WASS
small_airport	Teminabuan Airport	-1.44545	132.021139	WAST
small_airport	Kambuaya Airport	-1.316815	132.286987	WASU
small_airport	Wasior Airport	-2.720434	134.505902	WASW
small_airport	AA Bere Tallo (Haliwen) Airport	-9.074841	124.903285	WATA
small_airport	Frans Xavier Seda Airport	-8.639514	122.238135	WATC
small_airport	H. Hasan Aroeboesman (Ende) Airport	-8.849114	121.66101	WATE
small_airport	Frans Sales Lega Airport	-8.596171	120.478177	WATG
small_airport	Larantuka Gewayentana Airport	-8.274424	123.002	WATL
small_airport	Alor Island - Mali Airport	-8.13234	124.597	WATM
small_airport	Komodo Airport	-8.480694	119.888306	WATO
small_airport	David Constantijn Saudale Airport	-10.7673	123.0747	WATR
small_airport	Sabu-Tardanu Airport	-10.4924	121.8482	WATS
small_airport	El Tari Airport	-10.1716	123.670998	WATT
small_airport	Wonopito Airport	-8.361805	123.438554	WATW
medium_airport	Wamena Airport	-4.097324	138.952417	WAVV
small_airport	Betoambari Airport	-5.486037	122.569823	WAWB
medium_airport	Sangia Nibandera Airport	-4.338158	121.524047	WAWP
small_airport	Sugimanuru Airport	-4.763298	122.566352	WAWR
small_airport	Soroako Airport	-2.530582	121.356096	WAWS
small_airport	Haluoleo Airport	-4.08161	122.417999	WAWW
medium_airport	Bintulu Airport	3.123850107	113.0199966	WBGB
small_airport	Belaga Airport	2.652143	113.767043	WBGC
small_airport	Long Semado Airport	4.217000008	115.5999985	WBGD
small_airport	Long Lellang Airport	3.421000004	115.1539993	WBGF
medium_airport	Kuching International Airport	1.487364	110.352859	WBGG
small_airport	Long Seridan Airport	3.976087	115.067303	WBGI
medium_airport	Limbang Airport	4.808300018	115.0100021	WBGJ
medium_airport	Mukah Airport	2.881944	112.043333	WBGK
small_airport	Long Akah Airport	3.310909	114.785553	WBGL
medium_airport	Marudi Airport	4.178734	114.330318	WBGM
small_airport	Sematan Airport	1.812678	109.765391	WBGN
small_airport	Kapit Airport	2.010523745	112.9314682	WBGP
small_airport	Bakalalan Airport	3.974	115.617996	WBGQ
medium_airport	Miri Airport	4.32201	113.987	WBGR
medium_airport	Sibu Airport	2.2616	111.985001	WBGS
small_airport	Long Sukang Airport	4.55222	115.494003	WBGU
small_airport	Lawas Airport	4.84917	115.407997	WBGW
medium_airport	Bario Airport	3.734648	115.478548	WBGZ
small_airport	Semporna Airport	4.454596	118.595023	WBKA
medium_airport	Lahad Datu Airport	5.03241	118.32376	WBKD
small_airport	Telupid Airport	5.62861	117.125999	WBKE
small_airport	Keningau Airport	5.355487	116.164884	WBKG
small_airport	Sahabat [Sahabat 16] Airport	5.087779999	119.0940018	WBKH
medium_airport	Kota Kinabalu International Airport	5.932743	116.049324	WBKK
medium_airport	Labuan Airport	5.301667	115.248333	WBKL
small_airport	Tomanggong Airport	5.40257	118.65763	WBKM
small_airport	Long Pasia Airport	4.409756	115.724473	WBKN
small_airport	Sepulot Airport	4.732999802	116.4670029	WBKO
small_airport	Pamol Airport	5.996571	117.404795	WBKP
small_airport	Ranau Airport	5.957793	116.680191	WBKR
medium_airport	Sandakan Airport	5.900899887	118.0589981	WBKS
small_airport	Kudat Airport	6.924111	116.837068	WBKT
medium_airport	Tawau Airport	4.31338	118.12152	WBKW
medium_airport	Mulu Airport	4.04832983	114.8050003	WBMU
large_airport	Brunei International Airport	4.9442	114.928001	WBSB
small_airport	Tanjung Manis Airport	2.17784	111.202003	WBTM
medium_airport	Sultan Syarif Kasim II International Airport / Roesmin Nurjadin AFB	0.458647	101.444321	WIBB
medium_airport	Pinang Kampai Airport	1.609114	101.433492	WIBD
medium_airport	Japura Airport	-0.352808	102.334999	WIBJ
small_airport	Sungai Pakning Bengkalis Airport	1.37	102.139999	WIBS
medium_airport	Kertajati International Airport	-6.648924	108.166692	WICA
medium_airport	Husein Sastranegara International Airport	-6.90063	107.575996	WICC
small_airport	Penggung Airport	-6.757	108.538849	WICD
small_airport	Cibeureum Airport	-7.3466	108.246002	WICM
small_airport	Nusawiru Airport	-7.719895	108.488995	WICN
medium_airport	Hang Nadim International Airport	1.12103	104.119003	WIDD
small_airport	Letung Airport	2.96447	105.75484	WIDL
small_airport	Raja Haji Fisabilillah International Airport	0.92397	104.53341	WIDN
small_airport	Dabo Airport	-0.479611	104.579498	WIDS
medium_airport	Halim Perdanakusuma International Airport	-6.266610146	106.8909988	WIHH
small_airport	Pondok Cabe Air Base	-6.336959839	106.7649994	WIHP
large_airport	Soekarno-Hatta International Airport	-6.12556982	106.6559982	WIII
medium_airport	Radin Inten II International Airport	-5.246803	105.182531	WILL
medium_airport	Binaka Airport	1.16628	97.704327	WIMB
medium_airport	Aek Godang Airport	1.4001	99.430496	WIME
small_airport	Jenderal Besar Abdul Haris Nasution Airport	0.948056	99.533333	WIMF
medium_airport	Soewondo Air Force Base	3.558425	98.672275	WIMK
large_airport	Kualanamu International Airport	3.637847	98.870566	WIMM
small_airport	Silangit Airport	2.25973	98.991898	WIMN
small_airport	Sibisa Airport	2.601967	98.962381	WIMP
medium_airport	Dr. Ferdinand Lumban Tobing Airport	1.557127	98.887145	WIMS
medium_airport	Nanga Pinoh Airport	-0.34864	111.746155	WIOG
small_airport	Liku Airport	1.737455	109.324002	WIOH
medium_airport	Rahadi Osman Airport	-1.817165	109.963469	WIOK
medium_airport	Supadio Airport	-0.150711	109.403999	WIOO
medium_airport	Pangsuma Airport	0.834579	112.940217	WIOP
medium_airport	Tebelian Airport	-0.045214	111.458049	WIOS
small_airport	Silampari Airport	-3.288165	102.91449	WIPB
medium_airport	Sultan Mahmud Badaruddin II Airport	-2.897653	104.698147	WIPP
medium_airport	Pendopo Airport	-3.286070108	103.8799973	WIPQ
medium_airport	Cut Nyak Dhien Airport	4.040631	96.253538	WITC
medium_airport	Lhok Sukon Airport	5.06951	97.259201	WITL
small_airport	Maimun Saleh Airport	5.874668	95.33967	WITN
medium_airport	Sultan Iskandar Muda International Airport	5.522872024	95.42063713	WITT
small_airport	Sungai Tiang Airport	4.33027792	102.3949966	WMAN
small_airport	Mersing Airport	2.389148	103.874183	WMAU
small_airport	Sitiawan Airport	4.2222	100.6993	WMBA
small_airport	Taiping (Tekah) Airport	4.866432	100.715381	WMBI
medium_airport	Tioman Airport	2.81818	104.160004	WMBT
medium_airport	Sultan Abdul Halim Airport	6.189670086	100.3980026	WMKA
medium_airport	RMAF Butterworth Air Base	5.46592	100.390999	WMKB
medium_airport	Sultan Ismail Petra Airport	6.16685009	102.2929993	WMKC
medium_airport	Kuantan Airport	3.77538991	103.2089996	WMKD
medium_airport	Kerteh Airport	4.53722	103.427002	WMKE
medium_airport	Sultan Azlan Shah Airport	4.567969799	101.0920029	WMKI
medium_airport	Senai International Airport	1.64131	103.669998	WMKJ
large_airport	Kuala Lumpur International Airport	2.74558	101.709999	WMKK
medium_airport	Langkawi International Airport	6.329730034	99.72869873	WMKL
medium_airport	Malacca International Airport	2.265613	102.252778	WMKM
medium_airport	Sultan Mahmud Airport	5.382639885	103.1029968	WMKN
medium_airport	Penang International Airport	5.297140121	100.2770004	WMKP
small_airport	Pulau Pangkor Airport	4.244719982	100.5530014	WMPA
small_airport	LTS Pulau Redang Airport	5.764804	103.004942	WMPR
medium_airport	Sultan Abdul Aziz Shah International Airport	3.130579948	101.5490036	WMSA
small_airport	Atauro Airport	-8.243133	125.606378	WPAT
medium_airport	Suai Airport	-9.303310394	125.2870026	WPDB
medium_airport	Presidente Nicolau Lobato International Airport	-8.546562	125.524507	WPDL
medium_airport	Cakung Airport	-8.486479	126.399981	WPEC
small_airport	Maliana Airport	-8.97224	125.214996	WPMN
medium_airport	Rota Do Sândalo Oecusse Airport	-9.19806	124.343002	WPOC
small_airport	Viqueque Airport	-8.883799553	126.3730011	WPVQ
small_airport	LNG Badak Airport	0.121656	117.476558	WALC
small_airport	Tanah Grogot Airport	-1.885541	116.256809	WRLH
small_airport	Muara Wahau Airport	1.193225	116.955886	WALW
medium_airport	Paya Lebar Air Base	1.36042	103.910004	WSAP
medium_airport	Tengah Air Base	1.387561	103.708291	WSAT
medium_airport	Seletar Airport	1.41555	103.86673	WSSL
large_airport	Singapore Changi Airport	1.35019	103.994003	WSSS
medium_airport	Ok365comdev	10	12	CCAA
medium_airport	Albany Airport	-34.94329834	117.8089981	YABA
small_airport	Abingdon Downs Airport	-17.608814	143.183531	YABI
small_airport	Augustus Downs Airport	-18.51499939	139.878006	YAGD
small_airport	Marla Airport	-27.334298	133.627696	YALA
small_airport	Alexandria Homestead Airport	-19.06019974	136.7100067	YALX
small_airport	Aramac Airport	-22.95788	145.249504	YAMC
small_airport	Andamooka Airport	-30.438299	137.136993	YAMK
small_airport	Amata Airport	-26.097363	131.202732	YAMT
small_airport	West Angelas Airport	-23.13555556	118.7072222	YANG
small_airport	Alpha Airport	-23.652849	146.582668	YAPH
medium_airport	Ararat Airport	-37.309978	142.988688	YARA
small_airport	Argyle Airport	-16.6369	128.451004	YARG
medium_airport	Armidale Airport	-30.52809906	151.6170044	YARM
small_airport	Arrabury Airport	-26.69639	141.048718	YARY
small_airport	Aurukun Airport	-13.354019	141.720028	YAUR
small_airport	Auvergne Airport	-15.690555	130.008818	YAUV
medium_airport	Ayers Rock Connellan Airport	-25.185913	130.97703	YAYE
small_airport	Ayr Airport	-19.595832	147.324495	YAYR
medium_airport	Barcaldine Airport	-23.566268	145.302086	YBAR
medium_airport	Alice Springs Airport	-23.806588	133.903427	YBAS
small_airport	Badu Island Airport	-10.14955	142.173665	YBAU
small_airport	Barkly Downs Airport	-20.49583333	138.4747222	YBAW
large_airport	Brisbane International Airport	-27.38419914	153.1170044	YBBN
medium_airport	Gold Coast Airport	-28.165962	153.506641	YBCG
medium_airport	Blackall Airport	-24.431678	145.429716	YBCK
medium_airport	Cairns International Airport	-16.88579941	145.7550049	YBCS
medium_airport	Charleville Airport	-26.41329956	146.2619934	YBCV
small_airport	Bedford Downs Airport	-17.2866993	127.4629974	YBDF
small_airport	Bendigo Airport	-36.739399	144.330002	YBDG
medium_airport	Birdsville Airport	-25.89749908	139.3480072	YBDV
small_airport	Bellburn Airstrip	-17.545	128.305	YBEB
small_airport	Betoota Airport	-25.694791	140.738339	YBEO
small_airport	Boolgeeda	-22.54	117.275	YBGD
small_airport	Balgo Hill Airport	-20.1483	127.973	YBGO
medium_airport	Broken Hill Airport	-32.00139999	141.4720001	YBHI
medium_airport	Hamilton Island Airport	-20.35810089	148.9519959	YBHM
medium_airport	Bedourie Airport	-24.3461	139.460007	YBIE
medium_airport	Bourke Airport	-30.03919983	145.9519958	YBKE
small_airport	Burketown Airport	-17.74860001	139.5339966	YBKT
medium_airport	Benalla Airport	-36.551899	146.007004	YBLA
small_airport	Balcanoona Airport	-30.535	139.337006	YBLC
small_airport	Bollon Airport	-28.051247	147.481799	YBLL
small_airport	Busselton Margaret River Regional Airport	-33.688423	115.401596	YBLN
medium_airport	Mount Isa Airport	-20.66390038	139.4889984	YBMA
medium_airport	Mackay Airport	-21.170816	149.182588	YBMK
medium_airport	Ballina Byron Gateway Airport	-28.833236	153.561471	YBNA
medium_airport	Bairnsdale Airport	-37.887539	147.569379	YBNS
small_airport	Boigu Island Airport	-9.23278	142.218002	YBOI
medium_airport	Oakey Army Aviation Centre	-27.409262	151.736727	YBOK
medium_airport	Boulia Airport	-22.91329956	139.8999939	YBOU
small_airport	Brampton Island Airport	-20.804633	149.279931	YBPI
medium_airport	Proserpine Whitsunday Coast Airport	-20.494416	148.553583	YBPN
medium_airport	Rockhampton Airport	-23.380019	150.475359	YBRK
small_airport	Borroloola Airport	-16.0753	136.302002	YBRL
medium_airport	Broome International Airport	-17.948789	122.227407	YBRM
medium_airport	Balranald Airport	-34.624834	143.577114	YBRN
medium_airport	Brewarrina Airport	-29.975792	146.81438	YBRW
small_airport	Barimunya Airport	-22.6739006	119.1660004	YBRY
medium_airport	Sunshine Coast Airport	-26.593324	153.08319	YBSU
medium_airport	Bathurst Airport	-33.406817	149.651161	YBTH
medium_airport	Bathurst Island Airport	-11.764966	130.615774	YBTI
medium_airport	Townsville Airport / RAAF Base Townsville	-19.252904	146.766512	YBTL
medium_airport	Blackwater Airport	-23.6031	148.807007	YBTR
medium_airport	Bundaberg Airport	-24.905039	152.322612	YBUD
small_airport	Bunbury Airport	-33.3783	115.677002	YBUN
small_airport	Bowen Airport	-20.017999	148.215245	YBWN
medium_airport	Weipa Airport	-12.677493	141.922618	YBWP
medium_airport	Toowoomba Wellcamp Airport	-27.558332	151.793335	YBWW
small_airport	Barrow Island Airport	-20.864401	115.405998	YBWX
small_airport	Beverley Springs Airport	-16.732756	125.439105	YBYS
small_airport	Caiguna Airport	-32.280457	125.477943	YCAG
small_airport	Coolah Airport	-31.773864	149.615322	YCAH
medium_airport	Carnarvon Airport	-24.880091	113.670752	YCAR
small_airport	Casino Airport	-28.881304	153.060724	YCAS
medium_airport	Cobar Airport	-31.53829956	145.7940063	YCBA
medium_airport	Coonabarabran Airport	-31.3325	149.266998	YCBB
medium_airport	Coober Pedy Airport	-29.038312	134.722166	YCBP
small_airport	Collarenebri Airport	-29.523239	148.578243	YCBR
medium_airport	Chinchilla Airport	-26.771947	150.617571	YCCA
small_airport	Coconut Island Airport	-10.050139	143.070007	YCCT
medium_airport	Cloncurry Airport	-20.66860008	140.5039978	YCCY
small_airport	Condobolin Airport	-33.06565	147.21316	YCDO
small_airport	Caloundra Airport	-26.80336	153.104975	YCDR
medium_airport	Ceduna Airport	-32.13059998	133.7100067	YCDU
medium_airport	Cleve Airport	-33.709702	136.505005	YCEE
small_airport	Camfield Airport	-17.02169991	131.3269958	YCFD
medium_airport	Coffs Harbour Airport	-30.320601	153.115997	YCFS
small_airport	Chillagoe Airport	-17.138386	144.528494	YCGO
small_airport	Christmas Creek Airport	-22.3543	119.6426	YCHK
small_airport	Charters Towers Airport	-20.0431	146.272995	YCHT
medium_airport	RAAF Base Curtin	-17.580458	123.828449	YCIN
small_airport	Croker Island Airport	-11.165	132.483002	YCKI
medium_airport	Cooktown Airport	-15.443649	145.183221	YCKN
medium_airport	Clermont Airport	-22.7731	147.621002	YCMT
medium_airport	Cunnamulla Airport	-28.03000069	145.621994	YCMU
small_airport	Camooweal Airport	-19.911699	138.125	YCMW
small_airport	Camp Nifty Airport	-21.6717	121.586998	YCNF
small_airport	Cessnock Airport	-32.787498	151.341995	YCNK
medium_airport	Coonamble Airport	-30.980946	148.377833	YCNM
small_airport	Cordillo Downs Airport	-26.74530029	140.6380005	YCOD
medium_airport	Coen Airport	-13.761133	143.113311	YCOE
small_airport	Collie Airport	-33.36669922	116.2170029	YCOI
medium_airport	Cooma Snowy Mountains Airport	-36.300445	148.972408	YCOM
small_airport	Cooinda Airport	-12.90330029	132.5319977	YCOO
medium_airport	Corowa Airport	-35.994701	146.356995	YCOR
medium_airport	Corryong Airport	-36.18280029	147.8880005	YCRG
small_airport	Croydon Airport	-18.22500038	142.2579956	YCRY
small_airport	Collinsville Airport	-20.59670067	147.8600006	YCSV
medium_airport	Cootamundra Airport	-34.624283	148.036641	YCTM
small_airport	Cudal Airport	-33.278026	148.768708	YCUA
small_airport	Cue Airport	-27.4508	117.917515	YCUE
small_airport	Coondewanna Airport	-22.9666996	118.8130035	YCWA
small_airport	Cowarie Airport	-27.71170044	138.3280029	YCWI
small_airport	Cowell Airport	-33.666698	136.891998	YCWL
medium_airport	Cowra Airport	-33.846894	148.648007	YCWR
small_airport	Coolawanyah Airport	-21.7946	117.755	YCWY
small_airport	Dalby Airport	-27.158476	151.263428	YDAY
medium_airport	Dirranbandi Airport	-28.587912	148.217161	YDBI
small_airport	Dunbar Airport	-16.047394	142.394415	YDBR
medium_airport	Derby Airport	-17.37193	123.66221	YDBY
small_airport	Dalgaranga Gold Mine Airport	-27.83027778	117.3163889	YDGA
small_airport	Dixie Airport	-15.11749443	143.3160496	YDIX
small_airport	Dunk Island Airport	-17.93913	146.141447	YDKI
small_airport	Dulkaninna Airport	-29.01329994	138.4810028	YDLK
medium_airport	Deniliquin Airport	-35.55939865	144.9459991	YDLQ
small_airport	Delta Downs Airport	-16.99169922	141.3170013	YDLT
small_airport	Delissaville Airport	-12.55000019	130.6849976	YDLV
small_airport	Doomadgee Airport	-17.9403	138.822006	YDMG
small_airport	Darnley Island Airport	-9.579176	143.780276	YDNI
small_airport	Dorunda Airport	-16.5537	141.8238	YDOR
small_airport	Davenport Downs Airport	-24.14999962	141.1080017	YDPD
medium_airport	Devonport Airport	-41.16970062	146.4299927	YDPO
small_airport	Dongara Airport	-29.298128	114.927334	YDRA
small_airport	Drysdale River Airport	-15.71357	126.381097	YDRD
small_airport	Durham Downs Airport	-27.07500076	141.8999939	YDRH
small_airport	Durrie Airport	-25.68499947	140.2279968	YDRI
small_airport	Docker River Airport	-24.859533	129.122209	YDVR
medium_airport	Dysart Airport	-22.6222	148.363998	YDYS
medium_airport	Echuca Airport	-36.15719986	144.7619934	YECH
small_airport	Eucla Airport	-31.707084	128.877243	YECL
small_airport	Etadunna Airport	-28.740801	138.589005	YEDA
small_airport	Eneabba Airport	-29.83250046	115.2460022	YEEB
medium_airport	Elcho Island Airport	-12.01939964	135.5709991	YELD
medium_airport	Emerald Airport	-23.56749916	148.1790009	YEML
small_airport	Ernabella Airport	-26.26329994	132.1820068	YERN
small_airport	Elrose Airport	-20.9764	141.0066	YESE
medium_airport	Esperance Airport	-33.684399	121.822998	YESP
small_airport	Evans Head Aerodrome	-29.101786	153.419255	YEVD
small_airport	Exmouth Airport	-22.040677	114.102663	YEXM
medium_airport	Forbes Airport	-33.363602	147.934998	YFBS
small_airport	Fortescue - Dave Forrest Aerodrome	-22.290754	119.437143	YFDF
small_airport	Finley Airport	-35.658918	145.561214	YFIL
small_airport	Flinders Island Airport	-40.091702	147.992996	YFLI
small_airport	Flora Valley Airport	-18.297844	128.455897	YFLO
small_airport	Finke Airport	-25.59469986	134.5829926	YFNE
medium_airport	Forrest Airport	-30.83662	128.112811	YFRT
small_airport	Oombulgurri Airport	-15.1647	127.8401	YFRV
small_airport	Forster (Wallis Is) Airport	-32.202489	152.481136	YFST
medium_airport	Fitzroy Crossing Airport	-18.183596	125.559783	YFTZ
small_airport	Gamboola Airport	-16.54412	143.668155	YGAM
small_airport	Gayndah Airport	-25.615939	151.62055	YGAY
small_airport	South Goulburn Is Airport	-11.65	133.382004	YGBI
medium_airport	Gunnedah Airport	-30.957511	150.248981	YGDH
small_airport	Goondiwindi Airport	-28.5214	150.320007	YGDI
small_airport	Gordon Downs Airport	-18.67810059	128.5919952	YGDN
small_airport	Gregory Downs Airport	-18.625	139.2330017	YGDS
medium_airport	Geraldton Airport	-28.796101	114.707001	YGEL
medium_airport	Clarence Valley Regional Airport	-29.754795	153.031234	YGFN
small_airport	Ginbata Airport	-22.5812	120.03553	YGIA
small_airport	Gibb River Airport	-16.418661	126.445685	YGIB
small_airport	Great Keppel Is Airport	-23.184575	150.94164	YGKL
medium_airport	Gladstone Airport	-23.869763	151.225439	YGLA
medium_airport	Goulburn Airport	-34.81029892	149.7259979	YGLB
small_airport	Glengyle Airport	-24.80830002	139.6000061	YGLE
medium_airport	Glen Innes Airport	-29.676029	151.691156	YGLI
small_airport	Glencoe Airport	-31.620644	148.19885	YGLN
small_airport	Glenormiston Airport	-22.8883	138.824997	YGLO
small_airport	Greenvale Airport	-18.9966	145.0136	YGNV
small_airport	Mount Gordon Airport	-19.77265	139.40425	YGON
medium_airport	Garden Point Airport	-11.399686	130.425568	YGPT
small_airport	Gascoyne Junction Airport	-25.0546	115.2026	YGSC
medium_airport	Groote Eylandt Airport	-13.972405	136.458553	YGTE
medium_airport	Griffith Airport	-34.25080109	146.0670013	YGTH
small_airport	Georgetown Airport	-18.302676	143.530925	YGTN
small_airport	George Town Airport	-41.079491	146.839061	YGTO
small_airport	Gympie Airport	-26.290149	152.702998	YGYM
small_airport	Wilpena Pound Airport	-31.855907	138.468079	YHAW
medium_airport	Hay Airport	-34.531399	144.830002	YHAY
medium_airport	Hervey Bay Airport	-25.320127	152.880662	YHBA
small_airport	Humbert River Airport	-16.4896698	130.6302795	YHBR
small_airport	Henbury Airport	-24.584	133.236	YHBY
small_airport	Headingly Airport	-21.33329964	138.2830048	YHDY
small_airport	Highbury Airport	-16.424148	143.14534	YHHY
medium_airport	Horn Island Airport	-10.585628	142.292653	YHID
small_airport	Hillside Airport	-21.718283	119.440334	YHIL
medium_airport	Halls Creek Airport	-18.2339	127.669998	YHLC
small_airport	Hermannsburg Airport	-23.926485	132.807798	YHMB
medium_airport	Hamilton Airport	-37.64889908	142.0650024	YHML
small_airport	Hooker Creek Airport	-18.33670044	130.6380005	YHOO
medium_airport	Mount Hotham Airport	-37.04750061	147.3339996	YHOT
medium_airport	Hopetoun Airport	-35.715302	142.360001	YHPN
medium_airport	Horsham Airport	-36.66970062	142.1730042	YHSM
small_airport	Heathlands Airport	-11.7369	142.576996	YHTL
small_airport	Hughenden Airport	-20.815001	144.225006	YHUG
small_airport	Indulkana Airport	-26.965435	133.321989	YIDK
small_airport	Innisfail Airport	-17.559401	146.011993	YIFL
small_airport	Iffley Airport	-18.89999962	141.2169952	YIFY
small_airport	Ingham Airport	-18.664149	146.145804	YIGM
small_airport	Inkerman Airport	-16.229225	141.434607	YIKM
small_airport	Injune Airport	-25.851	148.5497	YINJ
small_airport	Innamincka Airport	-27.697589	140.739498	YINN
small_airport	Inverway Airport	-17.84110069	129.6430054	YINW
small_airport	Isisford Airport	-24.25830078	144.4250031	YISF
medium_airport	Inverell Airport	-29.88829994	151.1439972	YIVL
small_airport	Jabiru Airport	-12.658056	132.894638	YJAB
small_airport	Jundah Airport	-24.838045	143.061962	YJDA
small_airport	Julia Creek Airport	-20.66830063	141.7230072	YJLC
small_airport	Jurien Bay Airport	-30.302699	115.055551	YJNB
small_airport	Kalumburu Airport	-14.28784	126.633182	YKAL
small_airport	Karara Airport	-29.217223	116.687154	YKAR
small_airport	Kambalda Airport	-31.1907	121.5978	YKBL
small_airport	Kalbarri Airport	-27.692813	114.259169	YKBR
small_airport	Streaky Bay Airport	-32.836621	134.292991	YKBY
small_airport	Kings Canyon Airport	-24.260229	131.488924	YKCA
small_airport	Kings Creek Airport	-24.421285	131.819458	YKCS
medium_airport	Kerang Airport	-35.75139999	143.9389954	YKER
medium_airport	King Island Airport	-39.87749863	143.878006	YKII
small_airport	Kalkgurung Airport	-17.43190002	130.8079987	YKKG
small_airport	Koolatah Airport	-15.888484	142.439461	YKLA
small_airport	Koolburra Airport	-15.31890011	143.9550018	YKLB
small_airport	Karumba Airport	-17.45669937	140.8300018	YKMB
small_airport	Kamileroi Airport	-19.375	140.0570068	YKML
medium_airport	Kempsey Airport	-31.07232	152.765313	YKMP
small_airport	Katanning Airport	-33.699423	117.65703	YKNG
medium_airport	Kowanyama Airport	-15.485369	141.752572	YKOW
small_airport	Kalpowar Airport	-14.89	144.22	YKPR
medium_airport	Kingaroy Airport	-26.581077	151.839927	YKRY
medium_airport	Kingscote Airport	-35.71390152	137.5209961	YKSC
small_airport	Kubin Island Airport	-10.22648	142.219619	YKUB
small_airport	Lawn Hill Airport	-18.57453	138.586106	YLAH
medium_airport	Leigh Creek Airport	-30.598301	138.425995	YLEC
medium_airport	Leonora Airport	-28.87809944	121.3150024	YLEO
small_airport	Lake Evella Airport	-12.49890041	135.8059998	YLEV
small_airport	Lakefield Airport	-14.9207	144.203	YLFD
small_airport	Legune Airport	-15.215372	129.448629	YLGU
small_airport	Lord Howe Island Airport	-31.538204	159.07546	YLHI
medium_airport	Lockhart River Airport	-12.7869	143.304993	YLHR
small_airport	Lyndhurst Airport	-19.19580078	144.3710022	YLHS
small_airport	Lindeman Island Airport	-20.45359993	149.0399933	YLIN
medium_airport	Lismore Airport	-28.830689	153.258419	YLIS
small_airport	Lake Nash Airport	-20.9807	137.9178	YLKN
small_airport	Ballera Airport	-27.405633	141.809458	YLLE
small_airport	Lake Macquarie Airport	-33.065975	151.646283	YLMQ
small_airport	Lakeland Airport	-15.841213	144.849118	YLND
small_airport	Lock Airport	-33.5442009	135.6929932	YLOK
small_airport	Lorraine Airport	-18.99329948	139.9069977	YLOR
small_airport	Lotus Vale Airport	-17.04829979	141.3760071	YLOV
small_airport	Laura Airport	-15.560495	144.451418	YLRA
medium_airport	Lightning Ridge Airport	-29.452857	147.977146	YLRD
medium_airport	Longreach Airport	-23.4342	144.279999	YLRE
small_airport	New Laura Airport	-15.182758	144.345535	YLRS
medium_airport	Leinster Airport	-27.84329987	120.7030029	YLST
small_airport	Laverton Airport	-28.614267	122.428673	YLTN
medium_airport	Latrobe Valley Airport	-38.211004	146.470817	YLTV
small_airport	Lizard Island Airport	-14.673273	145.454571	YLZI
small_airport	Mabuiag Island Airport	-9.950168	142.19523	YMAA
small_airport	Murray Island Airport	-9.915105	144.054644	YMAE
medium_airport	Avalon Airport	-38.039398	144.468994	YMAV
medium_airport	Albury Airport	-36.066758	146.959148	YMAY
medium_airport	Mareeba Airport	-17.070277	145.424228	YMBA
small_airport	Marble Bar Airport	-21.16329956	119.8330002	YMBL
small_airport	Mallacoota Airport	-37.59830093	149.7200012	YMCO
small_airport	Manners Creek Airport	-22.10000038	137.9830017	YMCR
small_airport	Millicent Airport	-37.58359909	140.3659973	YMCT
medium_airport	Mudgee Airport	-32.564794	149.609452	YMDG
small_airport	Mandora Airport	-19.73799	120.83818	YMDI
small_airport	Macdonald Downs Airport	-22.44400024	135.1990051	YMDS
medium_airport	Meekatharra Airport	-26.61170006	118.5479965	YMEK
medium_airport	Melbourne Essendon Airport	-37.7281	144.901993	YMEN
medium_airport	Merimbula Airport	-36.90859985	149.901001	YMER
small_airport	Merluna Airport	-13.0649	142.4536	YMEU
small_airport	Milingimbi Airport	-12.09440041	134.8939972	YMGB
medium_airport	Maningrida Airport	-12.05609989	134.2339935	YMGD
small_airport	Mount Gunson Airport	-31.4597	137.1744433	YMGN
small_airport	Margaret River (Station) Airport	-18.62170029	126.8830032	YMGR
small_airport	Margaret River Airport	-33.930599	115.099998	YMGT
small_airport	Musgrave Airport	-14.7757	143.5047	YMGV
medium_airport	Hobart International Airport	-42.8371	147.51295	YMHB
small_airport	Mount House Airport	-17.051917	125.712491	YMHO
small_airport	McArthur River Mine Airport	-16.44249916	136.0839996	YMHU
medium_airport	Mildura Airport	-34.22919846	142.0859985	YMIA
small_airport	Minlaton Airport	-34.743801	137.529087	YMIN
small_airport	Mitchell Plateau Airport	-14.790817	125.825729	YMIP
small_airport	Miranda Downs Airport	-17.328899	141.886002	YMIR
small_airport	Mitchell Airport	-26.48329926	147.9369965	YMIT
small_airport	Manjimup Airport	-34.26530075	116.1399994	YMJM
small_airport	Miles Airport	-26.806447	150.168953	YMLS
medium_airport	Launceston Airport	-41.544935	147.210785	YMLT
medium_airport	Melbourne Moorabbin Airport	-37.97579956	145.102005	YMMB
small_airport	Murrin Murrin Airport	-28.705299	121.89099	YMMI
large_airport	Melbourne Airport	-37.661548	144.836432	YMML
small_airport	Middlemount Airport	-22.801444	148.706796	YMMU
small_airport	Maitland Airport	-32.701265	151.492912	YMND
medium_airport	Mount Keith Airport	-27.28733	120.554937	YMNE
small_airport	Monkira Airport	-24.81669998	140.5330048	YMNK
small_airport	Mount Swan Airport	-22.624696	135.034512	YMNS
small_airport	Morney Airport	-25.35829926	141.4329987	YMNY
medium_airport	Mount Magnet Airport	-28.11610031	117.8420029	YMOG
small_airport	Mooraberree Airport	-25.25	140.9830017	YMOO
medium_airport	Moree Airport	-29.49889946	149.8450012	YMOR
small_airport	Moreton Airport	-12.44419956	142.6380005	YMOT
small_airport	Minnipa Airport	-32.84329987	135.1450043	YMPA
small_airport	Marqua Airport	-22.80579948	137.2510071	YMQA
medium_airport	Moranbah Airport	-22.05780029	148.0769959	YMRB
small_airport	Marree Airport	-29.66329956	138.0650024	YMRE
small_airport	Morawa Airport	-29.2017	116.022003	YMRW
medium_airport	Moruya Airport	-35.89780045	150.1439972	YMRY
small_airport	Mount Sanford Station Airport	-16.97830009	130.5549927	YMSF
small_airport	Muttaburra Airport	-22.58329964	144.5330048	YMTB
medium_airport	Mount Gambier Airport	-37.744382	140.780561	YMTG
small_airport	Mornington Island Airport	-16.66250038	139.1779938	YMTI
small_airport	Monto Airport	-24.892267	151.101787	YMTO
small_airport	Muccan Station Airport	-20.65889931	120.0670013	YMUC
small_airport	Mungeranie Airport	-28.00919914	138.6569977	YMUG
small_airport	Mulka Airport	-28.3477993	138.6499939	YMUK
small_airport	Mulga Park Airport	-25.86000061	131.6499939	YMUP
small_airport	Mullewa Airport	-28.475	115.516998	YMWA
small_airport	Moolawatana Airport	-29.9069	139.765	YMWT
small_airport	Marion Downs Airport	-23.363702	139.649663	YMWX
small_airport	Maryborough Airport	-25.513528	152.713603	YMYB
small_airport	Myroodan Station Airport	-18.123996	124.270261	YMYR
small_airport	Merty Merty Airport	-28.582713	140.303264	YMYT
small_airport	Nappa Merrie Airport	-27.549201	141.158416	YNAP
medium_airport	Narrandera Airport	-34.70220184	146.5119934	YNAR
medium_airport	Narrabri Airport	-30.31920052	149.8269959	YNBR
medium_airport	Ngukurr Airport	-14.7228	134.746994	YNGU
small_airport	Northern Peninsula Airport	-10.946194	142.455081	YNPE
small_airport	Naracoorte Airport	-36.985298	140.725006	YNRC
small_airport	Narrogin Airport	-32.93	117.080002	YNRG
small_airport	Ravensthorpe Airport	-33.79719925	120.2080002	YNRV
small_airport	Noosa Airport	-26.423177	153.064935	YNSH
small_airport	Norseman Aerodrome	-32.203	121.758127	YNSM
medium_airport	Normanton Airport	-17.68409	141.069664	YNTN
small_airport	Nullabor Motel Airport	-31.44169998	130.9019928	YNUB
small_airport	Nullagine Airport	-21.91329956	120.197998	YNUL
small_airport	Numbulwar Airport	-14.2717	135.716995	YNUM
medium_airport	Newman Airport	-23.4178009	119.8030014	YNWN
small_airport	Nyngan Airport	-31.550645	147.202973	YNYN
small_airport	Oenpelli Airport	-12.325	133.005997	YOEN
small_airport	Colac Airport	-38.286701	143.679993	YOLA
small_airport	Olympic Dam Airport	-30.483861	136.876699	YOLD
small_airport	Onslow Airport	-21.670161	115.114902	YOLW
small_airport	Oodnadatta Airport	-27.562473	135.442946	YOOD
small_airport	Moomba Airport	-28.0994	140.197006	YOOM
small_airport	Orbost Airport	-37.79000092	148.6100006	YORB
small_airport	Orchid Beach Airport	-24.95940018	153.3150024	YORC
medium_airport	Orange Airport	-33.382014	149.131262	YORG
small_airport	Ord River Airport	-17.34079933	128.9120026	YORV
small_airport	Osborne Mine Airport	-22.08169937	140.5549927	YOSB
small_airport	Ouyen Airport	-35.088819	142.354778	YOUY
large_airport	Adelaide International Airport	-34.947512	138.533393	YPAD
medium_airport	Port Augusta Airport	-32.50690079	137.7169952	YPAG
small_airport	Palm Island Airport	-18.75530052	146.5809937	YPAM
medium_airport	Paraburdoo Airport	-23.17110062	117.7450027	YPBO
medium_airport	Cocos (Keeling) Islands Airport	-12.19134	96.833696	YPCC
small_airport	Pandie Pandie Airport	-26.122248	139.403501	YPDI
large_airport	Darwin International Airport / RAAF Darwin	-12.41497	130.88185	YPDN
small_airport	Pardoo Airport	-20.119428	119.571945	YPDO
medium_airport	Gove Airport	-12.26939964	136.8179932	YPGV
medium_airport	Port Pirie Airport	-33.238899	137.994995	YPIR
medium_airport	Perth Jandakot Airport	-32.09749985	115.8809967	YPJT
medium_airport	Karratha Airport	-20.71220016	116.7730026	YPKA
medium_airport	Kalgoorlie Boulder Airport	-30.791543	121.464586	YPKG
medium_airport	Parkes Airport	-33.13140106	148.2389984	YPKS
medium_airport	East Kimberley Regional (Kununurra) Airport	-15.7781	128.707993	YPKU
medium_airport	Port Lincoln Airport	-34.6053009	135.8800049	YPLC
medium_airport	Learmonth Airport	-22.235201	114.090024	YPLM
small_airport	Prominent Hill Airport	-29.716	135.5244	YPMH
small_airport	Pormpuraaw Airport	-14.896451	141.60908	YPMP
medium_airport	Port Macquarie Airport	-31.43580055	152.8630066	YPMQ
medium_airport	Portland Airport	-38.31809998	141.470993	YPOD
small_airport	Porepunkah Airport	-36.717731	146.890039	YPOK
medium_airport	Port Hedland International Airport	-20.37779999	118.6259995	YPPD
large_airport	Perth International Airport	-31.94029999	115.9670029	YPPH
small_airport	Penneshaw Airport	-35.75584629	137.9628754	YPSH
medium_airport	Tindal Airport	-14.52110004	132.378006	YPTN
small_airport	Woomera Airfield	-31.144199	136.817001	YPWR
medium_airport	Christmas Island Airport	-10.449382	105.690931	YPXM
small_airport	Quirindi Airport	-31.498177	150.521708	YQDI
medium_airport	Quilpie Airport	-26.61219978	144.253006	YQLP
small_airport	Queenstown Airport	-42.075001	145.531998	YQNS
medium_airport	Renmark Airport	-34.1964	140.673996	YREN
small_airport	Richmond Airport	-20.70190048	143.1150055	YRMD
small_airport	Ramingining Airport	-12.35639954	134.897995	YRNG
small_airport	Robinhood Airport	-18.84499931	143.7100067	YROB
small_airport	Roebourne Airport	-20.763898	117.155199	YROE
small_airport	Robinvale Airport	-34.642887	142.773042	YROI
medium_airport	Roma Airport	-26.54500008	148.7749939	YROM
small_airport	Roper Bar Airport	-14.734814	134.525485	YRRB
small_airport	Roseberth Airport	-25.825737	139.627476	YRSB
small_airport	Rottnest Island Airport	-32.006699	115.540001	YRTI
small_airport	Rutland Plains Airport	-15.644963	141.844373	YRTP
small_airport	Roy Hill Station Airport	-22.62581589	119.9590302	YRYH
small_airport	Sandstone Airport	-27.97999954	119.2969971	YSAN
medium_airport	Sydney Bankstown Airport	-33.923618	150.990792	YSBK
medium_airport	Canberra Airport	-35.3069	149.195007	YSCB
medium_airport	Camden Airport	-34.038338	150.686406	YSCN
small_airport	Scone Airport	-32.038012	150.831966	YSCO
small_airport	Southern Cross Airport	-31.24	119.360001	YSCR
medium_airport	Dubbo City Regional Airport	-32.21670151	148.5749969	YSDU
small_airport	Serpentine Airport	-32.394966	115.870987	YSEN
small_airport	St George Airport	-28.04969978	148.5950012	YSGE
small_airport	Singleton Airport	-32.600832	151.193056	YSGT
small_airport	South Galway Airport	-25.67464	142.089171	YSGW
small_airport	Shay Gap Airport	-20.4247	120.140999	YSHG
medium_airport	Shark Bay Airport	-25.897294	113.575802	YSHK
small_airport	Shute Harbour/Whitsunday Airport	-20.276127	148.754979	YSHR
medium_airport	Shepparton Airport	-36.428341	145.391473	YSHT
small_airport	Saibai Island Airport	-9.37833	142.625	YSII
small_airport	Somersby Airstrip	-33.367681	151.299806	YSMB
medium_airport	Smithton Airport	-40.83499908	145.0839996	YSMI
small_airport	Smith Point Airport	-11.133566	132.15957	YSMP
small_airport	Strathmore Airport	-17.862709	142.557788	YSMR
medium_airport	Norfolk Island International Airport	-29.041887	167.939616	YSNF
medium_airport	Naval Air Station Nowra - HMAS Albatross	-34.9466	150.542451	YSNW
small_airport	Solomon Airport	-22.25677	117.850454	YSOL
small_airport	Stanthorpe Airport	-28.620113	151.983281	YSPE
small_airport	Spring Creek Airport	-18.637704	144.545672	YSPK
small_airport	Southport Airport	-27.921848	153.371469	YSPT
small_airport	Springvale Airport	-23.549999	140.699997	YSPV
medium_airport	RAAF Base Richmond	-33.604652	150.783051	YSRI
small_airport	Strahan Airport	-42.154999	145.292007	YSRN
large_airport	Sydney Kingsford Smith International Airport	-33.946098	151.177002	YSSY
small_airport	St Helens Airport	-41.33670044	148.2819977	YSTH
seaplane_base	Stephens Island Seaplane Base	-9.51	143.55	YSTI
medium_airport	Tamworth Airport	-31.077898	150.845484	YSTW
medium_airport	Wagga Wagga Airport	-35.163484	147.46832	YSWG
medium_airport	Swan Hill Airport	-35.37580109	143.5330048	YSWH
medium_airport	Stawell Airport	-37.07170105	142.7409973	YSWL
small_airport	Tara Airport	-27.163054	150.476423	YTAA
small_airport	Tableland Homestead Airport	-17.2833004	126.9000015	YTAB
small_airport	Taroom Airport	-25.801701	149.899994	YTAM
small_airport	Timber Creek Airport	-15.62	130.445007	YTBR
small_airport	Theodore Airport	-24.986796	150.093076	YTDR
small_airport	Trepell Airport	-21.83499908	140.8880005	YTEE
medium_airport	Telfer Airport	-21.715	122.228996	YTEF
medium_airport	Temora Airport	-34.421398	147.511993	YTEM
small_airport	Tangalooma Airport	-27.137693	153.364141	YTGA
medium_airport	Thargomindah Airport	-27.986368	143.812065	YTGM
small_airport	The Granites Airport	-20.5483	130.347	YTGT
small_airport	Theda Station Airport	-14.790567	126.498041	YTHD
small_airport	Thylungra Airport	-26.093047	143.45136	YTHY
medium_airport	Tibooburra Airport	-29.451099	142.057999	YTIB
small_airport	Turkey Creek Airport	-17.04080009	128.2059937	YTKY
small_airport	The Monument Airport	-21.81110001	139.923996	YTMO
small_airport	Tom Price Airport	-22.74600029	117.8690033	YTMP
medium_airport	Tumut Aerodrome	-35.26832	148.240526	YTMU
small_airport	Tobermorey Airport	-22.25580025	137.9530029	YTMY
medium_airport	Thangool Airport	-24.494863	150.577967	YTNG
medium_airport	Tennant Creek Airport	-19.63439941	134.1829987	YTNK
small_airport	Tocumwal Airport	-35.81169891	145.6080017	YTOC
medium_airport	Taree Airport	-31.888599	152.514008	YTRE
small_airport	Truscott-Mungalalu Airport	-14.08969975	126.3809967	YTST
small_airport	Toowoomba Airport	-27.543365	151.919112	YTWB
small_airport	Undara Airport	-18.19134	144.61224	YUDA
small_airport	Cluny Airport	-24.51670074	139.6170044	YUNY
small_airport	Useless Loop Airport	-26.157923	113.394817	YUSL
small_airport	Victoria River Downs Airport	-16.402124	131.004974	YVRD
small_airport	Vanrook Station Airport	-16.9633007	141.9499969	YVRS
small_airport	Wallal Downs Airport	-19.7736	120.649002	YWAL
small_airport	Wave Hill Airport	-17.3932991	131.1179962	YWAV
small_airport	Warrnambool Airport	-38.29529953	142.4470062	YWBL
small_airport	Warraber Island Airport	-10.20829964	142.8249969	YWBS
small_airport	Wilcannia Airport	-31.522082	143.378358	YWCA
small_airport	Walcha Airport	-31.009492	151.547442	YWCH
small_airport	Warwick Airport	-28.149401	151.942993	YWCK
small_airport	Windarling Airport	-30.032277	119.386489	YWDG
medium_airport	Windorah Airport	-25.410641	142.668428	YWDH
small_airport	Wondoola Airport	-18.57500076	140.8919983	YWDL
medium_airport	Wangaratta Airport	-36.417914	146.306896	YWGT
medium_airport	Whyalla Airport	-33.05889893	137.5140076	YWHA
small_airport	Wittenoom Airport	-22.224992	118.353739	YWIT
medium_airport	Warracknabeal Airport	-36.32109833	142.4190063	YWKB
medium_airport	Walgett Airport	-30.032801	148.126007	YWLG
medium_airport	Newcastle Airport	-32.79499817	151.8339996	YWLM
medium_airport	Wiluna Airport	-26.62919998	120.2210007	YWLU
small_airport	Wrotham Park Airport	-16.658915	143.999263	YWMP
small_airport	Wondai Airport	-26.277392	151.861673	YWND
small_airport	Wollogorang Airport	-17.2199	137.93453	YWOR
medium_airport	West Sale Airport	-38.090827	146.965335	YWSL
small_airport	Waterloo Airport	-16.62999916	129.3200073	YWTL
medium_airport	Winton Airport	-22.36359978	143.0859985	YWTN
small_airport	Wentworth Airport	-34.086196	141.891114	YWTO
small_airport	Wudinna Airport	-33.043301	135.447006	YWUD
small_airport	Wee Waa Airport	-30.25830078	149.4080048	YWWA
small_airport	Warrawagine Airport	-20.84420013	120.7020035	YWWG
small_airport	Woodie Woodie Airport	-21.64551	121.191184	YWWI
medium_airport	West Wyalong Airport	-33.93719864	147.1909943	YWWL
small_airport	Wyndham Airport	-15.5114	128.153	YWYM
medium_airport	Wynyard Airport	-40.997039	145.726	YWYY
small_airport	Yalgoo Airport	-28.3553009	116.6839981	YYAL
small_airport	Yorke Island Airport	-9.752801	143.405673	YYKI
small_airport	Yeelirrie Airport	-27.27706004	120.0956726	YYLR
small_airport	Yam Island Airport	-9.899187	142.774265	YYMI
small_airport	Yuendumu Airport	-22.2542	131.781998	YYND
medium_airport	Young Airport	-34.2556	148.248001	YYNG
small_airport	Yorketown Airport	-35.003564	137.619295	YYOR
small_airport	Yalata Mission Airport	-31.4706	131.824997	YYTA
large_airport	Beijing Capital International Airport	40.08010101	116.5849991	ZBAA
large_airport	Beijing Daxing International Airport	39.509945	116.41092	ZBAD
medium_airport	Beijing Xijiao Airport	39.958592	116.256765	ZBBB
medium_airport	Chengde Puning Airport	41.1225	118.073889	ZBCD
medium_airport	Chifeng Yulong Airport	42.159723	118.840971	ZBCF
small_airport	Changzhi Wangcun Airport	36.247501	113.125999	ZBCZ
medium_airport	Qinhuangdao Beidaihe Airport	39.666384	119.061384	ZBDH
medium_airport	Ordos Ejin Horo Airport	39.493514	109.8599	ZBDS
small_airport	Datong Yungang Airport	40.061614	113.480032	ZBDT
medium_airport	Erenhot Saiwusu International Airport	43.4225	112.096667	ZBER
medium_airport	Arxan Yi'ershi Airport	47.3106	119.9117	ZBES
medium_airport	Handan Airport	36.525833	114.425556	ZBHD
large_airport	Hohhot Baita International Airport	40.849658	111.824598	ZBHH
medium_airport	Holingol Huolinhe Airport	45.487222	119.407222	ZBHZ
medium_airport	Hulunbuir Hailar Airport	49.205002	119.824997	ZBLA
medium_airport	Linfen Yaodu Airport	36.132629	111.641236	ZBLF
medium_airport	Lüliang Dawu Airport	37.683333	111.142778	ZBLL
medium_airport	Manzhouli Xijiao Airport	49.566667	117.33	ZBMZ
medium_airport	Baotou Donghe Airport	40.560001	109.997002	ZBOW
small_airport	Shuozhou Zirun Airport	39.273241	112.691552	ZBSG
medium_airport	Shijiazhuang Zhengding International Airport	38.280701	114.696999	ZBSJ
large_airport	Tianjin Binhai International Airport	39.12440109	117.3460007	ZBTJ
medium_airport	Tongliao Airport	43.556702	122.199997	ZBTL
small_airport	Wuhai Airport	39.7934	106.7993	ZBUH
small_airport	Ulanhot Yilelite Airport	46.195333	122.008333	ZBUL
medium_airport	Xilinhot Airport	43.91559982	115.9639969	ZBXH
small_airport	Xingtai Dalian Airport	36.8831	114.4293	ZBXT
small_airport	Xinzhou Wutaishan Airport	38.597456	112.969173	ZBXZ
medium_airport	Yuncheng Zhangxiao Airport	35.116391	111.031389	ZBYC
large_airport	Taiyuan Wusu International Airport	37.746899	112.627998	ZBYN
medium_airport	Bayannur Tianjitai Airport	40.926	107.7428	ZBYZ
medium_airport	Zhangjiakou Ningyuan Airport	40.738602	114.930278	ZBZJ
medium_airport	Beihai Fucheng Airport	21.5394	109.293999	ZGBH
medium_airport	Baise (Bose) Bama Airport	23.7206	106.959999	ZGBS
medium_airport	Changde Taohuayuan Airport	28.9189	111.639999	ZGCD
medium_airport	Huaihua Zhijiang Airport	27.443087	109.704666	ZGCJ
medium_airport	Chenzhou Beihu Airport	25.753419	112.845404	ZGCZ
small_airport	Zhangjiajie Hehua International Airport	29.1028	110.443001	ZGDY
medium_airport	Foshan Shadi Airport	23.0825	113.070833	ZGFS
large_airport	Guangzhou Baiyun International Airport	23.392401	113.299004	ZGGG
large_airport	Changsha Huanghua International Airport	28.189199	113.220001	ZGHA
medium_airport	Hechi Jinchengjiang Airport	24.804344	107.710819	ZGHC
small_airport	Hengyang Nanyue Airport	26.72208	112.617958	ZGHY
medium_airport	Huizhou Pingtan Airport	23.049999	114.599998	ZGHZ
large_airport	Guilin Liangjiang International Airport	25.219828	110.039553	ZGKL
medium_airport	Yongzhou Lingling Airport	26.338661	111.610043	ZGLG
small_airport	Meizhou Meixian Changgangji International Airport	24.263425	116.097857	ZGMX
large_airport	Nanning Wuxu Airport	22.608544	108.175335	ZGNN
medium_airport	Jieyang Chaoshan International Airport	23.552	116.5033	ZGOW
medium_airport	Zhuhai Jinwan Airport	22.006399	113.375999	ZGSD
medium_airport	Shaoyang Wugang Airport	26.806123	110.641042	ZGSY
large_airport	Shenzhen Bao'an International Airport	22.639299	113.810997	ZGSZ
medium_airport	Wuzhou Xijiang Airport	23.40316	111.09331	ZGWZ
small_airport	Xingning Air Base	24.1492	115.758003	ZGXN
medium_airport	Yueyang Sanhe Airport	29.311699	113.281574	ZGYY
medium_airport	Liuzhou Bailian Airport / Bailian Air Base	24.2075	109.390999	ZGZH
medium_airport	Zhanjiang Wuchuan Airport	21.481667	110.590278	ZGZJ
small_airport	Anyang Yindu Airport	36.1339	114.344002	ZHAY
large_airport	Zhengzhou Xinzheng International Airport	34.526497	113.849165	ZHCC
large_airport	Ezhou Huahu Airport	30.341178	115.03926	ZHEC
medium_airport	Enshi Xujiaping Airport	30.320299	109.485001	ZHES
medium_airport	Guangzhou MR Air Base / Guanghua Airport	32.38866	111.69425	ZHGH
large_airport	Wuhan Tianhe International Airport	30.774798	114.213723	ZHHH
medium_airport	Luoyang Beijiao Airport	34.7411	112.388	ZHLY
small_airport	Nanyang Jiangying Airport	32.982696	112.617467	ZHNY
medium_airport	Shennongjia Hongping Airport	31.626	110.34	ZHSN
medium_airport	Shiyan Wudangshan Airport	32.592889	110.906296	ZHSY
medium_airport	Xiangyang Liuji Airport	32.152222	112.291666	ZHXF
medium_airport	Xinyang Minggang Airport	32.540819	114.079141	ZHXY
medium_airport	Yichang Sanxia Airport	30.554132	111.482563	ZHYC
large_airport	Haikou Meilan International Airport	19.9349	110.459	ZJHK
large_airport	Sanya Phoenix International Airport	18.3029	109.412003	ZJSY
medium_airport	Orang (Chongjin) Airport	41.428538	129.647555	ZKHM
large_airport	Pyongyang Sunan International Airport	39.224098	125.669998	ZKPY
medium_airport	Sondok Airport	39.745201	127.473999	ZKSD
small_airport	Samjiyŏn Airport	41.907132	128.409834	ZKSE
small_airport	Uiju Airport	40.150013	124.501104	ZKUJ
medium_airport	Wonsan Kalma International Airport	39.166801	127.486	ZKWS
small_airport	Ankang Fuqiang Airport	32.75696	108.87338	ZLAK
medium_airport	Dunhuang Mogao International Airport	40.161098	94.809196	ZLDH
small_airport	Delingha Airport	37.125286	97.268658	ZLDL
medium_airport	Golog Maqên Airport	34.418066	100.301144	ZLGL
medium_airport	Golmud Airport	36.4006	94.786102	ZLGM
medium_airport	Guyuan Liupanshan Airport	36.078889	106.216944	ZLGY
small_airport	Haibei Qilian Airport	38.008068	100.645065	ZLHB
small_airport	Hanzhong Chenggu Airport	33.133527	107.203817	ZLHZ
medium_airport	Yinchuan Hedong International Airport	38.322758	106.393214	ZLIC
small_airport	Jinchang Jinchuan Airport	38.542222	102.348333	ZLJC
small_airport	Jiayuguan Airport	39.856899	98.3414	ZLJQ
large_airport	Lanzhou Zhongchuan International Airport	36.515202	103.620003	ZLLL
medium_airport	Longnan Chengzhou Airport	33.789918	105.790014	ZLLN
medium_airport	Qingyang Xifeng Airport	35.802638	107.598896	ZLQY
medium_airport	Xi'an Xiguan Airport	34.376701	109.120003	ZLSN
medium_airport	Tianshui Maijishan Airport	34.5601	105.860343	ZLTS
medium_airport	Gannan Xiahe Airport	34.819014	102.622261	ZLXH
medium_airport	Xining Caojiabao International Airport	36.530093	102.040062	ZLXN
large_airport	Xi'an Xianyang International Airport	34.447102	108.751999	ZLXY
medium_airport	Yan'an Nanniwan Airport	36.479413	109.464083	ZLYA
small_airport	Yulin Yuyang Airport	38.35971	109.590927	ZLYL
medium_airport	Yushu Batang Airport	32.836389	97.036389	ZLYS
medium_airport	Zhongwei Shapotou Airport	37.573125	105.154454	ZLZW
small_airport	Zhangye Ganzhou Airport	38.801899	100.675003	ZLZY
medium_airport	Arvaikheer Airport	46.25030136	102.802002	ZMAH
medium_airport	Altai Airport	46.37639999	96.22109985	ZMAT
medium_airport	Bayankhongor Airport	46.16329956	100.7040024	ZMBH
medium_airport	Bulgan Airport	48.85499954	103.4759979	ZMBN
small_airport	Bulagtai Resort Airport	43.749304	104.114985	ZMBR
small_airport	Bulgan Sum Airport	46.100601	91.584198	ZMBS
medium_airport	Baruun Urt Airport	46.66030121	113.2850037	ZMBU
medium_airport	Choibalsan Airport	48.13570023	114.6460037	ZMCD
large_airport	Ulaanbaatar Chinggis Khaan International Airport	47.646916	106.819833	ZMCK
small_airport	Donoi Airport	47.7093	96.5258	ZMDN
medium_airport	Dalanzadgad Airport	43.608628	104.367734	ZMDZ
small_airport	Khatgal Airport	50.435988	100.139532	ZMHG
small_airport	Kharkhorin Airport	47.246667	102.826111	ZMHH
small_airport	Khujirt Airport	46.92580032	102.7730026	ZMHU
medium_airport	Khovd Airport	47.95410156	91.62819672	ZMKD
small_airport	Mandalgobi Airport	45.73809814	106.2689972	ZMMG
medium_airport	Mörön Airport	49.66329956	100.098999	ZMMN
small_airport	Tsetserleg Airport	47.461476	101.483804	ZMTG
small_airport	Tosontsengel Airport	48.73887	98.2941	ZMTL
medium_airport	Buyant-Ukhaa International Airport	47.843102	106.766998	ZMUB
small_airport	Ulaangom Airport	50.066588	91.938273	ZMUG
small_airport	Öndörkhaan Airport	47.30486	110.6092	ZMUH
small_airport	Ölgii Mongolei Airport	48.993301	89.922501	ZMUL
medium_airport	Baoshan Yunrui Airport	25.053301	99.168297	ZPBS
medium_airport	Cangyuan Washan Airport	23.276331	99.373169	ZPCW
medium_airport	Dali Fengyi Airport	25.649401	100.319	ZPDL
medium_airport	Diqing Shangri-La Airport	27.7936	99.6772	ZPDQ
medium_airport	Xishuangbanna Gasa International Airport	21.974648	100.762224	ZPJH
medium_airport	Lancang Jingmai Airport	22.417733	99.784012	ZPJM
medium_airport	Lincang Boshang Airport	23.7381	100.025002	ZPLC
medium_airport	Lijiang Sanyi International Airport	26.68	100.246002	ZPLJ
medium_airport	Dehong Mangshi Airport	24.4011	98.5317	ZPMS
large_airport	Kunming Changshui International Airport	25.110313	102.936743	ZPPP
small_airport	Pu'er Simao Airport	22.793301	100.959	ZPSM
small_airport	Wenshan Puzhehei Airport	23.5583	104.3255	ZPWS
medium_airport	Yuanmou Air Base	25.737499	101.882004	ZPYM
small_airport	Zhaotong Airport	27.327549	103.75617	ZPZT
large_airport	Xiamen Gaoqi International Airport	24.54400063	118.1279984	ZSAM
medium_airport	Anqing Tianzhushan Airport / Anqing North Air Base	30.582199	117.050003	ZSAQ
medium_airport	Bengbu Tenghu Airport	32.847733	117.320244	ZSBB
medium_airport	Changzhou Benniu International Airport	31.920485	119.77546	ZSCG
large_airport	Nanchang Changbei International Airport	28.864815	115.90271	ZSCN
small_airport	Zhenjiang Dalu Airport	32.23649	119.718683	ZSDL
medium_airport	Dongying Shengli Airport	37.50137	118.789863	ZSDY
medium_airport	Fuyang Xiguan Airport	32.882157	115.734364	ZSFY
large_airport	Fuzhou Changle International Airport	25.934669	119.66318	ZSFZ
small_airport	Ganzhou Huangjin Airport	25.853333	114.778889	ZSGZ
large_airport	Hangzhou Xiaoshan International Airport	30.23609	120.428865	ZSHC
medium_airport	Heze Mudan Airport	35.212972	115.736748	ZSHZ
medium_airport	Jingdezhen Luojia Airport	29.3386	117.176003	ZSJD
small_airport	Jiujiang Lushan Airport	29.476944	115.801111	ZSJJ
large_airport	Jinan Yaoqiang International Airport	36.857201	117.216003	ZSJN
medium_airport	Quzhou Airport	28.96613	118.898793	ZSJU
medium_airport	Lianyungang Huaguoshan International Airport	34.41406	119.17899	ZSLG
medium_airport	Liancheng Guanzhishan Airport	25.67592	116.745907	ZSLO
medium_airport	Taizhou Luqiao Airport	28.562201	121.429001	ZSLQ
medium_airport	Linyi Qiyang Airport	35.052918	118.411828	ZSLY
large_airport	Ningbo Lishe International Airport	29.82670021	121.461998	ZSNB
large_airport	Nanjing Lukou International Airport	31.735032	118.865949	ZSNJ
medium_airport	Nantong Xingdong International Airport	32.073566	120.980076	ZSNT
medium_airport	Hefei Xinqiao International Airport	31.98779	116.9769	ZSOF
large_airport	Shanghai Pudong International Airport	31.1434	121.805	ZSPD
large_airport	Qingdao Jiaodong International Airport	36.361953	120.088171	ZSQD
medium_airport	Quanzhou Jinjiang International Airport	24.796587	118.588883	ZSQZ
medium_airport	Rugao Air Base	32.258341	120.501131	ZSRG
medium_airport	Huai'an Lianshui International Airport	33.790833	119.125	ZSSH
medium_airport	Sanming Shaxian Airport	26.4263	117.8336	ZSSM
medium_airport	Shangrao Sanqingshan Airport	28.3797	117.9643	ZSSR
large_airport	Shanghai Hongqiao International Airport	31.198104	121.33426	ZSSS
medium_airport	Suzhou Guangfu Airport	31.2631	120.401001	ZSSZ
medium_airport	Tunxi International Airport	29.73329926	118.2559967	ZSTX
medium_airport	Wuhu Xuanzhou Airport	31.1045	118.66687	ZSWA
medium_airport	Weifang Nanyuan Airport	36.646702	119.119003	ZSWF
medium_airport	Weihai Dashuibo Airport	37.187099	122.228996	ZSWH
medium_airport	Sunan Shuofang International Airport	31.49440002	120.4290009	ZSWX
medium_airport	Nanping Wuyishan Airport	27.7019	118.000999	ZSWY
large_airport	Wenzhou Longwan International Airport	27.910572	120.853465	ZSWZ
medium_airport	Xuzhou Guanyin International Airport	34.059056	117.555278	ZSXZ
medium_airport	Yangzhou Taizhou Airport	32.5634	119.7198	ZSYA
medium_airport	Yichun Mingyueshan Airport	27.8025	114.3062	ZSYC
medium_airport	Yancheng Nanyang International Airport	33.425833	120.203056	ZSYN
large_airport	Yantai Penglai International Airport	37.659724	120.978124	ZSYT
medium_airport	Yiwu Airport	29.342095	120.03116	ZSYW
medium_airport	Zhoushan Putuoshan Airport	29.9342	122.362	ZSZS
medium_airport	Ngari Gunsa Airport	32.09794	80.053971	ZUAL
medium_airport	Anshun Huangguoshu Airport	26.260556	105.873333	ZUAS
medium_airport	Qamdo Bangda Airport	30.55360031	97.10829926	ZUBD
medium_airport	Bijie Feixiong Airport	27.267066	105.472097	ZUBJ
large_airport	Chongqing Jiangbei International Airport	29.712254	106.651895	ZUCK
medium_airport	Dazhou Jinya Airport	31.048815	107.435646	ZUDA
medium_airport	Daocheng Yading Airport	29.31632	100.060317	ZUDC
small_airport	Dachuan Airport	31.1302	107.4295	ZUDX
small_airport	Dazu Air Base	29.636227	105.773621	ZUDZ
small_airport	Guanghan Airport	30.9485	104.3296	ZUGH
medium_airport	Guangyuan Panlong Airport	32.390254	105.694571	ZUGU
large_airport	Guiyang Longdongbao International Airport	26.541466	106.803331	ZUGY
small_airport	Garze Gesar Airport	31.7575	99.554167	ZUGZ
medium_airport	Hongyuan Airport	32.53154	102.35224	ZUHY
medium_airport	Jiuzhai Huanglong Airport	32.853333	103.682222	ZUJZ
medium_airport	Kangding Airport	30.142464	101.73872	ZUKD
small_airport	Libo Airport	25.4525	107.961667	ZULB
small_airport	Liangping Airport	30.679399	107.786003	ZULP
medium_airport	Lhasa Gonggar Airport	29.298001	90.911951	ZULS
medium_airport	Luzhou Yunlong Airport	29.030357	105.468407	ZULZ
medium_airport	Zunyi Maotai Airport	27.961837	106.435416	ZUMT
medium_airport	Mianyang Nanjiao Airport	31.428101	104.740997	ZUMY
small_airport	Nanchong Gaoping Airport	30.798104	106.16415	ZUNC
medium_airport	Liping Airport	26.32217	109.1499	ZUNP
medium_airport	Nyingchi Mainling Airport	29.303301	94.335297	ZUNZ
medium_airport	Liupanshui Yuezhao Airport	26.609417	104.979	ZUPS
medium_airport	Qianjiang Wulingshan Airport	29.51333333	108.8311111	ZUQJ
medium_airport	Xigaze Peace Airport / Shigatse Air Base	29.3519	89.311401	ZURK
large_airport	Chengdu Tianfu International Airport	30.31252	104.441284	ZUTF
medium_airport	Tongren Fenghuang Airport	27.883333	109.308889	ZUTR
large_airport	Chengdu Shuangliu International Airport	30.558257	103.945966	ZUUU
medium_airport	Chongqing Xiannüshan Airport	29.465658	107.693664	ZUWL
small_airport	Chongqing Wushan Airport	31.06896	109.708958	ZUWS
small_airport	Wanzhou Wuqiao Airport	30.8017	108.433	ZUWX
medium_airport	Xichang Qingshan Airport	27.9891	102.183998	ZUXC
medium_airport	Yibin Wuliangye Airport	28.858431	104.526157	ZUYB
medium_airport	Xingyi Wanfenglin Airport	25.083423	104.960804	ZUYI
medium_airport	Panzhihua Bao'anying Airport	26.54	101.79852	ZUZH
medium_airport	Zunyi Xinzhou Airport	27.810723	107.247189	ZUZY
medium_airport	Aksu Hongqipo Airport	41.262501	80.291702	ZWAK
medium_airport	Altay Xuedu Airport	47.749886	88.085808	ZWAT
medium_airport	Bole Alashankou Airport	44.895461	82.30007	ZWBL
medium_airport	Qiemo Yudu Airport	38.234516	85.465462	ZWCM
medium_airport	Fuyun Koktokay Airport	46.804169	89.512006	ZWFY
medium_airport	Hami Airport	42.8414	93.669197	ZWHM
small_airport	Shihezi Huayuan Airport	44.2421	85.8905	ZWHZ
small_airport	Kuqa Qiuci Airport	41.677856	82.872917	ZWKC
medium_airport	Korla Licheng Airport	41.614979	86.140817	ZWKL
small_airport	Karamay Airport	45.46655	84.9527	ZWKM
medium_airport	Burqin Kanas Airport	48.2223	86.9959	ZWKN
medium_airport	Xinyuan Nalati Airport	43.4318	83.3786	ZWNL
medium_airport	Ruoqiang Loulan Airport	38.974722	88.008333	ZWRQ
medium_airport	Kashgar Laining International Airport	39.5429	76.019997	ZWSH
medium_airport	Shanshan Airport	42.911701	90.247498	ZWSS
small_airport	Tacheng Qianquan Airport	46.672501	83.340797	ZWTC
medium_airport	Turpan Jiaohe Airport	43.0308	89.0987	ZWTL
medium_airport	Hotan Airport	37.03850174	79.86489868	ZWTN
large_airport	Ürümqi Tianshan International Airport	43.907101	87.474197	ZWWW
small_airport	Yining Airport	43.955799	81.330299	ZWYN
small_airport	Yutian Wanfang Airport	36.8085	81.7827	ZWYT
medium_airport	Anshan Teng'ao Airport / Anshan Air Base	41.105301	122.853996	ZYAS
medium_airport	Baicheng Chang'an Airport	45.505278	123.019722	ZYBA
medium_airport	Changbaishan Airport	42.066944	127.602222	ZYBS
large_airport	Changchun Longjia International Airport	43.996201	125.684998	ZYCC
medium_airport	Changhai Airport	39.266667	122.666944	ZYCH
medium_airport	Chaoyang Airport	41.538101	120.434998	ZYCY
medium_airport	Dandong Langtou Airport	40.025453	124.28669	ZYDD
small_airport	Daqing Sartu Airport	46.750883	125.138642	ZYDQ
medium_airport	Fuyuan Dongji Airport	48.197219	134.36298	ZYFY
large_airport	Harbin Taiping International Airport	45.623402	126.25	ZYHB
medium_airport	Heihe Aihui Airport	50.171621	127.308884	ZYHE
medium_airport	Daxing'anling Elunchun Airport	50.371389	124.1175	ZYJD
small_airport	Jilin Ertaizi Airport	44.002652	126.395244	ZYJL
medium_airport	Jiamusi Dongjiao Airport	46.843399	130.464996	ZYJM
medium_airport	Jiansanjiang Shidi Airport	47.108248	132.65792	ZYJS
medium_airport	Jixi Xingkaihu Airport	45.293	131.193	ZYJX
medium_airport	Jinzhou Bay Airport	40.936032	121.277114	ZYJZ
medium_airport	Yichun Lindu Airport	47.752056	129.019125	ZYLD
medium_airport	Mudanjiang Hailang International Airport	44.52410126	129.5690002	ZYMD
medium_airport	Mohe Gulian Airport	52.916871	122.422759	ZYMH
medium_airport	Qiqihar Sanjiazi Airport	47.23960114	123.9179993	ZYQQ
medium_airport	Songyuan Chaganhu Airport	44.938114	124.550178	ZYSQ
large_airport	Dalian Zhoushuizi International Airport	38.965719	121.538477	ZYTL
medium_airport	Tonghua Sanyuanpu Airport	42.048435	125.733963	ZYTN
large_airport	Shenyang Taoxian International Airport	41.639801	123.483002	ZYTX
medium_airport	Xingcheng Air Base	40.580328	120.700374	ZYXC
medium_airport	Yanji Chaoyangchuan Airport	42.88280106	129.451004	ZYYJ
medium_airport	Yingkou Lanqi Airport	40.542524	122.3586	ZYYK
